date,method,confidence,train_start,train_end,loss,var,es,breach
2020-01-07,Historical,0.95,2019-01-03,2020-01-06,0.00012246886760655,0.0049751752684141495,0.0068065938714758495,False
2020-01-07,Gaussian,0.95,2019-01-03,2020-01-06,0.00012246886760655,0.005052801094020545,0.006508719492873682,False
2020-01-08,Historical,0.95,2019-01-04,2020-01-07,0.001201342471587975,0.0049751752684141495,0.0068065938714758495,False
2020-01-08,Gaussian,0.95,2019-01-04,2020-01-07,0.001201342471587975,0.005023568886871475,0.006475468996635445,False
2020-01-09,Historical,0.95,2019-01-07,2020-01-08,-0.001196899146558775,0.0049751752684141495,0.0068065938714758495,False
2020-01-09,Gaussian,0.95,2019-01-07,2020-01-08,-0.001196899146558775,0.004989100229375177,0.006420913863306648,False
2020-01-10,Historical,0.95,2019-01-08,2020-01-09,-0.00099765816711295,0.0049751752684141495,0.0068065938714758495,False
2020-01-10,Gaussian,0.95,2019-01-08,2020-01-09,-0.00099765816711295,0.004988329066252229,0.00642019359902568,False
2020-01-13,Historical,0.95,2019-01-09,2020-01-10,-0.0005755776857910753,0.0049751752684141495,0.0068065938714758495,False
2020-01-13,Gaussian,0.95,2019-01-09,2020-01-10,-0.0005755776857910753,0.004991115350243795,0.0064216699089631474,False
2020-01-14,Historical,0.95,2019-01-10,2020-01-13,-5.0868029417675085e-05,0.0049751752684141495,0.0068065938714758495,False
2020-01-14,Gaussian,0.95,2019-01-10,2020-01-13,-5.0868029417675085e-05,0.004992662038332185,0.006419710089462415,False
2020-01-15,Historical,0.95,2019-01-11,2020-01-14,-0.00322395636211415,0.0049751752684141495,0.0068065938714758495,False
2020-01-15,Gaussian,0.95,2019-01-11,2020-01-14,-0.00322395636211415,0.004996131616850301,0.006423247294674438,False
2020-01-16,Historical,0.95,2019-01-14,2020-01-15,-0.00010468694435725005,0.0049751752684141495,0.0068065938714758495,False
2020-01-16,Gaussian,0.95,2019-01-14,2020-01-15,-0.00010468694435725005,0.0049906234448838845,0.006419359853379886,False
2020-01-17,Historical,0.95,2019-01-15,2020-01-16,-0.003353753877959375,0.0049751752684141495,0.0068065938714758495,False
2020-01-17,Gaussian,0.95,2019-01-15,2020-01-16,-0.003353753877959375,0.004964025073104772,0.006389308545702213,False
2020-01-21,Historical,0.95,2019-01-16,2020-01-17,0.00148337313267245,0.0049751752684141495,0.0068065938714758495,False
2020-01-21,Gaussian,0.95,2019-01-16,2020-01-17,0.00148337313267245,0.004963868927028151,0.006388995674539866,False
2020-01-22,Historical,0.95,2019-01-17,2020-01-21,0.0010723439811791751,0.0049751752684141495,0.0068065938714758495,False
2020-01-22,Gaussian,0.95,2019-01-17,2020-01-21,0.0010723439811791751,0.00497398820135396,0.0064001375044116324,False
2020-01-23,Historical,0.95,2019-01-18,2020-01-22,0.0006460480990589251,0.0049751752684141495,0.0068065938714758495,False
2020-01-23,Gaussian,0.95,2019-01-18,2020-01-22,0.0006460480990589251,0.004981231914670815,0.006408029084429741,False
2020-01-24,Historical,0.95,2019-01-22,2020-01-23,-0.0027007763546049507,0.0049751752684141495,0.0068065938714758495,False
2020-01-24,Gaussian,0.95,2019-01-22,2020-01-23,-0.0027007763546049507,0.004986134492843284,0.00640828896697552,False
2020-01-27,Historical,0.95,2019-01-23,2020-01-24,0.006267484618150801,0.0049751752684141495,0.0068065938714758495,True
2020-01-27,Gaussian,0.95,2019-01-23,2020-01-24,0.006267484618150801,0.004940332241633583,0.0063578441733304165,True
2020-01-28,Historical,0.95,2019-01-24,2020-01-27,-0.00175624330279525,0.0051162521129559406,0.0068993461474281224,False
2020-01-28,Gaussian,0.95,2019-01-24,2020-01-27,-0.00175624330279525,0.004996505619491312,0.006423990703339055,False
2020-01-29,Historical,0.95,2019-01-25,2020-01-28,-0.0024311823988835,0.0051162521129559406,0.0068993461474281224,False
2020-01-29,Gaussian,0.95,2019-01-25,2020-01-28,-0.0024311823988835,0.004989664408516994,0.006417324049846238,False
2020-01-30,Historical,0.95,2019-01-28,2020-01-29,0.0023510028319482313,0.0051162521129559406,0.0068993461474281224,False
2020-01-30,Gaussian,0.95,2019-01-28,2020-01-29,0.0023510028319482313,0.004985259192964719,0.006409351210185135,False
2020-01-31,Historical,0.95,2019-01-29,2020-01-30,0.004973727977871875,0.0051162521129559406,0.0068993461474281224,False
2020-01-31,Gaussian,0.95,2019-01-29,2020-01-30,0.004973727977871875,0.004975182154812867,0.006397672864214178,False
2020-02-03,Historical,0.95,2019-01-30,2020-01-31,-0.0013596446133427751,0.0051162521129559406,0.0068993461474281224,False
2020-02-03,Gaussian,0.95,2019-01-30,2020-01-31,-0.0013596446133427751,0.005026628159855889,0.00645208043268242,False
2020-02-04,Historical,0.95,2019-01-31,2020-02-03,-0.002915847159301775,0.0051162521129559406,0.0068993461474281224,False
2020-02-04,Gaussian,0.95,2019-01-31,2020-02-03,-0.002915847159301775,0.004977365577577035,0.006381690930430138,False
2020-02-05,Historical,0.95,2019-02-01,2020-02-04,-0.003471981545735925,0.0051162521129559406,0.0068993461474281224,False
2020-02-05,Gaussian,0.95,2019-02-01,2020-02-04,-0.003471981545735925,0.00497421314640439,0.006376227203074824,False
2020-02-06,Historical,0.95,2019-02-04,2020-02-05,-0.003101067858736175,0.0051162521129559406,0.0068993461474281224,False
2020-02-06,Gaussian,0.95,2019-02-04,2020-02-05,-0.003101067858736175,0.004969518821544512,0.006373638420307376,False
2020-02-07,Historical,0.95,2019-02-05,2020-02-06,0.0007601933307221,0.0051162521129559406,0.0068993461474281224,False
2020-02-07,Gaussian,0.95,2019-02-05,2020-02-06,0.0007601933307221,0.004965653708539858,0.006371381245618754,False
2020-02-10,Historical,0.95,2019-02-06,2020-02-07,-0.0022970967764369497,0.0051162521129559406,0.0068993461474281224,False
2020-02-10,Gaussian,0.95,2019-02-06,2020-02-07,-0.0022970967764369497,0.004954243764030796,0.006348832623534404,False
2020-02-11,Historical,0.95,2019-02-07,2020-02-10,-0.0007292340738379748,0.0051162521129559406,0.0068993461474281224,False
2020-02-11,Gaussian,0.95,2019-02-07,2020-02-10,-0.0007292340738379748,0.004931806466026518,0.00632526873646719,False
2020-02-12,Historical,0.95,2019-02-08,2020-02-11,-0.0019388672532635002,0.0051162521129559406,0.0068993461474281224,False
2020-02-12,Gaussian,0.95,2019-02-08,2020-02-11,-0.0019388672532635002,0.004896267353479936,0.00628518797698049,False
2020-02-13,Historical,0.95,2019-02-11,2020-02-12,0.0014969447977770001,0.0051162521129559406,0.0068993461474281224,False
2020-02-13,Gaussian,0.95,2019-02-11,2020-02-12,0.0014969447977770001,0.0048930122129991855,0.006282401215571024,False
2020-02-14,Historical,0.95,2019-02-12,2020-02-13,-0.00068559348102345,0.0051162521129559406,0.0068993461474281224,False
2020-02-14,Gaussian,0.95,2019-02-12,2020-02-13,-0.00068559348102345,0.004905704533620411,0.006296172800084122,False
2020-02-18,Historical,0.95,2019-02-13,2020-02-14,-0.0019575116531093998,0.0051162521129559406,0.0068993461474281224,False
2020-02-18,Gaussian,0.95,2019-02-13,2020-02-14,-0.0019575116531093998,0.0049083009613432324,0.006296514400354387,False
2020-02-19,Historical,0.95,2019-02-14,2020-02-18,-0.0051300501443024,0.0051162521129559406,0.0068993461474281224,False
2020-02-19,Gaussian,0.95,2019-02-14,2020-02-18,-0.0051300501443024,0.004906715707599407,0.006295330369875717,False
2020-02-20,Historical,0.95,2019-02-15,2020-02-19,-0.00011060837761114992,0.0051162521129559406,0.0068993461474281224,False
2020-02-20,Gaussian,0.95,2019-02-15,2020-02-19,-0.00011060837761114992,0.004912959277604019,0.006306210588796975,False
2020-02-21,Historical,0.95,2019-02-19,2020-02-20,-0.001038139846442025,0.0051162521129559406,0.0068993461474281224,False
2020-02-21,Gaussian,0.95,2019-02-19,2020-02-20,-0.001038139846442025,0.004911347186395413,0.006298864062973219,False
2020-02-24,Historical,0.95,2019-02-20,2020-02-21,0.012528242801143251,0.0051162521129559406,0.0068993461474281224,True
2020-02-24,Gaussian,0.95,2019-02-20,2020-02-21,0.012528242801143251,0.004913638715452037,0.006300124916470262,True
2020-02-25,Historical,0.95,2019-02-21,2020-02-24,0.016195780440823374,0.005206848977298996,0.007466066244144194,True
2020-02-25,Gaussian,0.95,2019-02-21,2020-02-24,0.016195780440823374,0.0051359841791745854,0.006564514608526197,True
2020-02-26,Historical,0.95,2019-02-22,2020-02-25,-0.0008943340730834,0.005206848977298996,0.008206845728613679,False
2020-02-26,Gaussian,0.95,2019-02-22,2020-02-25,-0.0008943340730834,0.0053908252129947045,0.006874309776652648,False
2020-02-27,Historical,0.95,2019-02-25,2020-02-26,0.018515120230692,0.005206848977298996,0.008206845728613679,True
2020-02-27,Gaussian,0.95,2019-02-25,2020-02-26,0.018515120230692,0.005392489808852452,0.006873611088226353,True
2020-02-28,Historical,0.95,2019-02-26,2020-02-27,0.016318245574261897,0.005732711388869263,0.00922766584669858,True
2020-02-28,Gaussian,0.95,2019-02-26,2020-02-27,0.016318245574261897,0.005790057510285798,0.007353520990297837,True
2020-03-02,Historical,0.95,2019-02-27,2020-02-28,-0.015543179934037825,0.006206602429318483,0.01001120851662718,False
2020-03-02,Gaussian,0.95,2019-02-27,2020-02-28,-0.015543179934037825,0.006094476364139011,0.007718866644853973,False
2020-03-03,Historical,0.95,2019-02-28,2020-03-02,-0.006114576932669899,0.006206602429318483,0.01001120851662718,False
2020-03-03,Gaussian,0.95,2019-02-28,2020-03-02,-0.006114576932669899,0.006190499960107804,0.00785947395504113,False
2020-03-04,Historical,0.95,2019-03-01,2020-03-03,-0.01406486771890765,0.006206602429318483,0.01001120851662718,False
2020-03-04,Gaussian,0.95,2019-03-01,2020-03-03,-0.01406486771890765,0.006162161949436243,0.007834113058224432,False
2020-03-05,Historical,0.95,2019-03-04,2020-03-04,0.0049005725102108,0.006206602429318483,0.01001120851662718,False
2020-03-05,Gaussian,0.95,2019-03-04,2020-03-04,0.0049005725102108,0.00624249245034281,0.00795139903337933,False
2020-03-06,Historical,0.95,2019-03-05,2020-03-05,0.0106826845949749,0.006206602429318483,0.01001120851662718,True
2020-03-06,Gaussian,0.95,2019-03-05,2020-03-05,0.0106826845949749,0.006285767314760141,0.008000565382419894,True
2020-03-09,Historical,0.95,2019-03-06,2020-03-06,0.03555561266307535,0.006473328852972005,0.010350839284075188,True
2020-03-09,Gaussian,0.95,2019-03-06,2020-03-06,0.03555561266307535,0.006433250359932078,0.00817272130585082,True
2020-03-10,Historical,0.95,2019-03-07,2020-03-09,-0.0022498868842467518,0.006658494600711672,0.012574982807136346,False
2020-03-10,Gaussian,0.95,2019-03-07,2020-03-09,-0.0022498868842467518,0.007527660537105761,0.009509758278010627,False
2020-03-11,Historical,0.95,2019-03-08,2020-03-10,0.019112807061163577,0.006658494600711672,0.012574982807136346,True
2020-03-11,Gaussian,0.95,2019-03-08,2020-03-10,0.019112807061163577,0.007504088288438861,0.009485259747128981,True
2020-03-12,Historical,0.95,2019-03-11,2020-03-11,0.06080775167200888,0.007029859469026056,0.013531952789150953,True
2020-03-12,Gaussian,0.95,2019-03-11,2020-03-11,0.06080775167200888,0.007840284461364222,0.00988672997906644,True
2020-03-13,Historical,0.95,2019-03-12,2020-03-12,-0.0200975168197321,0.007326813560972411,0.0176462035210834,False
2020-03-13,Gaussian,0.95,2019-03-12,2020-03-12,-0.0200975168197321,0.010291531758436404,0.012895671025162776,False
2020-03-16,Historical,0.95,2019-03-13,2020-03-13,0.036234048956546826,0.007326813560972411,0.0176462035210834,True
2020-03-16,Gaussian,0.95,2019-03-13,2020-03-13,0.036234048956546826,0.010430834569285848,0.013087058702953756,True
2020-03-17,Historical,0.95,2019-03-14,2020-03-16,-0.019088466427216524,0.007421748209394582,0.019869565036569767,False
2020-03-17,Gaussian,0.95,2019-03-14,2020-03-16,-0.019088466427216524,0.011242997165587987,0.014064994464897626,False
2020-03-18,Historical,0.95,2019-03-15,2020-03-17,0.031526598638407545,0.007421748209394582,0.019869565036569767,True
2020-03-18,Gaussian,0.95,2019-03-15,2020-03-17,0.031526598638407545,0.011332032821950269,0.014198633258997536,True
2020-03-19,Historical,0.95,2019-03-18,2020-03-18,-0.0007647426752529498,0.007758568521265375,0.021718031918608986,False
2020-03-19,Gaussian,0.95,2019-03-18,2020-03-18,-0.0007647426752529498,0.011931498878362147,0.014913606296591874,False
2020-03-20,Historical,0.95,2019-03-19,2020-03-19,-0.0011807298747260001,0.007758568521265375,0.021718031918608986,False
2020-03-20,Gaussian,0.95,2019-03-19,2020-03-19,-0.0011807298747260001,0.011936314633234265,0.014917182936045067,False
2020-03-23,Historical,0.95,2019-03-20,2020-03-20,0.0028029016059664498,0.007758568521265375,0.021718031918608986,False
2020-03-23,Gaussian,0.95,2019-03-20,2020-03-20,0.0028029016059664498,0.011936737869774425,0.014917551075626014,False
2020-03-24,Historical,0.95,2019-03-21,2020-03-23,-0.056521588479391774,0.007758568521265375,0.021718031918608986,False
2020-03-24,Gaussian,0.95,2019-03-21,2020-03-23,-0.056521588479391774,0.011955698200355563,0.01493695703963003,False
2020-03-25,Historical,0.95,2019-03-22,2020-03-24,-0.0107257310276383,0.007758568521265375,0.021718031918608986,False
2020-03-25,Gaussian,0.95,2019-03-22,2020-03-24,-0.0107257310276383,0.013139780435244573,0.01647542485072377,False
2020-03-26,Historical,0.95,2019-03-25,2020-03-25,-0.0250179546262842,0.007758568521265375,0.021718031918608986,False
2020-03-26,Gaussian,0.95,2019-03-25,2020-03-25,-0.0250179546262842,0.013092499888825385,0.01643448102940307,False
2020-03-27,Historical,0.95,2019-03-26,2020-03-26,0.021312495699841675,0.007758568521265375,0.021718031918608986,True
2020-03-27,Gaussian,0.95,2019-03-26,2020-03-26,0.021312495699841675,0.013250815177322711,0.01665711574191629,True
2020-03-30,Historical,0.95,2019-03-27,2020-03-27,-0.012480569434185601,0.008051482499462373,0.022744149714553255,False
2020-03-30,Gaussian,0.95,2019-03-27,2020-03-27,-0.012480569434185601,0.013524460902272504,0.016977610345022723,False
2020-03-31,Historical,0.95,2019-03-28,2020-03-30,0.0066449307451254495,0.008051482499462373,0.022744149714553255,False
2020-03-31,Gaussian,0.95,2019-03-28,2020-03-30,0.0066449307451254495,0.013526983745865065,0.0169952996279068,False
2020-04-01,Historical,0.95,2019-03-29,2020-03-31,0.017235842861033177,0.008051482499462373,0.022744149714553255,True
2020-04-01,Gaussian,0.95,2019-03-29,2020-03-31,0.017235842861033177,0.01356612663895604,0.01703887775238316,True
2020-04-02,Historical,0.95,2019-04-01,2020-04-01,-0.01102005749317695,0.008474934413974107,0.023445697271582713,False
2020-04-02,Gaussian,0.95,2019-04-01,2020-04-01,-0.01102005749317695,0.013762197479676573,0.017264131523014755,False
2020-04-03,Historical,0.95,2019-04-02,2020-04-02,0.005316868761017725,0.008474934413974107,0.023445697271582713,False
2020-04-03,Gaussian,0.95,2019-04-02,2020-04-02,0.005316868761017725,0.013770703990138349,0.017284471463699838,False
2020-04-06,Historical,0.95,2019-04-03,2020-04-03,-0.0310875654953564,0.008474934413974107,0.023445697271582713,False
2020-04-06,Gaussian,0.95,2019-04-03,2020-04-03,-0.0310875654953564,0.013812981353641363,0.01732814988265569,False
2020-04-07,Historical,0.95,2019-04-04,2020-04-06,-0.002616628736967325,0.008474934413974107,0.023445697271582713,False
2020-04-07,Gaussian,0.95,2019-04-04,2020-04-06,-0.002616628736967325,0.014062201670098385,0.017671958074503485,False
2020-04-08,Historical,0.95,2019-04-05,2020-04-07,-0.004802311617795825,0.008474934413974107,0.023445697271582713,False
2020-04-08,Gaussian,0.95,2019-04-05,2020-04-07,-0.004802311617795825,0.014057325968512311,0.017667623363583206,False
2020-04-09,Historical,0.95,2019-04-08,2020-04-08,-0.017956510144799775,0.008474934413974107,0.023445697271582713,False
2020-04-09,Gaussian,0.95,2019-04-08,2020-04-08,-0.017956510144799775,0.014054331460387207,0.01766617601322724,False
2020-04-14,Historical,0.95,2019-04-09,2020-04-09,-0.0089195079374636,0.008474934413974107,0.023445697271582713,False
2020-04-14,Gaussian,0.95,2019-04-09,2020-04-09,-0.0089195079374636,0.014106657058512502,0.017748909199317382,False
2020-04-15,Historical,0.95,2019-04-10,2020-04-14,0.012906408373479075,0.008474934413974107,0.023445697271582713,True
2020-04-15,Gaussian,0.95,2019-04-10,2020-04-14,0.012906408373479075,0.014096558530290524,0.017745962466261082,False
2020-04-16,Historical,0.95,2019-04-11,2020-04-15,-0.002875540299978975,0.009821451528707422,0.023763972274419346,False
2020-04-16,Gaussian,0.95,2019-04-11,2020-04-15,-0.002875540299978975,0.014220501213859144,0.017886135141615998,False
2020-04-17,Historical,0.95,2019-04-12,2020-04-16,-0.008233369021517325,0.009821451528707422,0.023763972274419346,False
2020-04-17,Gaussian,0.95,2019-04-12,2020-04-16,-0.008233369021517325,0.01418975329657822,0.017854446354745365,False
2020-04-20,Historical,0.95,2019-04-15,2020-04-17,0.0009171528361873755,0.009821451528707422,0.023763972274419346,False
2020-04-20,Gaussian,0.95,2019-04-15,2020-04-17,0.0009171528361873755,0.014184211942905887,0.01785495749217056,False
2020-04-21,Historical,0.95,2019-04-16,2020-04-20,0.016067566005388324,0.009821451528707422,0.023763972274419346,True
2020-04-21,Gaussian,0.95,2019-04-16,2020-04-20,0.016067566005388324,0.014187069662468237,0.017857917698939248,True
2020-04-22,Historical,0.95,2019-04-17,2020-04-21,-0.015617915066630276,0.011697741608367462,0.02417819392137423,False
2020-04-22,Gaussian,0.95,2019-04-17,2020-04-21,-0.015617915066630276,0.014341847153737177,0.0180375756999001,False
2020-04-23,Historical,0.95,2019-04-18,2020-04-22,-0.00494387496353375,0.011697741608367462,0.02417819392137423,False
2020-04-23,Gaussian,0.95,2019-04-18,2020-04-22,-0.00494387496353375,0.014363100623643732,0.01808106544335821,False
2020-04-24,Historical,0.95,2019-04-23,2020-04-23,0.0007227902851831246,0.011697741608367462,0.02417819392137423,False
2020-04-24,Gaussian,0.95,2019-04-23,2020-04-23,0.0007227902851831246,0.01435447834442838,0.01807446841373808,False
2020-04-27,Historical,0.95,2019-04-24,2020-04-24,-0.0047994232543233754,0.011697741608367462,0.02417819392137423,False
2020-04-27,Gaussian,0.95,2019-04-24,2020-04-24,-0.0047994232543233754,0.014368792029350999,0.018087457460133665,False
2020-04-28,Historical,0.95,2019-04-25,2020-04-27,-0.003442040578588426,0.011697741608367462,0.02417819392137423,False
2020-04-28,Gaussian,0.95,2019-04-25,2020-04-27,-0.003442040578588426,0.014354601449878324,0.01807512322979116,False
2020-04-29,Historical,0.95,2019-04-26,2020-04-28,-0.014485225987355424,0.011697741608367462,0.02417819392137423,False
2020-04-29,Gaussian,0.95,2019-04-26,2020-04-28,-0.014485225987355424,0.014337539155988944,0.018058700973837244,False
2020-04-30,Historical,0.95,2019-04-29,2020-04-29,0.0161792703700106,0.011697741608367462,0.02417819392137423,True
2020-04-30,Gaussian,0.95,2019-04-29,2020-04-29,0.0161792703700106,0.014363638276052696,0.018102802050893468,True
2020-05-01,Historical,0.95,2019-04-30,2020-04-30,0.010976947732931525,0.012736233865927947,0.024459042195902485,False
2020-05-01,Gaussian,0.95,2019-04-30,2020-04-30,0.010976947732931525,0.01452419035769992,0.018288658417568965,False
2020-05-04,Historical,0.95,2019-05-01,2020-05-01,-0.0015763606944929,0.012736233865927947,0.024459042195902485,False
2020-05-04,Gaussian,0.95,2019-05-01,2020-05-01,-0.0015763606944929,0.01461730279612221,0.018393514627204333,False
2020-05-05,Historical,0.95,2019-05-02,2020-05-04,-0.007289258819784426,0.012736233865927947,0.024459042195902485,False
2020-05-05,Gaussian,0.95,2019-05-02,2020-05-04,-0.007289258819784426,0.01458346964098041,0.018357513100805467,False
2020-05-06,Historical,0.95,2019-05-03,2020-05-05,0.005695466550433575,0.012736233865927947,0.024459042195902485,False
2020-05-06,Gaussian,0.95,2019-05-03,2020-05-05,0.005695466550433575,0.01455396643678389,0.018331323083561675,False
2020-05-07,Historical,0.95,2019-05-07,2020-05-06,-0.011750913680659376,0.012736233865927947,0.024459042195902485,False
2020-05-07,Gaussian,0.95,2019-05-07,2020-05-06,-0.011750913680659376,0.014601862983719302,0.01838029723072412,False
2020-05-11,Historical,0.95,2019-05-08,2020-05-07,0.00016131759069437472,0.012736233865927947,0.024459042195902485,False
2020-05-11,Gaussian,0.95,2019-05-08,2020-05-07,0.00016131759069437472,0.014558444467488024,0.01834453857092793,False
2020-05-12,Historical,0.95,2019-05-09,2020-05-11,0.0010086286334534495,0.012736233865927947,0.024459042195902485,False
2020-05-12,Gaussian,0.95,2019-05-09,2020-05-11,0.0010086286334534495,0.014553870013868058,0.01833978608977953,False
2020-05-13,Historical,0.95,2019-05-10,2020-05-12,0.0052283618304663,0.012736233865927947,0.024459042195902485,False
2020-05-13,Gaussian,0.95,2019-05-10,2020-05-12,0.0052283618304663,0.014550346449543693,0.018336051205260905,False
2020-05-14,Historical,0.95,2019-05-13,2020-05-13,0.001401541456759851,0.012736233865927947,0.024459042195902485,False
2020-05-14,Gaussian,0.95,2019-05-13,2020-05-13,0.001401541456759851,0.0145867357304739,0.018375256813807223,False
2020-05-15,Historical,0.95,2019-05-14,2020-05-14,-0.004767195021584225,0.012736233865927947,0.024459042195902485,False
2020-05-15,Gaussian,0.95,2019-05-14,2020-05-14,-0.004767195021584225,0.014573368464251557,0.01836073322316876,False
2020-05-18,Historical,0.95,2019-05-15,2020-05-15,-0.01517128095579135,0.012736233865927947,0.024459042195902485,False
2020-05-18,Gaussian,0.95,2019-05-15,2020-05-15,-0.01517128095579135,0.014572640945787143,0.018360539485459654,False
2020-05-19,Historical,0.95,2019-05-16,2020-05-18,0.0014251409519553252,0.012736233865927947,0.024459042195902485,False
2020-05-19,Gaussian,0.95,2019-05-16,2020-05-18,0.0014251409519553252,0.014602905602521053,0.01840981671228388,False
2020-05-20,Historical,0.95,2019-05-17,2020-05-19,-0.007525542657508899,0.012736233865927947,0.024459042195902485,False
2020-05-20,Gaussian,0.95,2019-05-17,2020-05-19,-0.007525542657508899,0.014616455251592556,0.018423459334431534,False
2020-05-21,Historical,0.95,2019-05-20,2020-05-20,0.0075615155771096496,0.012736233865927947,0.024459042195902485,False
2020-05-21,Gaussian,0.95,2019-05-20,2020-05-20,0.0075615155771096496,0.01458680765258823,0.018397258292574107,False
2020-05-22,Historical,0.95,2019-05-21,2020-05-21,-0.00162590149981755,0.012736233865927947,0.024459042195902485,False
2020-05-22,Gaussian,0.95,2019-05-21,2020-05-21,-0.00162590149981755,0.014621101094321722,0.018436047412227156,False
2020-05-26,Historical,0.95,2019-05-22,2020-05-22,-0.0019698888621113003,0.012736233865927947,0.024459042195902485,False
2020-05-26,Gaussian,0.95,2019-05-22,2020-05-22,-0.0019698888621113003,0.014621860988871471,0.018436744549097224,False
2020-05-27,Historical,0.95,2019-05-23,2020-05-26,-0.00751491270450585,0.012736233865927947,0.024459042195902485,False
2020-05-27,Gaussian,0.95,2019-05-23,2020-05-26,-0.00751491270450585,0.014614718426358298,0.018429812435890446,False
2020-05-28,Historical,0.95,2019-05-24,2020-05-27,-0.0031158641849463754,0.012736233865927947,0.024459042195902485,False
2020-05-28,Gaussian,0.95,2019-05-24,2020-05-27,-0.0031158641849463754,0.014586338429530393,0.01840494863891224,False
2020-05-29,Historical,0.95,2019-05-28,2020-05-28,0.0018716230029852748,0.012736233865927947,0.024459042195902485,False
2020-05-29,Gaussian,0.95,2019-05-28,2020-05-28,0.0018716230029852748,0.014584004642802118,0.01840300211406412,False
2020-06-01,Historical,0.95,2019-05-29,2020-05-29,-0.0056846184754227,0.012736233865927947,0.024459042195902485,False
2020-06-01,Gaussian,0.95,2019-05-29,2020-05-29,-0.0056846184754227,0.014581702866026044,0.018400517420189045,False
2020-06-02,Historical,0.95,2019-05-30,2020-06-01,-0.002200071831607775,0.012736233865927947,0.024459042195902485,False
2020-06-02,Gaussian,0.95,2019-05-30,2020-06-01,-0.002200071831607775,0.014540965678511998,0.01835989902636315,False
2020-06-03,Historical,0.95,2019-05-31,2020-06-02,-0.0038422933508435756,0.012736233865927947,0.024459042195902485,False
2020-06-03,Gaussian,0.95,2019-05-31,2020-06-02,-0.0038422933508435756,0.014545134169336105,0.018363023292519404,False
2020-06-04,Historical,0.95,2019-06-03,2020-06-03,0.0008096280594466248,0.012736233865927947,0.024459042195902485,False
2020-06-04,Gaussian,0.95,2019-06-03,2020-06-03,0.0008096280594466248,0.014532746496848605,0.018351619595228186,False
2020-06-05,Historical,0.95,2019-06-04,2020-06-04,-0.005871581352071449,0.012736233865927947,0.024459042195902485,False
2020-06-05,Gaussian,0.95,2019-06-04,2020-06-04,-0.005871581352071449,0.01454917966404387,0.018366398723050088,False
2020-06-08,Historical,0.95,2019-06-05,2020-06-05,-0.005536276687824851,0.012736233865927947,0.024459042195902485,False
2020-06-08,Gaussian,0.95,2019-06-05,2020-06-05,-0.005536276687824851,0.014549109863674858,0.018366639148253774,False
2020-06-09,Historical,0.95,2019-06-06,2020-06-08,0.003930551277236625,0.012736233865927947,0.024459042195902485,False
2020-06-09,Gaussian,0.95,2019-06-06,2020-06-08,0.003930551277236625,0.014545646324958045,0.018364990704854638,False
2020-06-10,Historical,0.95,2019-06-07,2020-06-09,-0.0038623203411137,0.012736233865927947,0.024459042195902485,False
2020-06-10,Gaussian,0.95,2019-06-07,2020-06-09,-0.0038623203411137,0.014579380866813074,0.018399562194061775,False
2020-06-11,Historical,0.95,2019-06-10,2020-06-10,0.02562258995067465,0.012736233865927947,0.024459042195902485,True
2020-06-11,Gaussian,0.95,2019-06-10,2020-06-10,0.02562258995067465,0.014580176117101983,0.0183968610567002,True
2020-06-12,Historical,0.95,2019-06-11,2020-06-11,-0.0042369877546317245,0.014645045071029109,0.025437210009532918,False
2020-06-12,Gaussian,0.95,2019-06-11,2020-06-11,-0.0042369877546317245,0.014920421570897329,0.01879859576107067,False
2020-06-15,Historical,0.95,2019-06-12,2020-06-12,0.0002321313272757252,0.014645045071029109,0.025437210009532918,False
2020-06-15,Gaussian,0.95,2019-06-12,2020-06-12,0.0002321313272757252,0.01491041168211198,0.018789949144812707,False
2020-06-16,Historical,0.95,2019-06-13,2020-06-15,-0.011443797412915301,0.014645045071029109,0.025437210009532918,False
2020-06-16,Gaussian,0.95,2019-06-13,2020-06-15,-0.011443797412915301,0.01491301906379987,0.018792588104955817,False
2020-06-17,Historical,0.95,2019-06-14,2020-06-16,-0.0003904150410944,0.014645045071029109,0.025437210009532918,False
2020-06-17,Gaussian,0.95,2019-06-14,2020-06-16,-0.0003904150410944,0.014920751920376594,0.018810654755734485,False
2020-06-18,Historical,0.95,2019-06-17,2020-06-17,0.000954004534494625,0.014645045071029109,0.025437210009532918,False
2020-06-18,Gaussian,0.95,2019-06-17,2020-06-17,0.000954004534494625,0.01491413755960138,0.01880384649790679,False
2020-06-19,Historical,0.95,2019-06-18,2020-06-18,-0.0041794090671348995,0.014645045071029109,0.025437210009532918,False
2020-06-19,Gaussian,0.95,2019-06-18,2020-06-18,-0.0041794090671348995,0.014920280455001466,0.018810153242944383,False
2020-06-22,Historical,0.95,2019-06-19,2020-06-19,-0.001106159319258225,0.014645045071029109,0.025437210009532918,False
2020-06-22,Gaussian,0.95,2019-06-19,2020-06-19,-0.001106159319258225,0.014921080483817909,0.018808201966601303,False
2020-06-23,Historical,0.95,2019-06-20,2020-06-22,-0.006122000290888525,0.014645045071029109,0.025437210009532918,False
2020-06-23,Gaussian,0.95,2019-06-20,2020-06-22,-0.006122000290888525,0.014922772614308445,0.0188098031844284,False
2020-06-24,Historical,0.95,2019-06-21,2020-06-23,0.014629928064674301,0.014645045071029109,0.025437210009532918,False
2020-06-24,Gaussian,0.95,2019-06-21,2020-06-23,0.014629928064674301,0.014917706234432112,0.018799734610657697,False
2020-06-25,Historical,0.95,2019-06-24,2020-06-24,-0.003585580707605075,0.015420628932066988,0.025437210009532918,False
2020-06-25,Gaussian,0.95,2019-06-24,2020-06-24,-0.003585580707605075,0.015054524007107406,0.018956695124730683,False
2020-06-26,Historical,0.95,2019-06-25,2020-06-25,0.0037665505545989002,0.015420628932066988,0.025437210009532918,False
2020-06-26,Gaussian,0.95,2019-06-25,2020-06-25,0.0037665505545989002,0.015055718723706537,0.018957307339878195,False
2020-06-29,Historical,0.95,2019-06-26,2020-06-26,-0.006751731143777875,0.015420628932066988,0.025437210009532918,False
2020-06-29,Gaussian,0.95,2019-06-26,2020-06-26,-0.006751731143777875,0.015070472225296042,0.018973312658317563,False
2020-06-30,Historical,0.95,2019-06-27,2020-06-29,-0.002259444301402025,0.015420628932066988,0.025437210009532918,False
2020-06-30,Gaussian,0.95,2019-06-27,2020-06-29,-0.002259444301402025,0.015036771594617231,0.018941797044578112,False
2020-07-01,Historical,0.95,2019-06-28,2020-06-30,0.00072891264487325,0.015420628932066988,0.025437210009532918,False
2020-07-01,Gaussian,0.95,2019-06-28,2020-06-30,0.00072891264487325,0.015032843597744372,0.01893816265332604,False
2020-07-02,Historical,0.95,2019-07-01,2020-07-01,-0.005329214234451474,0.015420628932066988,0.025437210009532918,False
2020-07-02,Gaussian,0.95,2019-07-01,2020-07-01,-0.005329214234451474,0.015045679357030252,0.018950452301877974,False
2020-07-06,Historical,0.95,2019-07-02,2020-07-02,-0.006920673690515275,0.015420628932066988,0.025437210009532918,False
2020-07-06,Gaussian,0.95,2019-07-02,2020-07-02,-0.006920673690515275,0.015029425532752768,0.018936315647616924,False
2020-07-07,Historical,0.95,2019-07-03,2020-07-06,0.0041429245526924995,0.015420628932066988,0.025437210009532918,False
2020-07-07,Gaussian,0.95,2019-07-03,2020-07-06,0.0041429245526924995,0.015026513018878895,0.01893053181176932,False
2020-07-08,Historical,0.95,2019-07-05,2020-07-07,-0.0017590425314897749,0.015420628932066988,0.025437210009532918,False
2020-07-08,Gaussian,0.95,2019-07-05,2020-07-07,-0.0017590425314897749,0.015061935581080054,0.018966206876471967,False
2020-07-09,Historical,0.95,2019-07-08,2020-07-08,0.00561504406811475,0.015420628932066988,0.025437210009532918,False
2020-07-09,Gaussian,0.95,2019-07-08,2020-07-08,0.00561504406811475,0.015011629219045692,0.01891168816919115,False
2020-07-10,Historical,0.95,2019-07-09,2020-07-09,-0.0033694795110177254,0.015420628932066988,0.025437210009532918,False
2020-07-10,Gaussian,0.95,2019-07-09,2020-07-09,-0.0033694795110177254,0.015029435250898077,0.01893155722737073,False
2020-07-13,Historical,0.95,2019-07-10,2020-07-10,-0.0015501932494433996,0.015420628932066988,0.025437210009532918,False
2020-07-13,Gaussian,0.95,2019-07-10,2020-07-10,-0.0015501932494433996,0.015021591601856014,0.018924533813713593,False
2020-07-14,Historical,0.95,2019-07-11,2020-07-13,-0.004642762703085198,0.015420628932066988,0.025437210009532918,False
2020-07-14,Gaussian,0.95,2019-07-11,2020-07-13,-0.004642762703085198,0.015028229012501195,0.018929332244486577,False
2020-07-15,Historical,0.95,2019-07-12,2020-07-14,-0.0069762494563585745,0.015420628932066988,0.025437210009532918,False
2020-07-15,Gaussian,0.95,2019-07-12,2020-07-14,-0.0069762494563585745,0.01499719045737227,0.01889864910750863,False
2020-07-16,Historical,0.95,2019-07-15,2020-07-15,0.0046986087527754496,0.015420628932066988,0.025437210009532918,False
2020-07-16,Gaussian,0.95,2019-07-15,2020-07-15,0.0046986087527754496,0.014993986047061203,0.0188988056947392,False
2020-07-17,Historical,0.95,2019-07-16,2020-07-16,-0.0042939864135987495,0.015420628932066988,0.025437210009532918,False
2020-07-17,Gaussian,0.95,2019-07-16,2020-07-16,-0.0042939864135987495,0.015027148787265202,0.018934168341030747,False
2020-07-20,Historical,0.95,2019-07-17,2020-07-17,-0.0023260882199967253,0.015420628932066988,0.025437210009532918,False
2020-07-20,Gaussian,0.95,2019-07-17,2020-07-17,-0.0023260882199967253,0.015005420112042228,0.018913320740175234,False
2020-07-21,Historical,0.95,2019-07-18,2020-07-20,-0.004026058106702824,0.015420628932066988,0.025437210009532918,False
2020-07-21,Gaussian,0.95,2019-07-18,2020-07-20,-0.004026058106702824,0.015005290428264711,0.018913208007282304,False
2020-07-22,Historical,0.95,2019-07-19,2020-07-21,-0.00282304911298825,0.015420628932066988,0.025437210009532918,False
2020-07-22,Gaussian,0.95,2019-07-19,2020-07-21,-0.00282304911298825,0.015004678666306474,0.018912838810200287,False
2020-07-23,Historical,0.95,2019-07-22,2020-07-22,0.0004551576861151498,0.015420628932066988,0.025437210009532918,False
2020-07-23,Gaussian,0.95,2019-07-22,2020-07-22,0.0004551576861151498,0.014963919778139118,0.018869838482027525,False
2020-07-24,Historical,0.95,2019-07-23,2020-07-23,0.003051129194740625,0.015420628932066988,0.025437210009532918,False
2020-07-24,Gaussian,0.95,2019-07-23,2020-07-23,0.003051129194740625,0.01496984616825721,0.018875801391120075,False
2020-07-27,Historical,0.95,2019-07-24,2020-07-24,-0.005627301591346851,0.015420628932066988,0.025437210009532918,False
2020-07-27,Gaussian,0.95,2019-07-24,2020-07-24,-0.005627301591346851,0.01499111410682563,0.018898065442365695,False
2020-07-28,Historical,0.95,2019-07-25,2020-07-27,-0.0020597084143875754,0.015420628932066988,0.025437210009532918,False
2020-07-28,Gaussian,0.95,2019-07-25,2020-07-27,-0.0020597084143875754,0.0149820503191882,0.01889142540029508,False
2020-07-29,Historical,0.95,2019-07-26,2020-07-28,-0.0054010880463341,0.015420628932066988,0.025437210009532918,False
2020-07-29,Gaussian,0.95,2019-07-26,2020-07-28,-0.0054010880463341,0.01495236810461313,0.018860288720939564,False
2020-07-30,Historical,0.95,2019-07-29,2020-07-29,0.00821031070754205,0.015420628932066988,0.025437210009532918,False
2020-07-30,Gaussian,0.95,2019-07-29,2020-07-29,0.00821031070754205,0.014951290433984564,0.01886014111141598,False
2020-07-31,Historical,0.95,2019-07-30,2020-07-30,-0.0004025344105387254,0.015420628932066988,0.025437210009532918,False
2020-07-31,Gaussian,0.95,2019-07-30,2020-07-30,-0.0004025344105387254,0.015023299530961662,0.018935959995394727,False
2020-08-03,Historical,0.95,2019-07-31,2020-07-31,-0.0076828775818435745,0.015420628932066988,0.025437210009532918,False
2020-08-03,Gaussian,0.95,2019-07-31,2020-07-31,-0.0076828775818435745,0.015017072817252747,0.018929565153304382,False
2020-08-04,Historical,0.95,2019-08-01,2020-08-03,-0.007207080172145624,0.015420628932066988,0.025437210009532918,False
2020-08-04,Gaussian,0.95,2019-08-01,2020-08-03,-0.007207080172145624,0.014954575894732628,0.018866439368250408,False
2020-08-05,Historical,0.95,2019-08-02,2020-08-04,-0.00594069533189605,0.015420628932066988,0.025437210009532918,False
2020-08-05,Gaussian,0.95,2019-08-02,2020-08-04,-0.00594069533189605,0.014954936343367108,0.01886758048797286,False
2020-08-06,Historical,0.95,2019-08-05,2020-08-05,-0.0020247422860691,0.015420628932066988,0.025437210009532918,False
2020-08-06,Gaussian,0.95,2019-08-05,2020-08-05,-0.0020247422860691,0.014883209627114284,0.018791915883095037,False
2020-08-07,Historical,0.95,2019-08-06,2020-08-06,0.004122563016973775,0.015420628932066988,0.025437210009532918,False
2020-08-07,Gaussian,0.95,2019-08-06,2020-08-06,0.004122563016973775,0.014818508546356628,0.018720937400869272,False
2020-08-10,Historical,0.95,2019-08-07,2020-08-07,-0.0003181199990279998,0.015420628932066988,0.025437210009532918,False
2020-08-10,Gaussian,0.95,2019-08-07,2020-08-07,-0.0003181199990279998,0.014854189701571156,0.01875754978774583,False
2020-08-11,Historical,0.95,2019-08-08,2020-08-10,0.011988970017166898,0.015420628932066988,0.025437210009532918,False
2020-08-11,Gaussian,0.95,2019-08-08,2020-08-10,0.011988970017166898,0.014865714217957472,0.01876731523412361,False
2020-08-12,Historical,0.95,2019-08-09,2020-08-11,-0.006704500873729124,0.015420628932066988,0.025437210009532918,False
2020-08-12,Gaussian,0.95,2019-08-09,2020-08-11,-0.006704500873729124,0.014978525075889199,0.018887456603700788,False
2020-08-13,Historical,0.95,2019-08-12,2020-08-12,-0.0011169252862987498,0.015420628932066988,0.025437210009532918,False
2020-08-13,Gaussian,0.95,2019-08-12,2020-08-12,-0.0011169252862987498,0.014942963445713319,0.018853697592339225,False
2020-08-14,Historical,0.95,2019-08-13,2020-08-13,0.0048605587903576995,0.015420628932066988,0.025437210009532918,False
2020-08-14,Gaussian,0.95,2019-08-13,2020-08-13,0.0048605587903576995,0.01493853951610732,0.018849293955888292,False
2020-08-17,Historical,0.95,2019-08-14,2020-08-14,-0.00804801392455185,0.015420628932066988,0.025437210009532918,False
2020-08-17,Gaussian,0.95,2019-08-14,2020-08-14,-0.00804801392455185,0.014975729505696558,0.018888712339343958,False
2020-08-18,Historical,0.95,2019-08-15,2020-08-17,-0.0011867909118704,0.015420628932066988,0.025437210009532918,False
2020-08-18,Gaussian,0.95,2019-08-15,2020-08-17,-0.0011867909118704,0.014911548741753109,0.018824022836353125,False
2020-08-19,Historical,0.95,2019-08-16,2020-08-18,0.007864257232585175,0.015420628932066988,0.025437210009532918,False
2020-08-19,Gaussian,0.95,2019-08-16,2020-08-18,0.007864257232585175,0.014911028548918043,0.018823518986303994,False
2020-08-20,Historical,0.95,2019-08-19,2020-08-19,0.0007999892187622001,0.015420628932066988,0.025437210009532918,False
2020-08-20,Gaussian,0.95,2019-08-19,2020-08-19,0.0007999892187622001,0.014976967211438085,0.018895043492872916,False
2020-08-21,Historical,0.95,2019-08-20,2020-08-20,0.0014320358978043997,0.015420628932066988,0.025437210009532918,False
2020-08-21,Gaussian,0.95,2019-08-20,2020-08-20,0.0014320358978043997,0.01498618693539709,0.01890430821774027,False
2020-08-24,Historical,0.95,2019-08-21,2020-08-21,-0.005030373332405275,0.015420628932066988,0.025437210009532918,False
2020-08-24,Gaussian,0.95,2019-08-21,2020-08-21,-0.005030373332405275,0.014987535251559695,0.01890573686397023,False
2020-08-25,Historical,0.95,2019-08-22,2020-08-24,0.002164004520055975,0.015420628932066988,0.025437210009532918,False
2020-08-25,Gaussian,0.95,2019-08-22,2020-08-24,0.002164004520055975,0.014985315545855372,0.018904628222052428,False
2020-08-26,Historical,0.95,2019-08-23,2020-08-25,-0.005754582289730475,0.015420628932066988,0.025437210009532918,False
2020-08-26,Gaussian,0.95,2019-08-23,2020-08-25,-0.005754582289730475,0.014973809979883575,0.018892008122386283,False
2020-08-27,Historical,0.95,2019-08-27,2020-08-26,0.005242004198632775,0.015420628932066988,0.025437210009532918,False
2020-08-27,Gaussian,0.95,2019-08-27,2020-08-26,0.005242004198632775,0.014955530417372439,0.01887602210762688,False
2020-08-28,Historical,0.95,2019-08-28,2020-08-27,-0.004924144325728325,0.015420628932066988,0.025437210009532918,False
2020-08-28,Gaussian,0.95,2019-08-28,2020-08-27,-0.004924144325728325,0.015000669266969599,0.01892221188253581,False
2020-09-01,Historical,0.95,2019-08-29,2020-08-28,0.00094355703895365,0.015420628932066988,0.025437210009532918,False
2020-09-01,Gaussian,0.95,2019-08-29,2020-08-28,0.00094355703895365,0.01499490838616697,0.018918055434281322,False
2020-09-02,Historical,0.95,2019-08-30,2020-09-01,-0.004272237657921001,0.015420628932066988,0.025437210009532918,False
2020-09-02,Gaussian,0.95,2019-08-30,2020-09-01,-0.004272237657921001,0.015009765053476922,0.01893232870978959,False
2020-09-03,Historical,0.95,2019-09-03,2020-09-02,0.014271059681144,0.015420628932066988,0.025437210009532918,False
2020-09-03,Gaussian,0.95,2019-09-03,2020-09-02,0.014271059681144,0.01499937078473695,0.018923247499912754,False
2020-09-04,Historical,0.95,2019-09-04,2020-09-03,0.004948281845929849,0.015420628932066988,0.025437210009532918,False
2020-09-04,Gaussian,0.95,2019-09-04,2020-09-03,0.004948281845929849,0.01514411754136831,0.01908577413012056,False
2020-09-08,Historical,0.95,2019-09-05,2020-09-04,0.0012296105066089752,0.015420628932066988,0.025437210009532918,False
2020-09-08,Gaussian,0.95,2019-09-05,2020-09-04,0.0012296105066089752,0.01518655751372703,0.019127719446782453,False
2020-09-09,Historical,0.95,2019-09-06,2020-09-08,-0.010817955233830601,0.015420628932066988,0.025437210009532918,False
2020-09-09,Gaussian,0.95,2019-09-06,2020-09-08,-0.010817955233830601,0.015153144334486831,0.01909079978480264,False
2020-09-10,Historical,0.95,2019-09-09,2020-09-09,0.005288725388473175,0.015420628932066988,0.025437210009532918,False
2020-09-10,Gaussian,0.95,2019-09-09,2020-09-09,0.005288725388473175,0.015141551415427943,0.019088643729349583,False
2020-09-11,Historical,0.95,2019-09-10,2020-09-10,-0.0017088511775099808,0.015420628932066988,0.025437210009532918,False
2020-09-11,Gaussian,0.95,2019-09-10,2020-09-10,-0.0017088511775099808,0.015150558522639142,0.01909872774678329,False
2020-09-14,Historical,0.95,2019-09-11,2020-09-11,-0.004692749288617175,0.015420628932066988,0.025437210009532918,False
2020-09-14,Gaussian,0.95,2019-09-11,2020-09-11,-0.004692749288617175,0.015129758155497983,0.019077189754998735,False
2020-09-15,Historical,0.95,2019-09-12,2020-09-14,-0.0038692096769496,0.015420628932066988,0.025437210009532918,False
2020-09-15,Gaussian,0.95,2019-09-12,2020-09-14,-0.0038692096769496,0.015130333498787837,0.019077105865673953,False
2020-09-16,Historical,0.95,2019-09-13,2020-09-15,0.001695223166965025,0.015420628932066988,0.025437210009532918,False
2020-09-16,Gaussian,0.95,2019-09-13,2020-09-15,0.001695223166965025,0.015122564076542123,0.019070376895162267,False
2020-09-17,Historical,0.95,2019-09-16,2020-09-16,0.00456981659365725,0.015420628932066988,0.025437210009532918,False
2020-09-17,Gaussian,0.95,2019-09-16,2020-09-16,0.00456981659365725,0.01510974806181961,0.01905640465819611,False
2020-09-18,Historical,0.95,2019-09-17,2020-09-17,0.004462112917211025,0.015420628932066988,0.025437210009532918,False
2020-09-18,Gaussian,0.95,2019-09-17,2020-09-17,0.004462112917211025,0.015139955072269933,0.01908880364616707,False
2020-09-21,Historical,0.95,2019-09-18,2020-09-18,0.015902622467238975,0.015420628932066988,0.025437210009532918,True
2020-09-21,Gaussian,0.95,2019-09-18,2020-09-18,0.015902622467238975,0.01517242144617592,0.019123195268922283,True
2020-09-22,Historical,0.95,2019-09-19,2020-09-21,-0.0025033183490493997,0.015993341413221115,0.025437210009532918,False
2020-09-22,Gaussian,0.95,2019-09-19,2020-09-21,-0.0025033183490493997,0.01532026526951032,0.019294074652463772,False
2020-09-23,Historical,0.95,2019-09-20,2020-09-22,0.0083386008137071,0.015993341413221115,0.025437210009532918,False
2020-09-23,Gaussian,0.95,2019-09-20,2020-09-22,0.0083386008137071,0.015320443484360995,0.01929422451463313,False
2020-09-24,Historical,0.95,2019-09-23,2020-09-23,0.0014423516781243502,0.015993341413221115,0.025437210009532918,False
2020-09-24,Gaussian,0.95,2019-09-23,2020-09-23,0.0014423516781243502,0.015388672965571787,0.019368491674961807,False
2020-09-25,Historical,0.95,2019-09-24,2020-09-24,-0.004341057415898175,0.015993341413221115,0.025437210009532918,False
2020-09-25,Gaussian,0.95,2019-09-24,2020-09-24,-0.004341057415898175,0.015399597871418536,0.019379616377493542,False
2020-09-28,Historical,0.95,2019-09-25,2020-09-25,-0.01014736404025615,0.015993341413221115,0.025437210009532918,False
2020-09-28,Gaussian,0.95,2019-09-25,2020-09-25,-0.01014736404025615,0.015384742229805789,0.019366127892962357,False
2020-09-29,Historical,0.95,2019-09-26,2020-09-28,0.00019275724175392482,0.015993341413221115,0.025437210009532918,False
2020-09-29,Gaussian,0.95,2019-09-26,2020-09-28,0.00019275724175392482,0.015349457929578984,0.019337054646844307,False
2020-09-30,Historical,0.95,2019-09-27,2020-09-29,0.0014442339503353248,0.015993341413221115,0.025437210009532918,False
2020-09-30,Gaussian,0.95,2019-09-27,2020-09-29,0.0014442339503353248,0.01535724449248595,0.019344638371685294,False
2020-10-01,Historical,0.95,2019-09-30,2020-09-30,-0.00426607175628255,0.015993341413221115,0.025437210009532918,False
2020-10-01,Gaussian,0.95,2019-09-30,2020-09-30,-0.00426607175628255,0.015365293479727404,0.019352965620224857,False
2020-10-02,Historical,0.95,2019-10-01,2020-10-01,0.0019035154477902749,0.015993341413221115,0.025437210009532918,False
2020-10-02,Gaussian,0.95,2019-10-01,2020-10-01,0.0019035154477902749,0.015337512652660172,0.01932553634011317,False
2020-10-05,Historical,0.95,2019-10-02,2020-10-02,-0.005857647086251575,0.015993341413221115,0.025437210009532918,False
2020-10-05,Gaussian,0.95,2019-10-02,2020-10-02,-0.005857647086251575,0.01533334243313458,0.019321035268847722,False
2020-10-06,Historical,0.95,2019-10-03,2020-10-05,0.0055601548425529505,0.015993341413221115,0.025437210009532918,False
2020-10-06,Gaussian,0.95,2019-10-03,2020-10-05,0.0055601548425529505,0.01525610920178488,0.0192390445453178,False
2020-10-07,Historical,0.95,2019-10-04,2020-10-06,-0.00336310649982275,0.015993341413221115,0.025437210009532918,False
2020-10-07,Gaussian,0.95,2019-10-04,2020-10-06,-0.00336310649982275,0.01530001915297156,0.019285558208709877,False
2020-10-08,Historical,0.95,2019-10-07,2020-10-07,-0.004679134943531275,0.015993341413221115,0.025437210009532918,False
2020-10-08,Gaussian,0.95,2019-10-07,2020-10-07,-0.004679134943531275,0.015302581623539016,0.01928529291912982,False
2020-10-09,Historical,0.95,2019-10-08,2020-10-08,-0.008233313714342175,0.015993341413221115,0.025437210009532918,False
2020-10-09,Gaussian,0.95,2019-10-08,2020-10-08,-0.008233313714342175,0.015276737864883424,0.01926028169652742,False
2020-10-12,Historical,0.95,2019-10-09,2020-10-09,-0.0030188070876789753,0.015993341413221115,0.025437210009532918,False
2020-10-12,Gaussian,0.95,2019-10-09,2020-10-09,-0.0030188070876789753,0.015248358750390684,0.019236184791655585,False
2020-10-13,Historical,0.95,2019-10-10,2020-10-12,0.0062721538543185,0.015993341413221115,0.025437210009532918,False
2020-10-13,Gaussian,0.95,2019-10-10,2020-10-12,0.0062721538543185,0.015247573182225574,0.019235541063397508,False
2020-10-14,Historical,0.95,2019-10-11,2020-10-13,0.002248745648061475,0.015993341413221115,0.025437210009532918,False
2020-10-14,Gaussian,0.95,2019-10-11,2020-10-13,0.002248745648061475,0.015281215664362425,0.019272829709039947,False
2020-10-15,Historical,0.95,2019-10-14,2020-10-14,0.004059829775564025,0.015993341413221115,0.025437210009532918,False
2020-10-15,Gaussian,0.95,2019-10-14,2020-10-14,0.004059829775564025,0.015299079818141251,0.01929116568221615,False
2020-10-16,Historical,0.95,2019-10-15,2020-10-15,-0.002756620864203075,0.015993341413221115,0.025437210009532918,False
2020-10-16,Gaussian,0.95,2019-10-15,2020-10-15,-0.002756620864203075,0.015322944492147484,0.019316777944581646,False
2020-10-19,Historical,0.95,2019-10-16,2020-10-16,0.00584253421981365,0.015993341413221115,0.025437210009532918,False
2020-10-19,Gaussian,0.95,2019-10-16,2020-10-16,0.00584253421981365,0.015311440812405019,0.0193056842399647,False
2020-10-20,Historical,0.95,2019-10-17,2020-10-19,-0.002041249563847025,0.015993341413221115,0.025437210009532918,False
2020-10-20,Gaussian,0.95,2019-10-17,2020-10-19,-0.002041249563847025,0.015347843530159819,0.01934548539691883,False
2020-10-21,Historical,0.95,2019-10-18,2020-10-20,0.003781434155704575,0.015993341413221115,0.025437210009532918,False
2020-10-21,Gaussian,0.95,2019-10-18,2020-10-20,0.003781434155704575,0.015346052172893154,0.0193438335303417,False
2020-10-22,Historical,0.95,2019-10-21,2020-10-21,0.0016176603751145997,0.015993341413221115,0.025437210009532918,False
2020-10-22,Gaussian,0.95,2019-10-21,2020-10-21,0.0016176603751145997,0.01535649023278648,0.019355241478287648,False
2020-10-23,Historical,0.95,2019-10-22,2020-10-22,-0.0041728025974837255,0.015993341413221115,0.025437210009532918,False
2020-10-23,Gaussian,0.95,2019-10-22,2020-10-22,-0.0041728025974837255,0.015364561604810745,0.019363654222438405,False
2020-10-26,Historical,0.95,2019-10-23,2020-10-23,0.0070224421512073,0.015993341413221115,0.025437210009532918,False
2020-10-26,Gaussian,0.95,2019-10-23,2020-10-23,0.0070224421512073,0.015360296789259698,0.019360381330506552,False
2020-10-27,Historical,0.95,2019-10-24,2020-10-26,0.0022583018751012,0.015993341413221115,0.025437210009532918,False
2020-10-27,Gaussian,0.95,2019-10-24,2020-10-26,0.0022583018751012,0.015416945515855946,0.019421175377424868,False
2020-10-28,Historical,0.95,2019-10-25,2020-10-27,0.019258400819430626,0.015993341413221115,0.025437210009532918,True
2020-10-28,Gaussian,0.95,2019-10-25,2020-10-27,0.019258400819430626,0.01544034818835833,0.019443613043249153,True
2020-10-29,Historical,0.95,2019-10-28,2020-10-28,-0.0008518282974685496,0.016129003405930573,0.025682658841382322,False
2020-10-29,Gaussian,0.95,2019-10-28,2020-10-28,-0.0008518282974685496,0.01565200828716271,0.01968852361752854,False
2020-10-30,Historical,0.95,2019-10-29,2020-10-29,0.00290304940585675,0.016129003405930573,0.025682658841382322,False
2020-10-30,Gaussian,0.95,2019-10-29,2020-10-29,0.00290304940585675,0.015641878780183516,0.019678173741539823,False
2020-11-02,Historical,0.95,2019-10-30,2020-10-30,-0.0094177883097974,0.016129003405930573,0.025682658841382322,False
2020-11-02,Gaussian,0.95,2019-10-30,2020-10-30,-0.0094177883097974,0.0156496867094651,0.019686568848397375,False
2020-11-03,Historical,0.95,2019-10-31,2020-11-02,-0.01113413077339535,0.016129003405930573,0.025682658841382322,False
2020-11-03,Gaussian,0.95,2019-10-31,2020-11-02,-0.01113413077339535,0.015652242545802848,0.01969503796866455,False
2020-11-04,Historical,0.95,2019-11-01,2020-11-03,-0.011646657696073825,0.016129003405930573,0.025682658841382322,False
2020-11-04,Gaussian,0.95,2019-11-01,2020-11-03,-0.011646657696073825,0.015649919304922714,0.019702908711766717,False
2020-11-05,Historical,0.95,2019-11-04,2020-11-04,-0.011542834792897926,0.016129003405930573,0.025682658841382322,False
2020-11-05,Gaussian,0.95,2019-11-04,2020-11-04,-0.011542834792897926,0.015658415149639865,0.019721297975591426,False
2020-11-06,Historical,0.95,2019-11-05,2020-11-05,0.0004035786160652,0.016129003405930573,0.025682658841382322,False
2020-11-06,Gaussian,0.95,2019-11-05,2020-11-05,0.0004035786160652,0.015659400003973343,0.019733002238637293,False
2020-11-09,Historical,0.95,2019-11-06,2020-11-06,-0.0016985338385086491,0.016129003405930573,0.025682658841382322,False
2020-11-09,Gaussian,0.95,2019-11-06,2020-11-06,-0.0016985338385086491,0.01563092343931588,0.019702024885849437,False
2020-11-10,Historical,0.95,2019-11-07,2020-11-09,-0.0042371486206013755,0.016129003405930573,0.025682658841382322,False
2020-11-10,Gaussian,0.95,2019-11-07,2020-11-09,-0.0042371486206013755,0.015632565795942348,0.019703513838991372,False
2020-11-11,Historical,0.95,2019-11-08,2020-11-10,-0.004612205689946474,0.016129003405930573,0.025682658841382322,False
2020-11-11,Gaussian,0.95,2019-11-08,2020-11-10,-0.004612205689946474,0.015591652416878902,0.019661460550954572,False
2020-11-12,Historical,0.95,2019-11-11,2020-11-11,0.0012486072036078,0.016129003405930573,0.025682658841382322,False
2020-11-12,Gaussian,0.95,2019-11-11,2020-11-11,0.0012486072036078,0.015563848508480069,0.019634203636620932,False
2020-11-13,Historical,0.95,2019-11-12,2020-11-12,-0.003887252861872175,0.016129003405930573,0.025682658841382322,False
2020-11-13,Gaussian,0.95,2019-11-12,2020-11-12,-0.003887252861872175,0.01556051951219459,0.019630659015801046,False
2020-11-16,Historical,0.95,2019-11-13,2020-11-13,-0.0068621137828343975,0.016129003405930573,0.025682658841382322,False
2020-11-16,Gaussian,0.95,2019-11-13,2020-11-13,-0.0068621137828343975,0.015557374888704269,0.019628188116438107,False
2020-11-17,Historical,0.95,2019-11-14,2020-11-16,0.0036489710151960996,0.016129003405930573,0.025682658841382322,False
2020-11-17,Gaussian,0.95,2019-11-14,2020-11-16,0.0036489710151960996,0.015548968716403743,0.019623221556578394,False
2020-11-18,Historical,0.95,2019-11-15,2020-11-17,0.003623167417342075,0.016129003405930573,0.025682658841382322,False
2020-11-18,Gaussian,0.95,2019-11-15,2020-11-17,0.003623167417342075,0.015571493582241526,0.019647213325913293,False
2020-11-19,Historical,0.95,2019-11-18,2020-11-18,0.001201954377652275,0.016129003405930573,0.025682658841382322,False
2020-11-19,Gaussian,0.95,2019-11-18,2020-11-18,0.001201954377652275,0.015597060493760436,0.019674133965496395,False
2020-11-20,Historical,0.95,2019-11-19,2020-11-19,-0.00016955765042749992,0.016129003405930573,0.025682658841382322,False
2020-11-20,Gaussian,0.95,2019-11-19,2020-11-19,-0.00016955765042749992,0.015608277271888647,0.019685496283862063,False
2020-11-23,Historical,0.95,2019-11-20,2020-11-20,0.0047090770671847255,0.016129003405930573,0.025682658841382322,False
2020-11-23,Gaussian,0.95,2019-11-20,2020-11-20,0.0047090770671847255,0.0156115183442495,0.019688716589261707,False
2020-11-24,Historical,0.95,2019-11-21,2020-11-23,-0.00369728535485835,0.016129003405930573,0.025682658841382322,False
2020-11-24,Gaussian,0.95,2019-11-21,2020-11-23,-0.00369728535485835,0.015629373811686425,0.019708341690661605,False
2020-11-25,Historical,0.95,2019-11-22,2020-11-24,0.002028109923401575,0.016129003405930573,0.025682658841382322,False
2020-11-25,Gaussian,0.95,2019-11-22,2020-11-24,0.002028109923401575,0.015600804108349856,0.019679536006364393,False
2020-11-27,Historical,0.95,2019-11-25,2020-11-25,0.0021075527493415753,0.016129003405930573,0.025682658841382322,False
2020-11-27,Gaussian,0.95,2019-11-25,2020-11-25,0.0021075527493415753,0.01562094216808116,0.019699605063035443,False
2020-11-30,Historical,0.95,2019-11-26,2020-11-27,0.0069646057971862,0.016129003405930573,0.025682658841382322,False
2020-11-30,Gaussian,0.95,2019-11-26,2020-11-27,0.0069646057971862,0.01564165159256603,0.019720220600053198,False
2020-12-01,Historical,0.95,2019-11-27,2020-11-30,-0.011480436535666475,0.016129003405930573,0.025682658841382322,False
2020-12-01,Gaussian,0.95,2019-11-27,2020-11-30,-0.011480436535666475,0.015696202345415727,0.019779060362028016,False
2020-12-02,Historical,0.95,2019-11-29,2020-12-01,-0.004991921143334425,0.016129003405930573,0.025682658841382322,False
2020-12-02,Gaussian,0.95,2019-11-29,2020-12-01,-0.004991921143334425,0.015691570663418922,0.01978494579221047,False
2020-12-03,Historical,0.95,2019-12-02,2020-12-02,-0.00352235110018615,0.016129003405930573,0.025682658841382322,False
2020-12-03,Gaussian,0.95,2019-12-02,2020-12-02,-0.00352235110018615,0.015665953669366652,0.019760389528694505,False
2020-12-04,Historical,0.95,2019-12-03,2020-12-03,-0.0028267172601031,0.016129003405930573,0.025682658841382322,False
2020-12-04,Gaussian,0.95,2019-12-03,2020-12-03,-0.0028267172601031,0.015623024479842524,0.019715463086604407,False
2020-12-07,Historical,0.95,2019-12-04,2020-12-04,-0.004218335852651901,0.016129003405930573,0.025682658841382322,False
2020-12-07,Gaussian,0.95,2019-12-04,2020-12-04,-0.004218335852651901,0.015606760815886666,0.019699358931556013,False
2020-12-08,Historical,0.95,2019-12-05,2020-12-07,-0.001949035705899475,0.016129003405930573,0.025682658841382322,False
2020-12-08,Gaussian,0.95,2019-12-05,2020-12-07,-0.001949035705899475,0.01559957362446276,0.019693294411997478,False
2020-12-09,Historical,0.95,2019-12-06,2020-12-08,0.00640585268339675,0.016129003405930573,0.025682658841382322,False
2020-12-09,Gaussian,0.95,2019-12-06,2020-12-08,0.00640585268339675,0.015583314921140021,0.01967673871518403,False
2020-12-10,Historical,0.95,2019-12-09,2020-12-09,-0.001116675111673775,0.016129003405930573,0.025682658841382322,False
2020-12-10,Gaussian,0.95,2019-12-09,2020-12-09,-0.001116675111673775,0.015634006851397257,0.019731153159610403,False
2020-12-11,Historical,0.95,2019-12-10,2020-12-10,0.001358934566366125,0.016129003405930573,0.025682658841382322,False
2020-12-11,Gaussian,0.95,2019-12-10,2020-12-10,0.001358934566366125,0.01562560392367874,0.019722625015522924,False
2020-12-14,Historical,0.95,2019-12-11,2020-12-11,0.003185084712196625,0.016129003405930573,0.025682658841382322,False
2020-12-14,Gaussian,0.95,2019-12-11,2020-12-11,0.003185084712196625,0.01562961878168383,0.019726840753911703,False
2020-12-15,Historical,0.95,2019-12-12,2020-12-14,-0.005769945184396751,0.016129003405930573,0.025682658841382322,False
2020-12-15,Gaussian,0.95,2019-12-12,2020-12-14,-0.005769945184396751,0.015657974131493824,0.019755533521394333,False
2020-12-16,Historical,0.95,2019-12-13,2020-12-15,-0.0038255829371407497,0.016129003405930573,0.025682658841382322,False
2020-12-16,Gaussian,0.95,2019-12-13,2020-12-15,-0.0038255829371407497,0.015649180470447374,0.01974907998096265,False
2020-12-17,Historical,0.95,2019-12-16,2020-12-16,-0.00313461144301315,0.016129003405930573,0.025682658841382322,False
2020-12-17,Gaussian,0.95,2019-12-16,2020-12-16,-0.00313461144301315,0.015651071585586974,0.01974989789236182,False
2020-12-18,Historical,0.95,2019-12-17,2020-12-17,0.00234664943396655,0.016129003405930573,0.025682658841382322,False
2020-12-18,Gaussian,0.95,2019-12-17,2020-12-17,0.00234664943396655,0.015654685510601413,0.019751281483734933,False
2020-12-21,Historical,0.95,2019-12-18,2020-12-18,0.0059257693929346,0.016129003405930573,0.025682658841382322,False
2020-12-21,Gaussian,0.95,2019-12-18,2020-12-18,0.0059257693929346,0.015667757422050274,0.019765026684818242,False
2020-12-23,Historical,0.95,2019-12-19,2020-12-21,-0.0023339406045774,0.016129003405930573,0.025682658841382322,False
2020-12-23,Gaussian,0.95,2019-12-19,2020-12-21,-0.0023339406045774,0.015703966518712684,0.019804669955917176,False
2020-12-24,Historical,0.95,2019-12-20,2020-12-23,-0.0024781837853296,0.016129003405930573,0.025682658841382322,False
2020-12-24,Gaussian,0.95,2019-12-20,2020-12-23,-0.0024781837853296,0.01570574684914767,0.01980617345489562,False
2020-12-29,Historical,0.95,2019-12-23,2020-12-24,-0.005466030674196334,0.016129003405930573,0.025682658841382322,False
2020-12-29,Gaussian,0.95,2019-12-23,2020-12-24,-0.005466030674196334,0.015703732533016535,0.019804362490801836,False
2020-12-30,Historical,0.95,2019-12-24,2020-12-29,-0.0006404108090608252,0.016129003405930573,0.025682658841382322,False
2020-12-30,Gaussian,0.95,2019-12-24,2020-12-29,-0.0006404108090608252,0.015697875058923155,0.019800421818377795,False
2020-12-31,Historical,0.95,2019-12-27,2020-12-30,0.0009291191935882001,0.016129003405930573,0.025682658841382322,False
2020-12-31,Gaussian,0.95,2019-12-27,2020-12-30,0.0009291191935882001,0.015705183137678012,0.01980716607843559,False
2021-01-04,Historical,0.95,2019-12-30,2020-12-31,-0.0062493199549893495,0.016129003405930573,0.025682658841382322,False
2021-01-04,Gaussian,0.95,2019-12-30,2020-12-31,-0.0062493199549893495,0.015721696093775175,0.0198225530229098,False
2021-01-05,Historical,0.95,2019-12-31,2021-01-04,-0.003464381883978325,0.016129003405930573,0.025682658841382322,False
2021-01-05,Gaussian,0.95,2019-12-31,2021-01-04,-0.003464381883978325,0.015692287784596904,0.019795038641516337,False
2021-01-06,Historical,0.95,2020-01-02,2021-01-05,-0.0045860269384353,0.016129003405930573,0.025682658841382322,False
2021-01-06,Gaussian,0.95,2020-01-02,2021-01-05,-0.0045860269384353,0.01567588598254777,0.019779176421081072,False
2021-01-07,Historical,0.95,2020-01-03,2021-01-06,-0.0027976108073311003,0.016129003405930573,0.025682658841382322,False
2021-01-07,Gaussian,0.95,2020-01-03,2021-01-06,-0.0027976108073311003,0.01567683545114919,0.019777771626876415,False
2021-01-08,Historical,0.95,2020-01-06,2021-01-07,0.007302076721203399,0.016129003405930573,0.025682658841382322,False
2021-01-08,Gaussian,0.95,2020-01-06,2021-01-07,0.007302076721203399,0.01567896351294779,0.01977940353255334,False
2021-01-11,Historical,0.95,2020-01-07,2021-01-08,0.005336073791742824,0.016129003405930573,0.025682658841382322,False
2021-01-11,Gaussian,0.95,2020-01-07,2021-01-08,0.005336073791742824,0.01573459844303049,0.019840032758445328,False
2021-01-12,Historical,0.95,2020-01-08,2021-01-11,-4.7491847347075125e-05,0.016129003405930573,0.025682658841382322,False
2021-01-12,Gaussian,0.95,2020-01-08,2021-01-11,-4.7491847347075125e-05,0.015766472890473556,0.019874706737523555,False
2021-01-13,Historical,0.95,2020-01-09,2021-01-12,-4.2440570001699954e-05,0.016129003405930573,0.025682658841382322,False
2021-01-13,Gaussian,0.95,2020-01-09,2021-01-12,-4.2440570001699954e-05,0.01576065142432615,0.019868675401313738,False
2021-01-14,Historical,0.95,2020-01-10,2021-01-13,-0.0004557342884853999,0.016129003405930573,0.025682658841382322,False
2021-01-14,Gaussian,0.95,2020-01-10,2021-01-13,-0.0004557342884853999,0.01576510490208011,0.019873087125872685,False
2021-01-15,Historical,0.95,2020-01-13,2021-01-14,0.00665902116607425,0.016129003405930573,0.025682658841382322,False
2021-01-15,Gaussian,0.95,2020-01-13,2021-01-14,0.00665902116607425,0.015767155236868335,0.019875107646301682,False
2021-01-19,Historical,0.95,2020-01-14,2021-01-15,-0.0034575567200939,0.016129003405930573,0.025682658841382322,False
2021-01-19,Gaussian,0.95,2020-01-14,2021-01-15,-0.0034575567200939,0.015812761859268346,0.019924948670814017,False
2021-01-20,Historical,0.95,2020-01-15,2021-01-19,-0.008680376677298474,0.016129003405930573,0.025682658841382322,False
2021-01-20,Gaussian,0.95,2020-01-15,2021-01-19,-0.008680376677298474,0.015802274544872617,0.019915258900927813,False
2021-01-21,Historical,0.95,2020-01-16,2021-01-20,0.001363241226536675,0.016129003405930573,0.025682658841382322,False
2021-01-21,Gaussian,0.95,2020-01-16,2021-01-20,0.001363241226536675,0.01580077164741665,0.019918918810452442,False
2021-01-22,Historical,0.95,2020-01-17,2021-01-21,0.00309662895324385,0.016129003405930573,0.025682658841382322,False
2021-01-22,Gaussian,0.95,2020-01-17,2021-01-21,0.00309662895324385,0.015807662841427723,0.01992606899385024,False
2021-01-25,Historical,0.95,2020-01-21,2021-01-22,-3.3020513437475186e-05,0.016129003405930573,0.025682658841382322,False
2021-01-25,Gaussian,0.95,2020-01-21,2021-01-22,-3.3020513437475186e-05,0.015834599180760568,0.01995329362019936,False
2021-01-26,Historical,0.95,2020-01-22,2021-01-25,0.000505200843690925,0.016129003405930573,0.025682658841382322,False
2021-01-26,Gaussian,0.95,2020-01-22,2021-01-25,0.000505200843690925,0.015827409196418785,0.019945817990416476,False
2021-01-27,Historical,0.95,2020-01-23,2021-01-26,0.010963042510874375,0.016129003405930573,0.025682658841382322,False
2021-01-27,Gaussian,0.95,2020-01-23,2021-01-26,0.010963042510874375,0.01582469430689753,0.01994298971837848,False
2021-01-28,Historical,0.95,2020-01-24,2021-01-27,-0.00045324422484595023,0.016129003405930573,0.025682658841382322,False
2021-01-28,Gaussian,0.95,2020-01-24,2021-01-27,-0.00045324422484595023,0.015908574755076253,0.020037695453212497,False
2021-01-29,Historical,0.95,2020-01-27,2021-01-28,0.00991789791278485,0.016129003405930573,0.025682658841382322,False
2021-01-29,Gaussian,0.95,2020-01-27,2021-01-28,0.00991789791278485,0.01591570730063615,0.02004435609775919,False
2021-02-01,Historical,0.95,2020-01-28,2021-01-29,-0.00896937951231275,0.016129003405930573,0.025682658841382322,False
2021-02-01,Gaussian,0.95,2020-01-28,2021-01-29,-0.00896937951231275,0.015950849570143494,0.020084716512496385,False
2021-02-02,Historical,0.95,2020-01-29,2021-02-01,-0.0017455158404261503,0.016129003405930573,0.025682658841382322,False
2021-02-02,Gaussian,0.95,2020-01-29,2021-02-01,-0.0017455158404261503,0.015946190056588195,0.02008620300492079,False
2021-02-03,Historical,0.95,2020-01-30,2021-02-02,0.001079257799990625,0.016129003405930573,0.025682658841382322,False
2021-02-03,Gaussian,0.95,2020-01-30,2021-02-02,0.001079257799990625,0.015948137592923264,0.020087948546183173,False
2021-02-04,Historical,0.95,2020-01-31,2021-02-03,0.0029113902138526745,0.016129003405930573,0.025682658841382322,False
2021-02-04,Gaussian,0.95,2020-01-31,2021-02-03,0.0029113902138526745,0.01594129912014587,0.02008066512361128,False
2021-02-05,Historical,0.95,2020-02-03,2021-02-04,-0.0023595806561794753,0.016129003405930573,0.025682658841382322,False
2021-02-05,Gaussian,0.95,2020-02-03,2021-02-04,-0.0023595806561794753,0.01592713576082324,0.02006499936759658,False
2021-02-08,Historical,0.95,2020-02-04,2021-02-05,-0.00579095058070175,0.016129003405930573,0.025682658841382322,False
2021-02-08,Gaussian,0.95,2020-02-04,2021-02-05,-0.00579095058070175,0.015924134238792728,0.020062251434261713,False
2021-02-09,Historical,0.95,2020-02-05,2021-02-08,-0.0010391781627715998,0.016129003405930573,0.025682658841382322,False
2021-02-09,Gaussian,0.95,2020-02-05,2021-02-08,-0.0010391781627715998,0.01592026990034526,0.02006032696699147,False
2021-02-10,Historical,0.95,2020-02-06,2021-02-09,-0.0011891435535246252,0.016129003405930573,0.025682658841382322,False
2021-02-10,Gaussian,0.95,2020-02-06,2021-02-09,-0.0011891435535246252,0.015926945141657108,0.020066225868070522,False
2021-02-11,Historical,0.95,2020-02-07,2021-02-10,0.0017811606958286746,0.016129003405930573,0.025682658841382322,False
2021-02-11,Gaussian,0.95,2020-02-07,2021-02-10,0.0017811606958286746,0.015932320560122514,0.020071024036060155,False
2021-02-12,Historical,0.95,2020-02-10,2021-02-11,-0.0019331296856657753,0.016129003405930573,0.025682658841382322,False
2021-02-12,Gaussian,0.95,2020-02-10,2021-02-11,-0.0019331296856657753,0.015937512841102345,0.020076497898283214,False
2021-02-16,Historical,0.95,2020-02-11,2021-02-12,-0.0005010836855788499,0.016129003405930573,0.025682658841382322,False
2021-02-16,Gaussian,0.95,2020-02-11,2021-02-12,-0.0005010836855788499,0.015938541320448925,0.020077417803577195,False
2021-02-17,Historical,0.95,2020-02-12,2021-02-16,0.0041548845411136,0.016129003405930573,0.025682658841382322,False
2021-02-17,Gaussian,0.95,2020-02-12,2021-02-16,0.0041548845411136,0.015939414063247438,0.02007828042064401,False
2021-02-18,Historical,0.95,2020-02-13,2021-02-17,0.004630926319811116,0.016129003405930573,0.025682658841382322,False
2021-02-18,Gaussian,0.95,2020-02-13,2021-02-17,0.004630926319811116,0.01596967509259015,0.020110036737079985,False
2021-02-19,Historical,0.95,2020-02-14,2021-02-18,0.00017396763534032513,0.016129003405930573,0.025682658841382322,False
2021-02-19,Gaussian,0.95,2020-02-14,2021-02-18,0.00017396763534032513,0.01598928418543806,0.02013144269964186,False
2021-02-22,Historical,0.95,2020-02-18,2021-02-19,-0.0009562569700433247,0.016129003405930573,0.025682658841382322,False
2021-02-22,Gaussian,0.95,2020-02-18,2021-02-19,-0.0009562569700433247,0.01599275582715681,0.020134922825610312,False
2021-02-23,Historical,0.95,2020-02-19,2021-02-22,-0.0004502112670661999,0.016129003405930573,0.025682658841382322,False
2021-02-23,Gaussian,0.95,2020-02-19,2021-02-22,-0.0004502112670661999,0.015995995857839385,0.020137968518465898,False
2021-02-24,Historical,0.95,2020-02-20,2021-02-23,-0.003565924572801725,0.016129003405930573,0.025682658841382322,False
2021-02-24,Gaussian,0.95,2020-02-20,2021-02-23,-0.003565924572801725,0.0160069442355589,0.020146942754317707,False
2021-02-25,Historical,0.95,2020-02-21,2021-02-24,0.014419103286154478,0.016129003405930573,0.025682658841382322,False
2021-02-25,Gaussian,0.95,2020-02-21,2021-02-24,0.014419103286154478,0.015996674315923894,0.020137575019623762,False
2021-02-26,Historical,0.95,2020-02-24,2021-02-25,0.011325417128466625,0.016129003405930573,0.025682658841382322,False
2021-02-26,Gaussian,0.95,2020-02-24,2021-02-25,0.011325417128466625,0.016130091702146035,0.020289178751057648,False
2021-03-01,Historical,0.95,2020-02-25,2021-02-26,-0.009286888341831799,0.016129003405930573,0.025682658841382322,False
2021-03-01,Gaussian,0.95,2020-02-25,2021-02-26,-0.009286888341831799,0.01611556156404555,0.02027217963667031,False
2021-03-02,Historical,0.95,2020-02-26,2021-03-01,-0.0007560426366102499,0.015993341413221115,0.02567279619250271,False
2021-03-02,Gaussian,0.95,2020-02-26,2021-03-01,-0.0007560426366102499,0.015950016155160115,0.020090473518964033,False
2021-03-03,Historical,0.95,2020-02-27,2021-03-02,0.005028527682404875,0.015993341413221115,0.02567279619250271,False
2021-03-03,Gaussian,0.95,2020-02-27,2021-03-02,0.005028527682404875,0.015950525338872656,0.020090971529465707,False
2021-03-04,Historical,0.95,2020-02-28,2021-03-03,0.007972338193533251,0.01532990998608485,0.025471834826083242,False
2021-03-04,Gaussian,0.95,2020-02-28,2021-03-03,0.007972338193533251,0.0157869987977261,0.019899607204038834,False
2021-03-05,Historical,0.95,2020-03-02,2021-03-04,-0.0039152854770711995,0.014535056914340377,0.025341964248422652,False
2021-03-05,Gaussian,0.95,2020-03-02,2021-03-04,-0.0039152854770711995,0.01568308390493471,0.01977777452489246,False
2021-03-08,Historical,0.95,2020-03-03,2021-03-05,0.0015744382276252748,0.014535056914340377,0.025341964248422652,False
2021-03-08,Gaussian,0.95,2020-03-03,2021-03-05,0.0015744382276252748,0.0156563947600686,0.01973248944328169,False
2021-03-09,Historical,0.95,2020-03-04,2021-03-08,-0.010457607784568425,0.014535056914340377,0.025341964248422652,False
2021-03-09,Gaussian,0.95,2020-03-04,2021-03-08,-0.010457607784568425,0.015677271352427323,0.019750856252123392,False
2021-03-10,Historical,0.95,2020-03-05,2021-03-09,-0.0031316305008466,0.014535056914340377,0.025341964248422652,False
2021-03-10,Gaussian,0.95,2020-03-05,2021-03-09,-0.0031316305008466,0.015662560726155465,0.019728742975086283,False
2021-03-11,Historical,0.95,2020-03-06,2021-03-10,-0.00271895952651035,0.014535056914340377,0.025341964248422652,False
2021-03-11,Gaussian,0.95,2020-03-06,2021-03-10,-0.00271895952651035,0.015623647279218526,0.019688105957170028,False
2021-03-12,Historical,0.95,2020-03-09,2021-03-11,0.00069236894199725,0.014535056914340377,0.025341964248422652,False
2021-03-12,Gaussian,0.95,2020-03-09,2021-03-11,0.00069236894199725,0.015530087240373957,0.019584396127020016,False
2021-03-15,Historical,0.95,2020-03-10,2021-03-12,-0.0025932191953993997,0.01435248366389976,0.02371607891173643,False
2021-03-15,Gaussian,0.95,2020-03-10,2021-03-12,-0.0025932191953993997,0.014942301491552719,0.018882715766262475,False
2021-03-16,Historical,0.95,2020-03-11,2021-03-15,-0.0017912449265439748,0.01435248366389976,0.02371607891173643,False
2021-03-16,Gaussian,0.95,2020-03-11,2021-03-15,-0.0017912449265439748,0.014941373623456213,0.018881901063269094,False
2021-03-17,Historical,0.95,2020-03-12,2021-03-16,-0.0005866010638774249,0.013656966592694761,0.023343636805581082,False
2021-03-17,Gaussian,0.95,2020-03-12,2021-03-16,-0.0005866010638774249,0.014721377390299266,0.018627258801649144,False
2021-03-18,Historical,0.95,2020-03-13,2021-03-17,0.006073861812931574,0.01249356111313858,0.01965891809030956,False
2021-03-18,Gaussian,0.95,2020-03-13,2021-03-17,0.006073861812931574,0.013071554052506297,0.016620700346105997,False
2021-03-19,Historical,0.95,2020-03-16,2021-03-18,0.0018776790932666498,0.01249356111313858,0.01965891809030956,False
2021-03-19,Gaussian,0.95,2020-03-16,2021-03-18,0.0018776790932666498,0.013050186877120009,0.016567310702062008,False
2021-03-22,Historical,0.95,2020-03-17,2021-03-19,-0.0028555081236786503,0.011690371217251763,0.01779391201804956,False
2021-03-22,Gaussian,0.95,2020-03-17,2021-03-19,-0.0028555081236786503,0.01236482751260698,0.01574275402512044,False
2021-03-23,Historical,0.95,2020-03-18,2021-03-22,0.00349817014406065,0.011690371217251763,0.01779391201804956,False
2021-03-23,Gaussian,0.95,2020-03-18,2021-03-22,0.00349817014406065,0.012295470516731462,0.01563928224896187,False
2021-03-24,Historical,0.95,2020-03-19,2021-03-23,-0.00033869071239972515,0.011168605900475824,0.01623997497882334,False
2021-03-24,Gaussian,0.95,2020-03-19,2021-03-23,-0.00033869071239972515,0.01174966224832842,0.014983298066936804,False
2021-03-25,Historical,0.95,2020-03-20,2021-03-24,0.0013458999659282749,0.011168605900475824,0.01623997497882334,False
2021-03-25,Gaussian,0.95,2020-03-20,2021-03-24,0.0013458999659282749,0.011751521603523565,0.014985196835816457,False
2021-03-26,Historical,0.95,2020-03-23,2021-03-25,-0.00649952332014855,0.011168605900475824,0.01623997497882334,False
2021-03-26,Gaussian,0.95,2020-03-23,2021-03-25,-0.00649952332014855,0.011763903293391184,0.014998156510780907,False
2021-03-29,Historical,0.95,2020-03-24,2021-03-26,0.004212633281032575,0.011168605900475824,0.01623997497882334,False
2021-03-29,Gaussian,0.95,2020-03-24,2021-03-26,0.004212633281032575,0.011733538182894701,0.014969530202078592,False
2021-03-30,Historical,0.95,2020-03-25,2021-03-29,0.003950880446038925,0.011168605900475824,0.01623997497882334,False
2021-03-30,Gaussian,0.95,2020-03-25,2021-03-29,0.003950880446038925,0.010592018678332895,0.013476302920100089,False
2021-03-31,Historical,0.95,2020-03-26,2021-03-30,-0.0021843326514610502,0.011168605900475824,0.01623997497882334,False
2021-03-31,Gaussian,0.95,2020-03-26,2021-03-30,-0.0021843326514610502,0.010613370031719013,0.013488164572950264,False
2021-04-01,Historical,0.95,2020-03-27,2021-03-31,-0.008103356526299024,0.011168605900475824,0.01623997497882334,False
2021-04-01,Gaussian,0.95,2020-03-27,2021-03-31,-0.008103356526299024,0.010417268253083431,0.013219042386402197,False
2021-04-06,Historical,0.95,2020-03-30,2021-04-01,-0.0089860037844577,0.010970690383005808,0.015444932827522557,False
2021-04-06,Gaussian,0.95,2020-03-30,2021-04-01,-0.0089860037844577,0.01008671724505088,0.012834409339539833,False
2021-04-07,Historical,0.95,2020-03-31,2021-04-06,-0.0017707665814050248,0.010970690383005808,0.015444932827522557,False
2021-04-07,Gaussian,0.95,2020-03-31,2021-04-06,-0.0017707665814050248,0.01006549338287481,0.012804242717490616,False
2021-04-08,Historical,0.95,2020-04-01,2021-04-07,-0.0066679979944625,0.010970690383005808,0.015444932827522557,False
2021-04-08,Gaussian,0.95,2020-04-01,2021-04-07,-0.0066679979944625,0.010004916126432157,0.012736828100568894,False
2021-04-09,Historical,0.95,2020-04-02,2021-04-08,0.0015634943203429747,0.010492727441734072,0.01496240972366419,False
2021-04-09,Gaussian,0.95,2020-04-02,2021-04-08,0.0015634943203429747,0.00976142184201659,0.012455766604253505,False
2021-04-12,Historical,0.95,2020-04-03,2021-04-09,0.0026841481443295,0.010492727441734072,0.01496240972366419,False
2021-04-12,Gaussian,0.95,2020-04-03,2021-04-09,0.0026841481443295,0.009761243677537217,0.012442756259503113,False
2021-04-13,Historical,0.95,2020-04-06,2021-04-12,-0.00368093597671875,0.010492727441734072,0.01496240972366419,False
2021-04-13,Gaussian,0.95,2020-04-06,2021-04-12,-0.00368093597671875,0.009737696392706156,0.012415902283343043,False
2021-04-14,Historical,0.95,2020-04-07,2021-04-13,0.0006335416817111748,0.010492727441734072,0.01496240972366419,False
2021-04-14,Gaussian,0.95,2020-04-07,2021-04-13,0.0006335416817111748,0.009366491228632548,0.01192254647352465,False
2021-04-15,Historical,0.95,2020-04-08,2021-04-14,-0.009998338030294825,0.010492727441734072,0.01496240972366419,False
2021-04-15,Gaussian,0.95,2020-04-08,2021-04-14,-0.009998338030294825,0.009378428625042142,0.011934213752580154,False
2021-04-16,Historical,0.95,2020-04-09,2021-04-15,-0.003026800812657125,0.010492727441734072,0.01496240972366419,False
2021-04-16,Gaussian,0.95,2020-04-09,2021-04-15,-0.003026800812657125,0.009395217496434648,0.01196054767597046,False
2021-04-19,Historical,0.95,2020-04-14,2021-04-16,0.0029714896602464,0.010492727441734072,0.01496240972366419,False
2021-04-19,Gaussian,0.95,2020-04-14,2021-04-16,0.0029714896602464,0.009295954230808813,0.011820896542284466,False
2021-04-20,Historical,0.95,2020-04-15,2021-04-19,0.0050740267825652,0.010492727441734072,0.01496240972366419,False
2021-04-20,Gaussian,0.95,2020-04-15,2021-04-19,0.0050740267825652,0.009312862378342706,0.011830016868965752,False
2021-04-21,Historical,0.95,2020-04-16,2021-04-20,-0.006225480369749125,0.009207214218199835,0.014732524303610788,False
2021-04-21,Gaussian,0.95,2020-04-16,2021-04-20,-0.006225480369749125,0.00919871961990228,0.011694836208594248,False
2021-04-22,Historical,0.95,2020-04-17,2021-04-21,0.002171748084800725,0.009207214218199835,0.014732524303610788,False
2021-04-22,Gaussian,0.95,2020-04-17,2021-04-21,0.002171748084800725,0.00919981918402932,0.011699619186075327,False
2021-04-23,Historical,0.95,2020-04-20,2021-04-22,-0.0014616990292612006,0.009207214218199835,0.014732524303610788,False
2021-04-23,Gaussian,0.95,2020-04-20,2021-04-22,-0.0014616990292612006,0.009213696349676974,0.011706448433552865,False
2021-04-26,Historical,0.95,2020-04-21,2021-04-23,-0.001727412113242225,0.009207214218199835,0.014732524303610788,False
2021-04-26,Gaussian,0.95,2020-04-21,2021-04-23,-0.001727412113242225,0.009203308423885082,0.011695838852904603,False
2021-04-27,Historical,0.95,2020-04-22,2021-04-26,0.00231635202488225,0.008280870265932825,0.01413798851963531,False
2021-04-27,Gaussian,0.95,2020-04-22,2021-04-26,0.00231635202488225,0.008976914045346255,0.011430013738075723,False
2021-04-28,Historical,0.95,2020-04-23,2021-04-27,-0.0015269633039997751,0.008280870265932825,0.01413798851963531,False
2021-04-28,Gaussian,0.95,2020-04-23,2021-04-27,-0.0015269633039997751,0.008926653221253422,0.01134876052746464,False
2021-04-29,Historical,0.95,2020-04-24,2021-04-28,-0.00013999922749282517,0.008280870265932825,0.01413798851963531,False
2021-04-29,Gaussian,0.95,2020-04-24,2021-04-28,-0.00013999922749282517,0.008930056292469776,0.011349555982413979,False
2021-04-30,Historical,0.95,2020-04-27,2021-04-29,0.002123355630481275,0.008280870265932825,0.01413798851963531,False
2021-04-30,Gaussian,0.95,2020-04-27,2021-04-29,0.002123355630481275,0.008925731861673522,0.01134500970510939,False
2021-05-04,Historical,0.95,2020-04-28,2021-04-30,0.0005153528535080253,0.008280870265932825,0.01413798851963531,False
2021-05-04,Gaussian,0.95,2020-04-28,2021-04-30,0.0005153528535080253,0.008947462311854362,0.01136522590581453,False
2021-05-05,Historical,0.95,2020-04-29,2021-05-04,-0.005710130785691375,0.008280870265932825,0.01413798851963531,False
2021-05-05,Gaussian,0.95,2020-04-29,2021-05-04,-0.005710130785691375,0.008959218068807668,0.011375946748954544,False
2021-05-06,Historical,0.95,2020-04-30,2021-05-05,-0.007631016545688725,0.008280870265932825,0.01413798851963531,False
2021-05-06,Gaussian,0.95,2020-04-30,2021-05-05,-0.007631016545688725,0.008898001694665751,0.011290262033291438,False
2021-05-07,Historical,0.95,2020-05-01,2021-05-06,-0.006070145698293176,0.008103223076238087,0.013524991622522343,False
2021-05-07,Gaussian,0.95,2020-05-01,2021-05-06,-0.006070145698293176,0.008668819809998791,0.011027053797774434,False
2021-05-10,Historical,0.95,2020-05-04,2021-05-07,0.0025639640139576503,0.007923701761106615,0.0132938678117994,False
2021-05-10,Gaussian,0.95,2020-05-04,2021-05-07,0.0025639640139576503,0.008538535923419249,0.010880995145773524,False
2021-05-11,Historical,0.95,2020-05-05,2021-05-10,0.008706674619642776,0.007923701761106615,0.0132938678117994,True
2021-05-11,Gaussian,0.95,2020-05-05,2021-05-10,0.008706674619642776,0.008560793024730859,0.010904699210703653,True
2021-05-12,Historical,0.95,2020-05-06,2021-05-11,0.00701461374419085,0.008103223076238087,0.01335035522919244,False
2021-05-12,Gaussian,0.95,2020-05-06,2021-05-11,0.00701461374419085,0.008650030540497853,0.011000352205929383,False
2021-05-13,Historical,0.95,2020-05-07,2021-05-12,-0.0034328551554406,0.008103223076238087,0.01335035522919244,False
2021-05-13,Gaussian,0.95,2020-05-07,2021-05-12,-0.0034328551554406,0.008666074617068168,0.01101913165879888,False
2021-05-14,Historical,0.95,2020-05-11,2021-05-13,-0.0094402275492468,0.008103223076238087,0.01335035522919244,False
2021-05-14,Gaussian,0.95,2020-05-11,2021-05-13,-0.0094402275492468,0.008630670668561087,0.010966281189265209,False
2021-05-17,Historical,0.95,2020-05-12,2021-05-14,-0.0016566849509783254,0.008103223076238087,0.01335035522919244,False
2021-05-17,Gaussian,0.95,2020-05-12,2021-05-14,-0.0016566849509783254,0.00863818717959157,0.010985463916646131,False
2021-05-18,Historical,0.95,2020-05-13,2021-05-17,0.00159655831046185,0.008103223076238087,0.01335035522919244,False
2021-05-18,Gaussian,0.95,2020-05-13,2021-05-17,0.00159655831046185,0.008626639203157257,0.010973690677025728,False
2021-05-19,Historical,0.95,2020-05-14,2021-05-18,0.0042953301650082,0.008103223076238087,0.01335035522919244,False
2021-05-19,Gaussian,0.95,2020-05-14,2021-05-18,0.0042953301650082,0.008594874222659777,0.01093754660842473,False
2021-05-20,Historical,0.95,2020-05-15,2021-05-19,-0.007317448464056126,0.008103223076238087,0.01335035522919244,False
2021-05-20,Gaussian,0.95,2020-05-15,2021-05-19,-0.007317448464056126,0.008618271428331662,0.010963947091953738,False
2021-05-21,Historical,0.95,2020-05-18,2021-05-20,5.523504762819999e-05,0.008103223076238087,0.01335035522919244,False
2021-05-21,Gaussian,0.95,2020-05-18,2021-05-20,5.523504762819999e-05,0.008624327842743999,0.010974133549007474,False
2021-05-24,Historical,0.95,2020-05-19,2021-05-21,-0.004352203690534825,0.008103223076238087,0.01335035522919244,False
2021-05-24,Gaussian,0.95,2020-05-19,2021-05-21,-0.004352203690534825,0.008559838687461768,0.010877788949130008,False
2021-05-25,Historical,0.95,2020-05-20,2021-05-24,-0.0018824881146425499,0.008103223076238087,0.01335035522919244,False
2021-05-25,Gaussian,0.95,2020-05-20,2021-05-24,-0.0018824881146425499,0.008542833013277526,0.010862333862105123,False
2021-05-26,Historical,0.95,2020-05-21,2021-05-25,0.00035266018792092494,0.008103223076238087,0.01335035522919244,False
2021-05-26,Gaussian,0.95,2020-05-21,2021-05-25,0.00035266018792092494,0.008537643562854655,0.010850091827853745,False
2021-05-27,Historical,0.95,2020-05-22,2021-05-26,0.00030256564097465007,0.008103223076238087,0.01335035522919244,False
2021-05-27,Gaussian,0.95,2020-05-22,2021-05-26,0.00030256564097465007,0.008469687005705951,0.010772196923977398,False
2021-05-28,Historical,0.95,2020-05-26,2021-05-27,-0.0012161533227437653,0.008103223076238087,0.01335035522919244,False
2021-05-28,Gaussian,0.95,2020-05-26,2021-05-27,-0.0012161533227437653,0.00847723522116854,0.010779703056869396,False
2021-06-01,Historical,0.95,2020-05-27,2021-05-28,-0.0012194524157057751,0.008103223076238087,0.01335035522919244,False
2021-06-01,Gaussian,0.95,2020-05-27,2021-05-28,-0.0012194524157057751,0.008479338940166893,0.010781575288423315,False
2021-06-02,Historical,0.95,2020-05-28,2021-06-01,-0.002839704986352125,0.008103223076238087,0.01335035522919244,False
2021-06-02,Gaussian,0.95,2020-05-28,2021-06-01,-0.002839704986352125,0.008475818136432068,0.010770762854918512,False
2021-06-03,Historical,0.95,2020-05-29,2021-06-02,0.00796883506578815,0.008103223076238087,0.01335035522919244,False
2021-06-03,Gaussian,0.95,2020-05-29,2021-06-02,0.00796883506578815,0.008476118789915797,0.010770859264205759,False
2021-06-04,Historical,0.95,2020-06-01,2021-06-03,-0.006447061007319125,0.008103223076238087,0.01335035522919244,False
2021-06-04,Gaussian,0.95,2020-06-01,2021-06-03,-0.006447061007319125,0.008540499983040017,0.010845400126362727,False
2021-06-07,Historical,0.95,2020-06-02,2021-06-04,-0.0008966346874084003,0.008103223076238087,0.01335035522919244,False
2021-06-07,Gaussian,0.95,2020-06-02,2021-06-04,-0.0008966346874084003,0.00854249987240258,0.010848682832957212,False
2021-06-08,Historical,0.95,2020-06-03,2021-06-07,-0.000622492320647975,0.008103223076238087,0.01335035522919244,False
2021-06-08,Gaussian,0.95,2020-06-03,2021-06-07,-0.000622492320647975,0.008546129286163912,0.010851909761757652,False
2021-06-09,Historical,0.95,2020-06-04,2021-06-08,0.00064960148898745,0.008103223076238087,0.01335035522919244,False
2021-06-09,Gaussian,0.95,2020-06-04,2021-06-08,0.00064960148898745,0.008552420566862886,0.010856527444126966,False
2021-06-10,Historical,0.95,2020-06-05,2021-06-09,-0.0033793383479693248,0.008103223076238087,0.01335035522919244,False
2021-06-10,Gaussian,0.95,2020-06-05,2021-06-09,-0.0033793383479693248,0.008551541324516021,0.010855587451571974,False
2021-06-11,Historical,0.95,2020-06-08,2021-06-10,0.0010743114151057253,0.008103223076238087,0.01335035522919244,False
2021-06-11,Gaussian,0.95,2020-06-08,2021-06-10,0.0010743114151057253,0.0085492233369813,0.010850148080611135,False
2021-06-14,Historical,0.95,2020-06-09,2021-06-11,0.0013483719537592002,0.008103223076238087,0.01335035522919244,False
2021-06-14,Gaussian,0.95,2020-06-09,2021-06-11,0.0013483719537592002,0.008561887172548667,0.010859311617025118,False
2021-06-15,Historical,0.95,2020-06-10,2021-06-14,0.0005013773047901499,0.008103223076238087,0.01335035522919244,False
2021-06-15,Gaussian,0.95,2020-06-10,2021-06-14,0.0005013773047901499,0.00854185415916556,0.010836813320929152,False
2021-06-16,Historical,0.95,2020-06-11,2021-06-15,0.00684815346611405,0.008103223076238087,0.01335035522919244,False
2021-06-16,Gaussian,0.95,2020-06-11,2021-06-15,0.00684815346611405,0.008553023142590939,0.010846385455744276,False
2021-06-17,Historical,0.95,2020-06-12,2021-06-16,0.00799815662337555,0.007970761786047956,0.011992643555566177,True
2021-06-17,Gaussian,0.95,2020-06-12,2021-06-16,0.00799815662337555,0.00809119875589668,0.01028631690035461,False
2021-06-18,Historical,0.95,2020-06-15,2021-06-17,0.008003165108372274,0.007986538329946514,0.011994629588630972,True
2021-06-18,Gaussian,0.95,2020-06-15,2021-06-17,0.008003165108372274,0.008177073697568841,0.010381574660588515,False
2021-06-21,Historical,0.95,2020-06-16,2021-06-18,-0.0073579071054331,0.008000911290123749,0.01199501485670764,False
2021-06-21,Gaussian,0.95,2020-06-16,2021-06-18,-0.0073579071054331,0.008252829410472527,0.010468678756460233,False
2021-06-22,Historical,0.95,2020-06-17,2021-06-21,-0.001669468472128675,0.008000911290123749,0.01199501485670764,False
2021-06-22,Gaussian,0.95,2020-06-17,2021-06-21,-0.001669468472128675,0.008223553421886088,0.010427813561763746,False
2021-06-23,Historical,0.95,2020-06-18,2021-06-22,0.001495291374241475,0.008000911290123749,0.01199501485670764,False
2021-06-23,Gaussian,0.95,2020-06-18,2021-06-22,0.001495291374241475,0.008219356741926196,0.010423850480477273,False
2021-06-24,Historical,0.95,2020-06-19,2021-06-23,-0.0025275897740891,0.008000911290123749,0.01199501485670764,False
2021-06-24,Gaussian,0.95,2020-06-19,2021-06-23,-0.0025275897740891,0.008222661767130693,0.010427445080641298,False
2021-06-25,Historical,0.95,2020-06-22,2021-06-24,-0.00205741349759445,0.008000911290123749,0.01199501485670764,False
2021-06-25,Gaussian,0.95,2020-06-22,2021-06-24,-0.00205741349759445,0.008223268486934276,0.010426527416789195,False
2021-06-28,Historical,0.95,2020-06-23,2021-06-25,0.0008636009798720418,0.008000911290123749,0.01199501485670764,False
2021-06-28,Gaussian,0.95,2020-06-23,2021-06-25,0.0008636009798720418,0.008220810390993842,0.010424411493064709,False
2021-06-29,Historical,0.95,2020-06-24,2021-06-28,0.001910771751432825,0.008000911290123749,0.01199501485670764,False
2021-06-29,Gaussian,0.95,2020-06-24,2021-06-28,0.001910771751432825,0.00822957023989971,0.010428298198808274,False
2021-06-30,Historical,0.95,2020-06-25,2021-06-29,-0.00016849734304562515,0.007986538329946514,0.011484878591992351,False
2021-06-30,Gaussian,0.95,2020-06-25,2021-06-29,-0.00016849734304562515,0.008038295799903294,0.010201357049714302,False
2021-07-01,Historical,0.95,2020-06-26,2021-06-30,-0.0051013889122922245,0.007986538329946514,0.011484878591992351,False
2021-07-01,Gaussian,0.95,2020-06-26,2021-06-30,-0.0051013889122922245,0.008045824257732932,0.010207325731429611,False
2021-07-02,Historical,0.95,2020-06-29,2021-07-01,-0.00435837976847195,0.007986538329946514,0.011484878591992351,False
2021-07-02,Gaussian,0.95,2020-06-29,2021-07-01,-0.00435837976847195,0.008012470067939014,0.010174509489356711,False
2021-07-06,Historical,0.95,2020-06-30,2021-07-02,-0.0012662995976884246,0.007986538329946514,0.011484878591992351,False
2021-07-06,Gaussian,0.95,2020-06-30,2021-07-02,-0.0012662995976884246,0.008006562720056029,0.010164669405564875,False
2021-07-07,Historical,0.95,2020-07-01,2021-07-06,-0.004285760324416475,0.007986538329946514,0.011484878591992351,False
2021-07-07,Gaussian,0.95,2020-07-01,2021-07-06,-0.004285760324416475,0.008008913909366325,0.01016660869652833,False
2021-07-08,Historical,0.95,2020-07-02,2021-07-07,0.005866249690285075,0.007986538329946514,0.011484878591992351,False
2021-07-08,Gaussian,0.95,2020-07-02,2021-07-07,0.005866249690285075,0.007997087041995992,0.010156873044684133,False
2021-07-09,Historical,0.95,2020-07-06,2021-07-08,-0.0056318521369142505,0.007986538329946514,0.011484878591992351,False
2021-07-09,Gaussian,0.95,2020-07-06,2021-07-08,-0.0056318521369142505,0.008052604590148994,0.010215117891836906,False
2021-07-12,Historical,0.95,2020-07-07,2021-07-09,-0.0005465155283268,0.007986538329946514,0.011484878591992351,False
2021-07-12,Gaussian,0.95,2020-07-07,2021-07-09,-0.0005465155283268,0.008048181717632767,0.010208261780585731,False
2021-07-13,Historical,0.95,2020-07-08,2021-07-12,0.0013518297600929037,0.007986538329946514,0.011484878591992351,False
2021-07-13,Gaussian,0.95,2020-07-08,2021-07-12,0.0013518297600929037,0.008015856249891425,0.010172489567790297,False
2021-07-14,Historical,0.95,2020-07-09,2021-07-13,-0.002882209333039225,0.007986538329946514,0.011484878591992351,False
2021-07-14,Gaussian,0.95,2020-07-09,2021-07-13,-0.002882209333039225,0.008029349436106819,0.010186249419404705,False
2021-07-15,Historical,0.95,2020-07-10,2021-07-14,0.0025122791955950003,0.007986538329946514,0.011484878591992351,False
2021-07-15,Gaussian,0.95,2020-07-10,2021-07-14,0.0025122791955950003,0.007975279378875783,0.010127077966951049,False
2021-07-16,Historical,0.95,2020-07-13,2021-07-15,0.004492427672678125,0.007986538329946514,0.011484878591992351,False
2021-07-16,Gaussian,0.95,2020-07-13,2021-07-15,0.004492427672678125,0.007999218814080087,0.010151122168489044,False
2021-07-19,Historical,0.95,2020-07-14,2021-07-16,0.0073744207186972255,0.007986538329946514,0.011484878591992351,False
2021-07-19,Gaussian,0.95,2020-07-14,2021-07-16,0.0073744207186972255,0.008038339721582988,0.010194041086794663,False
2021-07-20,Historical,0.95,2020-07-15,2021-07-19,-0.00448897133543675,0.007986538329946514,0.011484878591992351,False
2021-07-20,Gaussian,0.95,2020-07-15,2021-07-19,-0.00448897133543675,0.008113894276655981,0.01027657814937654,False
2021-07-21,Historical,0.95,2020-07-16,2021-07-20,-0.0039456548771766,0.007986538329946514,0.011484878591992351,False
2021-07-21,Gaussian,0.95,2020-07-16,2021-07-20,-0.0039456548771766,0.008106879425326473,0.010265253766851177,False
2021-07-22,Historical,0.95,2020-07-17,2021-07-21,-0.0004976429780793499,0.007986538329946514,0.011484878591992351,False
2021-07-22,Gaussian,0.95,2020-07-17,2021-07-21,-0.0004976429780793499,0.00806364107332769,0.010219815095864846,False
2021-07-23,Historical,0.95,2020-07-20,2021-07-22,-0.0034969862368330997,0.007986538329946514,0.011484878591992351,False
2021-07-23,Gaussian,0.95,2020-07-20,2021-07-22,-0.0034969862368330997,0.008069200436845106,0.010222929064437333,False
2021-07-26,Historical,0.95,2020-07-21,2021-07-23,0.00024663259319957496,0.007986538329946514,0.011484878591992351,False
2021-07-26,Gaussian,0.95,2020-07-21,2021-07-23,0.00024663259319957496,0.00806826844030807,0.010222950124517847,False
2021-07-27,Historical,0.95,2020-07-22,2021-07-26,0.000737318763548,0.007986538329946514,0.011484878591992351,False
2021-07-27,Gaussian,0.95,2020-07-22,2021-07-26,0.000737318763548,0.008077227634705265,0.01022984357248412,False
2021-07-28,Historical,0.95,2020-07-23,2021-07-27,-0.002160007628995125,0.007986538329946514,0.011484878591992351,False
2021-07-28,Gaussian,0.95,2020-07-23,2021-07-27,-0.002160007628995125,0.00808848415756816,0.010240341797968067,False
2021-07-29,Historical,0.95,2020-07-24,2021-07-28,-0.005265333408521375,0.007986538329946514,0.011484878591992351,False
2021-07-29,Gaussian,0.95,2020-07-24,2021-07-28,-0.005265333408521375,0.008079583733549734,0.010231837737154694,False
2021-07-30,Historical,0.95,2020-07-27,2021-07-29,0.004248546248555425,0.007986538329946514,0.011484878591992351,False
2021-07-30,Gaussian,0.95,2020-07-27,2021-07-29,0.004248546248555425,0.008053759054984618,0.010207903416442584,False
2021-08-02,Historical,0.95,2020-07-28,2021-07-30,-0.0020829527449610498,0.007986538329946514,0.011484878591992351,False
2021-08-02,Gaussian,0.95,2020-07-28,2021-07-30,-0.0020829527449610498,0.008089675907911964,0.010242909143914278,False
2021-08-03,Historical,0.95,2020-07-29,2021-08-02,-0.0027847200962617252,0.007986538329946514,0.011484878591992351,False
2021-08-03,Gaussian,0.95,2020-07-29,2021-08-02,-0.0027847200962617252,0.008089633139990293,0.010242879131205992,False
2021-08-04,Historical,0.95,2020-07-30,2021-08-03,0.0005222480166441751,0.007986538329946514,0.011484878591992351,False
2021-08-04,Gaussian,0.95,2020-07-30,2021-08-03,0.0005222480166441751,0.008087640180680951,0.010237721227776891,False
2021-08-05,Historical,0.95,2020-07-31,2021-08-04,0.0005193390868493499,0.007970761786047956,0.011466573013991675,False
2021-08-05,Gaussian,0.95,2020-07-31,2021-08-04,0.0005193390868493499,0.008009799548146426,0.010147918246557894,False
2021-08-06,Historical,0.95,2020-08-03,2021-08-05,0.00720299309485865,0.007970761786047956,0.011466573013991675,False
2021-08-06,Gaussian,0.95,2020-08-03,2021-08-05,0.00720299309485865,0.00801403831081032,0.010152297053705232,False
2021-08-09,Historical,0.95,2020-08-04,2021-08-06,0.0048765521131377,0.007970761786047956,0.011466573013991675,False
2021-08-09,Gaussian,0.95,2020-08-04,2021-08-06,0.0048765521131377,0.008076142032786584,0.010215051179745199,False
2021-08-10,Historical,0.95,2020-08-05,2021-08-09,-0.0008605544821227999,0.007970761786047956,0.011466573013991675,False
2021-08-10,Gaussian,0.95,2020-08-05,2021-08-09,-0.0008605544821227999,0.008111273386595216,0.010246828394355801,False
2021-08-11,Historical,0.95,2020-08-06,2021-08-10,-0.006107187760482476,0.007970761786047956,0.011466573013991675,False
2021-08-11,Gaussian,0.95,2020-08-06,2021-08-10,-0.006107187760482476,0.008111110293059434,0.010241461625574181,False
2021-08-12,Historical,0.95,2020-08-07,2021-08-11,9.086156811349984e-05,0.007970761786047956,0.011466573013991675,False
2021-08-12,Gaussian,0.95,2020-08-07,2021-08-11,9.086156811349984e-05,0.008114767613442389,0.010250196476287993,False
2021-08-13,Historical,0.95,2020-08-10,2021-08-12,-0.006306390380751325,0.007970761786047956,0.011466573013991675,False
2021-08-13,Gaussian,0.95,2020-08-10,2021-08-12,-0.006306390380751325,0.008086093281546454,0.010218334566550209,False
2021-08-16,Historical,0.95,2020-08-11,2021-08-13,-0.00021597506580917504,0.007970761786047956,0.011466573013991675,False
2021-08-16,Gaussian,0.95,2020-08-11,2021-08-13,-0.00021597506580917504,0.008085310863382903,0.010223438431668829,False
2021-08-17,Historical,0.95,2020-08-12,2021-08-16,0.0013195854246358,0.00792177504084681,0.011157331863885619,False
2021-08-17,Gaussian,0.95,2020-08-12,2021-08-16,0.0013195854246358,0.007937556116711784,0.01005055021215523,False
2021-08-18,Historical,0.95,2020-08-13,2021-08-17,0.003031036757775875,0.00792177504084681,0.011157331863885619,False
2021-08-18,Gaussian,0.95,2020-08-13,2021-08-17,0.003031036757775875,0.007945208496219778,0.01005199283822164,False
2021-08-19,Historical,0.95,2020-08-14,2021-08-18,0.0037148753484517252,0.00792177504084681,0.011157331863885619,False
2021-08-19,Gaussian,0.95,2020-08-14,2021-08-18,0.0037148753484517252,0.007968844265421998,0.010077418047541547,False
2021-08-20,Historical,0.95,2020-08-17,2021-08-19,-0.0029637350361027253,0.00792177504084681,0.011157331863885619,False
2021-08-20,Gaussian,0.95,2020-08-17,2021-08-19,-0.0029637350361027253,0.007957327578007278,0.01006413985615984,False
2021-08-23,Historical,0.95,2020-08-18,2021-08-20,-0.005983398229860101,0.00792177504084681,0.011157331863885619,False
2021-08-23,Gaussian,0.95,2020-08-18,2021-08-20,-0.005983398229860101,0.007943085873010756,0.01004111373570957,False
2021-08-24,Historical,0.95,2020-08-19,2021-08-23,-0.00016570296147732494,0.00792177504084681,0.011157331863885619,False
2021-08-24,Gaussian,0.95,2020-08-19,2021-08-23,-0.00016570296147732494,0.007944446582897642,0.010047694247888286,False
2021-08-25,Historical,0.95,2020-08-20,2021-08-24,0.0013077046162238998,0.007701348609597224,0.011157331863885619,False
2021-08-25,Gaussian,0.95,2020-08-20,2021-08-24,0.0013077046162238998,0.00786794505486798,0.009959917980779394,False
2021-08-26,Historical,0.95,2020-08-21,2021-08-25,0.002050223605074225,0.007701348609597224,0.011157331863885619,False
2021-08-26,Gaussian,0.95,2020-08-21,2021-08-25,0.002050223605074225,0.007870926940067958,0.009963141464344058,False
2021-08-27,Historical,0.95,2020-08-24,2021-08-26,-0.007579830599771201,0.007701348609597224,0.011157331863885619,False
2021-08-27,Gaussian,0.95,2020-08-24,2021-08-26,-0.007579830599771201,0.00787511610384717,0.009967766666258874,False
2021-08-31,Historical,0.95,2020-08-25,2021-08-27,0.000965028950839079,0.007701348609597224,0.011157331863885619,False
2021-08-31,Gaussian,0.95,2020-08-25,2021-08-27,0.000965028950839079,0.007884861608691469,0.009982578582503074,False
2021-09-01,Historical,0.95,2020-08-26,2021-08-31,-0.0012562850912563245,0.007701348609597224,0.011157331863885619,False
2021-09-01,Gaussian,0.95,2020-08-26,2021-08-31,-0.0012562850912563245,0.007877005259836244,0.009973944756747528,False
2021-09-02,Historical,0.95,2020-08-27,2021-09-01,-0.0008395462665072,0.007701348609597224,0.011157331863885619,False
2021-09-02,Gaussian,0.95,2020-08-27,2021-09-01,-0.0008395462665072,0.00787640178231823,0.009968616975729894,False
2021-09-03,Historical,0.95,2020-08-28,2021-09-02,-0.0011031036606599,0.007701348609597224,0.011157331863885619,False
2021-09-03,Gaussian,0.95,2020-08-28,2021-09-02,-0.0011031036606599,0.00783140709370546,0.009918371657640982,False
2021-09-07,Historical,0.95,2020-09-01,2021-09-03,0.006342438236709451,0.007701348609597224,0.011157331863885619,False
2021-09-07,Gaussian,0.95,2020-09-01,2021-09-03,0.006342438236709451,0.007833350415511444,0.009916925867652483,False
2021-09-08,Historical,0.95,2020-09-02,2021-09-07,0.002154127243604825,0.007701348609597224,0.011157331863885619,False
2021-09-08,Gaussian,0.95,2020-09-02,2021-09-07,0.002154127243604825,0.007883510129195467,0.009974342037697426,False
2021-09-09,Historical,0.95,2020-09-03,2021-09-08,0.0018517632181973753,0.007701348609597224,0.011157331863885619,False
2021-09-09,Gaussian,0.95,2020-09-03,2021-09-08,0.0018517632181973753,0.007903061459781688,0.0099923299712329,False
2021-09-10,Historical,0.95,2020-09-04,2021-09-09,0.0038065842215157003,0.007341865919825002,0.010626821174466635,False
2021-09-10,Gaussian,0.95,2020-09-04,2021-09-09,0.0038065842215157003,0.00771425814059999,0.009768183001336885,False
2021-09-13,Historical,0.95,2020-09-08,2021-09-10,-0.00310034661584885,0.007341865919825002,0.010626821174466635,False
2021-09-13,Gaussian,0.95,2020-09-08,2021-09-10,-0.00310034661584885,0.007702399143993609,0.009754471490185069,False
2021-09-14,Historical,0.95,2020-09-09,2021-09-13,9.971548020454996e-05,0.007341865919825002,0.010626821174466635,False
2021-09-14,Gaussian,0.95,2020-09-09,2021-09-13,9.971548020454996e-05,0.007688290031732139,0.009741178029377443,False
2021-09-15,Historical,0.95,2020-09-10,2021-09-14,0.0003989804011273997,0.007341865919825002,0.010626821174466635,False
2021-09-15,Gaussian,0.95,2020-09-10,2021-09-14,0.0003989804011273997,0.007658398337659263,0.009692598523793776,False
2021-09-16,Historical,0.95,2020-09-11,2021-09-15,0.006445584022946475,0.007341865919825002,0.010626821174466635,False
2021-09-16,Gaussian,0.95,2020-09-11,2021-09-15,0.006445584022946475,0.007617561211296887,0.009646355889805558,False
2021-09-17,Historical,0.95,2020-09-14,2021-09-16,0.005674754674748375,0.007341865919825002,0.010626821174466635,False
2021-09-17,Gaussian,0.95,2020-09-14,2021-09-16,0.005674754674748375,0.007680306326768378,0.009716754573889774,False
2021-09-20,Historical,0.95,2020-09-15,2021-09-17,0.0033353688243313,0.007341865919825002,0.010626821174466635,False
2021-09-20,Gaussian,0.95,2020-09-15,2021-09-17,0.0033353688243313,0.007733097619215357,0.009772421927332518,False
2021-09-21,Historical,0.95,2020-09-16,2021-09-20,-0.0041065819008426,0.007341865919825002,0.010626821174466635,False
2021-09-21,Gaussian,0.95,2020-09-16,2021-09-20,-0.0041065819008426,0.007762044007207581,0.009801400851284428,False
2021-09-22,Historical,0.95,2020-09-17,2021-09-21,-0.005348508843408199,0.007341865919825002,0.010626821174466635,False
2021-09-22,Gaussian,0.95,2020-09-17,2021-09-21,-0.005348508843408199,0.007746124315309582,0.009787332485598333,False
2021-09-23,Historical,0.95,2020-09-18,2021-09-22,0.00229200192103625,0.007341865919825002,0.010626821174466635,False
2021-09-23,Gaussian,0.95,2020-09-18,2021-09-22,0.00229200192103625,0.00770753275567772,0.009749015732105404,False
2021-09-24,Historical,0.95,2020-09-21,2021-09-23,0.001659855693310025,0.007341865919825002,0.010626821174466635,False
2021-09-24,Gaussian,0.95,2020-09-21,2021-09-23,0.001659855693310025,0.0076879591639423105,0.009726674841372561,False
2021-09-27,Historical,0.95,2020-09-22,2021-09-24,0.00042143750473457503,0.00725748908934826,0.009965240732463899,False
2021-09-27,Gaussian,0.95,2020-09-22,2021-09-24,0.00042143750473457503,0.007452617046327228,0.00944601928079595,False
2021-09-28,Historical,0.95,2020-09-23,2021-09-27,0.009722685928408775,0.00725748908934826,0.009965240732463899,True
2021-09-28,Gaussian,0.95,2020-09-23,2021-09-27,0.009722685928408775,0.007461672556871271,0.00945440323242192,True
2021-09-29,Historical,0.95,2020-09-24,2021-09-28,-0.00237637563532545,0.00725748908934826,0.01007170881821018,False
2021-09-29,Gaussian,0.95,2020-09-24,2021-09-28,-0.00237637563532545,0.007485229918000555,0.009482538659834283,False
2021-09-30,Historical,0.95,2020-09-25,2021-09-29,-0.001054070193494126,0.00725748908934826,0.01007170881821018,False
2021-09-30,Gaussian,0.95,2020-09-25,2021-09-29,-0.001054070193494126,0.007470390039782836,0.009467809297050447,False
2021-10-01,Historical,0.95,2020-09-28,2021-09-30,-0.00236457003226365,0.00725748908934826,0.01007170881821018,False
2021-10-01,Gaussian,0.95,2020-09-28,2021-09-30,-0.00236457003226365,0.0074730292639786445,0.009467778881214282,False
2021-10-04,Historical,0.95,2020-09-29,2021-10-01,0.0029523488200896997,0.00725748908934826,0.01007170881821018,False
2021-10-04,Gaussian,0.95,2020-09-29,2021-10-01,0.0029523488200896997,0.007440441629886281,0.009419004098704402,False
2021-10-05,Historical,0.95,2020-09-30,2021-10-04,-0.003044611547733675,0.00725748908934826,0.01007170881821018,False
2021-10-05,Gaussian,0.95,2020-09-30,2021-10-04,-0.003044611547733675,0.0074588490162632555,0.00943928351347031,False
2021-10-06,Historical,0.95,2020-10-01,2021-10-05,0.0011092813243811252,0.00725748908934826,0.01007170881821018,False
2021-10-06,Gaussian,0.95,2020-10-01,2021-10-05,0.0011092813243811252,0.0074437355239817165,0.009424891975827347,False
2021-10-07,Historical,0.95,2020-10-02,2021-10-06,-0.0026917276453518,0.00725748908934826,0.01007170881821018,False
2021-10-07,Gaussian,0.95,2020-10-02,2021-10-06,-0.0026917276453518,0.007455987367890471,0.00943479405619812,False
2021-10-08,Historical,0.95,2020-10-05,2021-10-07,0.00029516439368857506,0.00725748908934826,0.01007170881821018,False
2021-10-08,Gaussian,0.95,2020-10-05,2021-10-07,0.00029516439368857506,0.0074379369090015295,0.00941682756106812,False
2021-10-11,Historical,0.95,2020-10-06,2021-10-08,0.000992670678931675,0.00725748908934826,0.01007170881821018,False
2021-10-11,Gaussian,0.95,2020-10-06,2021-10-08,0.000992670678931675,0.007441563228162829,0.009415122862225364,False
2021-10-12,Historical,0.95,2020-10-07,2021-10-11,-0.0010791026318333252,0.00725748908934826,0.01007170881821018,False
2021-10-12,Gaussian,0.95,2020-10-07,2021-10-11,-0.0010791026318333252,0.007400180120853385,0.00936786807710114,False
2021-10-13,Historical,0.95,2020-10-08,2021-10-12,-0.00609055289703275,0.00725748908934826,0.01007170881821018,False
2021-10-13,Gaussian,0.95,2020-10-08,2021-10-12,-0.00609055289703275,0.007403289291901063,0.009369446186520474,False
2021-10-14,Historical,0.95,2020-10-09,2021-10-13,-0.0077717848531410495,0.00725748908934826,0.01007170881821018,False
2021-10-14,Gaussian,0.95,2020-10-09,2021-10-13,-0.0077717848531410495,0.007407635381484885,0.00937633058660293,False
2021-10-15,Historical,0.95,2020-10-12,2021-10-14,0.0024333404366911494,0.00725748908934826,0.01007170881821018,False
2021-10-15,Gaussian,0.95,2020-10-12,2021-10-14,0.0024333404366911494,0.007404522029904105,0.009371957330314918,False
2021-10-18,Historical,0.95,2020-10-13,2021-10-15,0.0011690485696084253,0.00725748908934826,0.01007170881821018,False
2021-10-18,Gaussian,0.95,2020-10-13,2021-10-15,0.0011690485696084253,0.007426609193324843,0.009394115262598413,False
2021-10-19,Historical,0.95,2020-10-14,2021-10-18,-0.0022314210531938,0.00725748908934826,0.01007170881821018,False
2021-10-19,Gaussian,0.95,2020-10-14,2021-10-18,-0.0022314210531938,0.007377153533329056,0.009337281448224264,False
2021-10-20,Historical,0.95,2020-10-15,2021-10-19,-0.0031912606898776502,0.00725748908934826,0.01007170881821018,False
2021-10-20,Gaussian,0.95,2020-10-15,2021-10-19,-0.0031912606898776502,0.007356984715339904,0.00931654150913584,False
2021-10-21,Historical,0.95,2020-10-16,2021-10-20,0.0012689612075057252,0.00725748908934826,0.01007170881821018,False
2021-10-21,Gaussian,0.95,2020-10-16,2021-10-20,0.0012689612075057252,0.007319749798560414,0.009277215699357065,False
2021-10-22,Historical,0.95,2020-10-19,2021-10-21,-0.0023960678507381496,0.00725748908934826,0.01007170881821018,False
2021-10-22,Gaussian,0.95,2020-10-19,2021-10-21,-0.0023960678507381496,0.007333772511036092,0.00929071010551753,False
2021-10-25,Historical,0.95,2020-10-20,2021-10-22,-0.0038543025007832746,0.00725748908934826,0.01007170881821018,False
2021-10-25,Gaussian,0.95,2020-10-20,2021-10-22,-0.0038543025007832746,0.007276268564828827,0.00922696958626066,False
2021-10-26,Historical,0.95,2020-10-21,2021-10-25,-0.0008086196317701,0.00725748908934826,0.01007170881821018,False
2021-10-26,Gaussian,0.95,2020-10-21,2021-10-25,-0.0008086196317701,0.007275534435202003,0.00922789131245542,False
2021-10-27,Historical,0.95,2020-10-22,2021-10-26,4.1142359744474966e-05,0.00725748908934826,0.01007170881821018,False
2021-10-27,Gaussian,0.95,2020-10-22,2021-10-26,4.1142359744474966e-05,0.00724479981703686,0.009194013096696489,False
2021-10-28,Historical,0.95,2020-10-23,2021-10-27,-0.0016141347760561002,0.00725748908934826,0.01007170881821018,False
2021-10-28,Gaussian,0.95,2020-10-23,2021-10-27,-0.0016141347760561002,0.007235678891743008,0.009184177085120312,False
2021-10-29,Historical,0.95,2020-10-26,2021-10-28,0.0019409102033988753,0.00725748908934826,0.01007170881821018,False
2021-10-29,Gaussian,0.95,2020-10-26,2021-10-28,0.0019409102033988753,0.0072369762663607425,0.009183204025821696,False
2021-11-01,Historical,0.95,2020-10-27,2021-10-29,-0.003497084487483115,0.00725748908934826,0.01007170881821018,False
2021-11-01,Gaussian,0.95,2020-10-27,2021-10-29,-0.003497084487483115,0.007181138154710252,0.009118344437589822,False
2021-11-02,Historical,0.95,2020-10-28,2021-11-01,-0.00052068915557945,0.00725748908934826,0.01007170881821018,False
2021-11-02,Gaussian,0.95,2020-10-28,2021-11-01,-0.00052068915557945,0.007159456777669198,0.00909700351739194,False
2021-11-03,Historical,0.95,2020-10-29,2021-11-02,0.002137534480157875,0.007118222387058137,0.009144369762473877,False
2021-11-03,Gaussian,0.95,2020-10-29,2021-11-02,0.002137534480157875,0.006796785619138603,0.008662298000388929,False
2021-11-04,Historical,0.95,2020-10-30,2021-11-03,-0.0063041485325273745,0.007118222387058137,0.009144369762473877,False
2021-11-04,Gaussian,0.95,2020-10-30,2021-11-03,-0.0063041485325273745,0.006813975904339969,0.00868081763656072,False
2021-11-05,Historical,0.95,2020-11-02,2021-11-04,-0.006395082856191075,0.007118222387058137,0.009144369762473877,False
2021-11-05,Gaussian,0.95,2020-11-02,2021-11-04,-0.006395082856191075,0.006792752428017466,0.00866355853993224,False
2021-11-08,Historical,0.95,2020-11-03,2021-11-05,8.359982929082488e-05,0.007118222387058137,0.009144369762473877,False
2021-11-08,Gaussian,0.95,2020-11-03,2021-11-05,8.359982929082488e-05,0.006772029925292479,0.008634500128966731,False
2021-11-09,Historical,0.95,2020-11-04,2021-11-08,-0.0006033620856738751,0.007118222387058137,0.009144369762473877,False
2021-11-09,Gaussian,0.95,2020-11-04,2021-11-08,-0.0006033620856738751,0.006733493045752079,0.008574774302760074,False
2021-11-10,Historical,0.95,2020-11-05,2021-11-09,-0.0007950702010433249,0.007118222387058137,0.009144369762473877,False
2021-11-10,Gaussian,0.95,2020-11-05,2021-11-09,-0.0007950702010433249,0.006683809253942077,0.00850124705296231,False
2021-11-11,Historical,0.95,2020-11-06,2021-11-10,-0.002230706004988775,0.007118222387058137,0.009144369762473877,False
2021-11-11,Gaussian,0.95,2020-11-06,2021-11-10,-0.002230706004988775,0.006632809722779124,0.008426370120140265,False
2021-11-12,Historical,0.95,2020-11-09,2021-11-11,-0.001574987287752025,0.007118222387058137,0.009144369762473877,False
2021-11-12,Gaussian,0.95,2020-11-09,2021-11-11,-0.001574987287752025,0.006624222239901292,0.008418277928442573,False
2021-11-15,Historical,0.95,2020-11-10,2021-11-12,0.0012349299028203296,0.007118222387058137,0.009144369762473877,False
2021-11-15,Gaussian,0.95,2020-11-10,2021-11-12,0.0012349299028203296,0.0066244884813821394,0.008418486262767876,False
2021-11-16,Historical,0.95,2020-11-11,2021-11-15,0.0019078577762400247,0.007118222387058137,0.009144369762473877,False
2021-11-16,Gaussian,0.95,2020-11-11,2021-11-15,0.0019078577762400247,0.00663732267962751,0.008429020350312183,False
2021-11-17,Historical,0.95,2020-11-12,2021-11-16,-0.0013109489853325,0.007118222387058137,0.009144369762473877,False
2021-11-17,Gaussian,0.95,2020-11-12,2021-11-16,-0.0013109489853325,0.0066538565530352665,0.008443129057948546,False
2021-11-18,Historical,0.95,2020-11-13,2021-11-17,0.001010211235208725,0.007118222387058137,0.009144369762473877,False
2021-11-18,Gaussian,0.95,2020-11-13,2021-11-17,0.001010211235208725,0.006642183437263209,0.008431091421969687,False
2021-11-19,Historical,0.95,2020-11-16,2021-11-18,0.0027010019804580747,0.007118222387058137,0.009144369762473877,False
2021-11-19,Gaussian,0.95,2020-11-16,2021-11-18,0.0027010019804580747,0.0066538441604990705,0.008440737825495077,False
2021-11-22,Historical,0.95,2020-11-17,2021-11-19,0.0071286491132099,0.007118222387058137,0.009144369762473877,True
2021-11-22,Gaussian,0.95,2020-11-17,2021-11-19,0.0071286491132099,0.006666647096260189,0.008447075554598567,True
2021-11-23,Historical,0.95,2020-11-18,2021-11-22,0.0023934951731455255,0.007169538303116711,0.009144369762473877,False
2021-11-23,Gaussian,0.95,2020-11-18,2021-11-22,0.0023934951731455255,0.006711375830650649,0.008499631277563703,False
2021-11-24,Historical,0.95,2020-11-19,2021-11-23,-0.0017792182345501002,0.007169538303116711,0.009144369762473877,False
2021-11-24,Gaussian,0.95,2020-11-19,2021-11-23,-0.0017792182345501002,0.006700117172976746,0.008486762012063595,False
2021-11-26,Historical,0.95,2020-11-20,2021-11-24,0.011172025563554976,0.007169538303116711,0.009144369762473877,True
2021-11-26,Gaussian,0.95,2020-11-20,2021-11-24,0.011172025563554976,0.006687961584562553,0.008474547766250942,True
2021-11-29,Historical,0.95,2020-11-23,2021-11-26,-0.004734470446467151,0.00725748908934826,0.009449679952373594,False
2021-11-29,Gaussian,0.95,2020-11-23,2021-11-26,-0.004734470446467151,0.006834639240275898,0.008646962585233155,False
2021-11-30,Historical,0.95,2020-11-24,2021-11-29,0.006697935411142375,0.00725748908934826,0.009449679952373594,False
2021-11-30,Gaussian,0.95,2020-11-24,2021-11-29,0.006697935411142375,0.006792468900139075,0.008603675445618946,False
2021-12-01,Historical,0.95,2020-11-25,2021-11-30,-0.0023812953538975747,0.00725748908934826,0.009449679952373594,False
2021-12-01,Gaussian,0.95,2020-11-25,2021-11-30,-0.0023812953538975747,0.00686277247643041,0.008681275744766756,False
2021-12-02,Historical,0.95,2020-11-27,2021-12-01,-0.0002477795441887748,0.00725748908934826,0.009449679952373594,False
2021-12-02,Gaussian,0.95,2020-11-27,2021-12-01,-0.0002477795441887748,0.006844279578048735,0.00866256557145291,False
2021-12-03,Historical,0.95,2020-11-30,2021-12-02,-0.0012185238070422997,0.00725748908934826,0.009449679952373594,False
2021-12-03,Gaussian,0.95,2020-11-30,2021-12-02,-0.0012185238070422997,0.0068303952808975365,0.008647547500383356,False
2021-12-06,Historical,0.95,2020-12-01,2021-12-03,-0.004932540277837301,0.00725748908934826,0.009449679952373594,False
2021-12-06,Gaussian,0.95,2020-12-01,2021-12-03,-0.004932540277837301,0.006757623949881755,0.008564604695657781,False
2021-12-07,Historical,0.95,2020-12-02,2021-12-06,-0.008833351618261076,0.00725748908934826,0.009449679952373594,False
2021-12-07,Gaussian,0.95,2020-12-02,2021-12-06,-0.008833351618261076,0.006704714077397914,0.008491599861727843,False
2021-12-08,Historical,0.95,2020-12-03,2021-12-07,-1.9128284921200007e-05,0.00725748908934826,0.009449679952373594,False
2021-12-08,Gaussian,0.95,2020-12-03,2021-12-07,-1.9128284921200007e-05,0.006728262102955238,0.008525033549059759,False
2021-12-09,Historical,0.95,2020-12-04,2021-12-08,0.0032410599799641,0.00725748908934826,0.009449679952373594,False
2021-12-09,Gaussian,0.95,2020-12-04,2021-12-08,0.0032410599799641,0.006734557342649957,0.008529368193898811,False
2021-12-10,Historical,0.95,2020-12-07,2021-12-09,-0.002608354593827825,0.00725748908934826,0.009449679952373594,False
2021-12-10,Gaussian,0.95,2020-12-07,2021-12-09,-0.002608354593827825,0.0067637310299377765,0.008559787333869468,False
2021-12-13,Historical,0.95,2020-12-08,2021-12-10,0.0025322963734089,0.00725748908934826,0.009449679952373594,False
2021-12-13,Gaussian,0.95,2020-12-08,2021-12-10,0.0025322963734089,0.006762470755816682,0.008556570898508926,False
2021-12-14,Historical,0.95,2020-12-09,2021-12-13,0.00507693827478885,0.00725748908934826,0.009449679952373594,False
2021-12-14,Gaussian,0.95,2020-12-09,2021-12-13,0.00507693827478885,0.00678441086792854,0.008579530927675435,False
2021-12-15,Historical,0.95,2020-12-10,2021-12-14,-0.0031371750166155005,0.00725748908934826,0.009449679952373594,False
2021-12-15,Gaussian,0.95,2020-12-10,2021-12-14,-0.0031371750166155005,0.006766770867788746,0.008558760047330983,False
2021-12-16,Historical,0.95,2020-12-11,2021-12-15,-0.004697091580119401,0.00725748908934826,0.009449679952373594,False
2021-12-16,Gaussian,0.95,2020-12-11,2021-12-15,-0.004697091580119401,0.006764399803034992,0.008557839790432845,False
2021-12-17,Historical,0.95,2020-12-14,2021-12-16,0.0022253705882936997,0.00725748908934826,0.009449679952373594,False
2021-12-17,Gaussian,0.95,2020-12-14,2021-12-16,0.0022253705882936997,0.006752856607310257,0.008549518057152324,False
2021-12-20,Historical,0.95,2020-12-15,2021-12-17,0.006592853323407699,0.00725748908934826,0.009449679952373594,False
2021-12-20,Gaussian,0.95,2020-12-15,2021-12-17,0.006592853323407699,0.006744553681004201,0.008540081077017782,False
2021-12-21,Historical,0.95,2020-12-16,2021-12-20,-0.006799984412144426,0.00725748908934826,0.009449679952373594,False
2021-12-21,Gaussian,0.95,2020-12-16,2021-12-20,-0.006799984412144426,0.006807487120185361,0.008606439550389281,False
2021-12-22,Historical,0.95,2020-12-17,2021-12-21,-0.00665095510032965,0.00725748908934826,0.009449679952373594,False
2021-12-22,Gaussian,0.95,2020-12-17,2021-12-21,-0.00665095510032965,0.006818522379370482,0.008623300682500272,False
2021-12-23,Historical,0.95,2020-12-18,2021-12-22,-0.0026762397108226997,0.00725748908934826,0.009449679952373594,False
2021-12-23,Gaussian,0.95,2020-12-18,2021-12-22,-0.0026762397108226997,0.0068291530029425665,0.008640205085940874,False
2021-12-29,Historical,0.95,2020-12-21,2021-12-23,-0.00336789973832305,0.00725748908934826,0.009449679952373594,False
2021-12-29,Gaussian,0.95,2020-12-21,2021-12-23,-0.00336789973832305,0.006807950593080914,0.008618720474529652,False
2021-12-30,Historical,0.95,2020-12-23,2021-12-29,-0.0012784211740795,0.00725748908934826,0.009449679952373594,False
2021-12-30,Gaussian,0.95,2020-12-23,2021-12-29,-0.0012784211740795,0.006747824277536873,0.00855276351672313,False
2021-12-31,Historical,0.95,2020-12-24,2021-12-30,-0.00014429501426907498,0.00725748908934826,0.009449679952373594,False
2021-12-31,Gaussian,0.95,2020-12-24,2021-12-30,-0.00014429501426907498,0.006749703444164753,0.008554047489411647,False
2022-01-04,Historical,0.95,2020-12-29,2021-12-31,-0.0010321999873905995,0.00725748908934826,0.009449679952373594,False
2022-01-04,Gaussian,0.95,2020-12-29,2021-12-31,-0.0010321999873905995,0.006755599778553025,0.008559070122992611,False
2022-01-05,Historical,0.95,2020-12-30,2022-01-04,0.0062641840564849,0.00725748908934826,0.009449679952373594,False
2022-01-05,Gaussian,0.95,2020-12-30,2022-01-04,0.0062641840564849,0.006753529486594055,0.008551968405868547,False
2022-01-06,Historical,0.95,2020-12-31,2022-01-05,0.006130992318670275,0.00725748908934826,0.009449679952373594,False
2022-01-06,Gaussian,0.95,2020-12-31,2022-01-05,0.006130992318670275,0.006814176029936875,0.008621005435311952,False
2022-01-07,Historical,0.95,2021-01-04,2022-01-06,-0.0004784850069346749,0.00725748908934826,0.009449679952373594,False
2022-01-07,Gaussian,0.95,2021-01-04,2022-01-06,-0.0004784850069346749,0.006865259328850862,0.008679780010489913,False
2022-01-10,Historical,0.95,2021-01-05,2022-01-07,0.00100262449545765,0.00725748908934826,0.009449679952373594,False
2022-01-10,Gaussian,0.95,2021-01-05,2022-01-07,0.00100262449545765,0.006861093514561185,0.00866869181173457,False
2022-01-11,Historical,0.95,2021-01-06,2022-01-10,-0.007452954200872075,0.00725748908934826,0.009449679952373594,False
2022-01-11,Gaussian,0.95,2021-01-06,2022-01-10,-0.007452954200872075,0.006872235835127663,0.008678125531904304,False
2022-01-12,Historical,0.95,2021-01-07,2022-01-11,-0.003421621890450925,0.00725748908934826,0.009449679952373594,False
2022-01-12,Gaussian,0.95,2021-01-07,2022-01-11,-0.003421621890450925,0.006886040056697073,0.008698349843411538,False
2022-01-13,Historical,0.95,2021-01-08,2022-01-12,0.003209810766513175,0.00725748908934826,0.009449679952373594,False
2022-01-13,Gaussian,0.95,2021-01-08,2022-01-12,0.003209810766513175,0.006886262149857935,0.00869926245315515,False
2022-01-14,Historical,0.95,2021-01-11,2022-01-13,0.0029258592287071754,0.007169538303116711,0.009442058134962458,False
2022-01-14,Gaussian,0.95,2021-01-11,2022-01-13,0.0029258592287071754,0.00683545163202552,0.008639702416511158,False
2022-01-18,Historical,0.95,2021-01-12,2022-01-14,0.006214319140682824,0.007169538303116711,0.009442058134962458,False
2022-01-18,Gaussian,0.95,2021-01-12,2022-01-14,0.006214319140682824,0.006809558324338557,0.008609680330985496,False
2022-01-19,Historical,0.95,2021-01-13,2022-01-18,-0.0030145210060281997,0.007169538303116711,0.009442058134962458,False
2022-01-19,Gaussian,0.95,2021-01-13,2022-01-18,-0.0030145210060281997,0.006866673356468531,0.008674941875042537,False
2022-01-20,Historical,0.95,2021-01-14,2022-01-19,0.003003084468904,0.007169538303116711,0.009442058134962458,False
2022-01-20,Gaussian,0.95,2021-01-14,2022-01-19,0.003003084468904,0.006860549836563871,0.008670282847377933,False
2022-01-21,Historical,0.95,2021-01-15,2022-01-20,0.007092614238599675,0.007169538303116711,0.009442058134962458,False
2022-01-21,Gaussian,0.95,2021-01-15,2022-01-20,0.007092614238599675,0.006882452247524864,0.008694234636322785,True
2022-01-24,Historical,0.95,2021-01-19,2022-01-21,0.0047234129211649245,0.007169538303116711,0.009442058134962458,False
2022-01-24,Gaussian,0.95,2021-01-19,2022-01-21,0.0047234129211649245,0.006888891377057512,0.008701868964001866,False
2022-01-25,Historical,0.95,2021-01-20,2022-01-24,3.071222442422531e-05,0.007169538303116711,0.009442058134962458,False
2022-01-25,Gaussian,0.95,2021-01-20,2022-01-24,3.071222442422531e-05,0.006932372017600022,0.008748082256053115,False
2022-01-26,Historical,0.95,2021-01-21,2022-01-25,0.0028575308940558004,0.007169538303116711,0.009442058134962458,False
2022-01-26,Gaussian,0.95,2021-01-21,2022-01-25,0.0028575308940558004,0.0069123483163796,0.008714119854823834,False
2022-01-27,Historical,0.95,2021-01-22,2022-01-26,0.0006919931809871497,0.007169538303116711,0.009442058134962458,False
2022-01-27,Gaussian,0.95,2021-01-22,2022-01-26,0.0006919931809871497,0.006923560225124685,0.008726661601276614,False
2022-01-28,Historical,0.95,2021-01-25,2022-01-27,-0.0030010860149488,0.007169538303116711,0.009442058134962458,False
2022-01-28,Gaussian,0.95,2021-01-25,2022-01-27,-0.0030010860149488,0.006906305542475608,0.008707467031109953,False
2022-01-31,Historical,0.95,2021-01-26,2022-01-28,-0.0061456917789997,0.007169538303116711,0.009442058134962458,False
2022-01-31,Gaussian,0.95,2021-01-26,2022-01-28,-0.0061456917789997,0.006900468363093002,0.008703163006190636,False
2022-02-01,Historical,0.95,2021-01-27,2022-01-31,-0.003977306811922874,0.007169538303116711,0.009442058134962458,False
2022-02-01,Gaussian,0.95,2021-01-27,2022-01-31,-0.003977306811922874,0.0069004086215966,0.008709846468132318,False
2022-02-02,Historical,0.95,2021-01-28,2022-02-01,-0.0053400583218824495,0.007112433419635298,0.009147104796680575,False
2022-02-02,Gaussian,0.95,2021-01-28,2022-02-01,-0.0053400583218824495,0.006754775478940891,0.008542398437779012,False
2022-02-03,Historical,0.95,2021-01-29,2022-02-02,0.009306341929766551,0.007112433419635298,0.009147104796680575,True
2022-02-03,Gaussian,0.95,2021-01-29,2022-02-02,0.009306341929766551,0.006754856899648007,0.008547466334359745,True
2022-02-04,Historical,0.95,2021-02-01,2022-02-03,0.000655602886595625,0.007112433419635298,0.00910006202875609,False
2022-02-04,Gaussian,0.95,2021-02-01,2022-02-03,0.000655602886595625,0.006743067735043304,0.00853330368589637,False
2022-02-07,Historical,0.95,2021-02-02,2022-02-04,-0.002891839579048675,0.007112433419635298,0.00910006202875609,False
2022-02-07,Gaussian,0.95,2021-02-02,2022-02-04,-0.002891839579048675,0.0067238668968710785,0.008499444524854644,False
2022-02-08,Historical,0.95,2021-02-03,2022-02-07,-0.001844099508042925,0.007112433419635298,0.00910006202875609,False
2022-02-08,Gaussian,0.95,2021-02-03,2022-02-07,-0.001844099508042925,0.0067229354984631,0.008499441363580804,False
2022-02-09,Historical,0.95,2021-02-04,2022-02-08,-0.007338164359527075,0.007112433419635298,0.00910006202875609,False
2022-02-09,Gaussian,0.95,2021-02-04,2022-02-08,-0.007338164359527075,0.006711725817064334,0.00848835457364784,False
2022-02-10,Historical,0.95,2021-02-05,2022-02-09,0.00682643942569855,0.007112433419635298,0.00910006202875609,False
2022-02-10,Gaussian,0.95,2021-02-05,2022-02-09,0.00682643942569855,0.006701095371962775,0.008485438768082212,True
2022-02-11,Historical,0.95,2021-02-08,2022-02-10,-0.002240752696407375,0.007112433419635298,0.00910006202875609,False
2022-02-11,Gaussian,0.95,2021-02-08,2022-02-10,-0.002240752696407375,0.006773810826465304,0.008567292402839786,False
2022-02-14,Historical,0.95,2021-02-09,2022-02-11,0.005577178015903276,0.007112433419635298,0.00910006202875609,False
2022-02-14,Gaussian,0.95,2021-02-09,2022-02-11,0.005577178015903276,0.0067675632697961055,0.008555850140766269,False
2022-02-15,Historical,0.95,2021-02-10,2022-02-14,-0.00338516512231255,0.007112433419635298,0.00910006202875609,False
2022-02-15,Gaussian,0.95,2021-02-10,2022-02-14,-0.00338516512231255,0.006819794948180843,0.008614627487086525,False
2022-02-16,Historical,0.95,2021-02-11,2022-02-15,-0.0031462872247536248,0.007112433419635298,0.00910006202875609,False
2022-02-16,Gaussian,0.95,2021-02-11,2022-02-15,-0.0031462872247536248,0.006817888471788481,0.008614468201071908,False
2022-02-17,Historical,0.95,2021-02-12,2022-02-16,0.0027217556356864,0.007112433419635298,0.00910006202875609,False
2022-02-17,Gaussian,0.95,2021-02-12,2022-02-16,0.0027217556356864,0.006801346831060566,0.008598731398501015,False
2022-02-18,Historical,0.95,2021-02-16,2022-02-17,0.0019524726633752,0.007112433419635298,0.00910006202875609,False
2022-02-18,Gaussian,0.95,2021-02-16,2022-02-17,0.0019524726633752,0.006824674711822087,0.008623255387440814,False
2022-02-22,Historical,0.95,2021-02-17,2022-02-18,0.0026814904806778637,0.007112433419635298,0.00910006202875609,False
2022-02-22,Gaussian,0.95,2021-02-17,2022-02-18,0.0026814904806778637,0.006838163177292433,0.008637677258122149,False
2022-02-23,Historical,0.95,2021-02-18,2022-02-22,0.0046465461309002495,0.007112433419635298,0.00910006202875609,False
2022-02-23,Gaussian,0.95,2021-02-18,2022-02-22,0.0046465461309002495,0.006823978102200988,0.008621385807813998,False
2022-02-24,Historical,0.95,2021-02-19,2022-02-23,0.006994830621464875,0.007112433419635298,0.00910006202875609,False
2022-02-24,Gaussian,0.95,2021-02-19,2022-02-23,0.006994830621464875,0.006824157880174267,0.008621595384396677,True
2022-02-25,Historical,0.95,2021-02-22,2022-02-24,-0.01449239276186065,0.007112433419635298,0.00910006202875609,False
2022-02-25,Gaussian,0.95,2021-02-22,2022-02-24,-0.01449239276186065,0.006891363188034927,0.008698942454251271,False
2022-02-28,Historical,0.95,2021-02-23,2022-02-25,-0.003780655777289325,0.007112433419635298,0.00910006202875609,False
2022-02-28,Gaussian,0.95,2021-02-23,2022-02-25,-0.003780655777289325,0.006990055371567221,0.008836461332348418,False
2022-03-01,Historical,0.95,2021-02-24,2022-02-28,0.0011865793345935006,0.007112433419635298,0.00910006202875609,False
2022-03-01,Gaussian,0.95,2021-02-24,2022-02-28,0.0011865793345935006,0.0069858425852515945,0.00883456259742049,False
2022-03-02,Historical,0.95,2021-02-25,2022-03-01,-0.00169178315836075,0.007112433419635298,0.00910006202875609,False
2022-03-02,Gaussian,0.95,2021-02-25,2022-03-01,-0.00169178315836075,0.006998408413083692,0.008845491341570318,False
2022-03-03,Historical,0.95,2021-02-26,2022-03-02,0.005165104343379676,0.0070575140161157025,0.008536485948174953,False
2022-03-03,Gaussian,0.95,2021-02-26,2022-03-02,0.005165104343379676,0.006771603679342129,0.008577440315851843,False
2022-03-04,Historical,0.95,2021-03-01,2022-03-03,0.0042172403128550254,0.007005711338964161,0.008204885687846046,False
2022-03-04,Gaussian,0.95,2021-03-01,2022-03-03,0.0042172403128550254,0.006665568242808397,0.008450727472494056,False
2022-03-07,Historical,0.95,2021-03-02,2022-03-04,0.00571326290865805,0.007005711338964161,0.008204885687846046,False
2022-03-07,Gaussian,0.95,2021-03-02,2022-03-04,0.00571326290865805,0.006673488868057686,0.008446937882169561,False
2022-03-08,Historical,0.95,2021-03-03,2022-03-07,-0.00357461066478465,0.007005711338964161,0.008204885687846046,False
2022-03-08,Gaussian,0.95,2021-03-03,2022-03-07,-0.00357461066478465,0.006727234052944778,0.008507762653877815,False
2022-03-09,Historical,0.95,2021-03-04,2022-03-08,-0.00558831432932585,0.007005711338964161,0.008204885687846046,False
2022-03-09,Gaussian,0.95,2021-03-04,2022-03-08,-0.00558831432932585,0.006679127150387584,0.008456176834152547,False
2022-03-10,Historical,0.95,2021-03-05,2022-03-09,0.0046249938946402,0.006928825901557001,0.008129692797686942,False
2022-03-10,Gaussian,0.95,2021-03-05,2022-03-09,0.0046249938946402,0.006592473123331324,0.008361288999594107,False
2022-03-11,Historical,0.95,2021-03-08,2022-03-10,0.0030754763934658248,0.006928825901557001,0.008129692797686942,False
2022-03-11,Gaussian,0.95,2021-03-08,2022-03-10,0.0030754763934658248,0.0066360641834756345,0.00840727564561121,False
2022-03-14,Historical,0.95,2021-03-09,2022-03-11,0.007465251758668449,0.006928825901557001,0.008129692797686942,True
2022-03-14,Gaussian,0.95,2021-03-09,2022-03-11,0.007465251758668449,0.006648283462473401,0.008421073817438464,True
2022-03-15,Historical,0.95,2021-03-10,2022-03-14,5.737256716727493e-05,0.007005711338964161,0.008165879039010294,False
2022-03-15,Gaussian,0.95,2021-03-10,2022-03-14,5.737256716727493e-05,0.006686352167289365,0.00845060099151978,False
2022-03-16,Historical,0.95,2021-03-11,2022-03-15,-0.01085886106975075,0.007005711338964161,0.008165879039010294,False
2022-03-16,Gaussian,0.95,2021-03-11,2022-03-15,-0.01085886106975075,0.006692693267019089,0.008455312444663111,False
2022-03-17,Historical,0.95,2021-03-12,2022-03-16,-0.007036454517976825,0.007005711338964161,0.008165879039010294,False
2022-03-17,Gaussian,0.95,2021-03-12,2022-03-16,-0.007036454517976825,0.006742842132712603,0.00852647259896789,False
2022-03-18,Historical,0.95,2021-03-15,2022-03-17,-0.0021105075558153,0.007005711338964161,0.008165879039010294,False
2022-03-18,Gaussian,0.95,2021-03-15,2022-03-17,-0.0021105075558153,0.00674627099710836,0.008538626265122348,False
2022-03-21,Historical,0.95,2021-03-16,2022-03-18,0.00018045690645132492,0.007005711338964161,0.008165879039010294,False
2022-03-21,Gaussian,0.95,2021-03-16,2022-03-18,0.00018045690645132492,0.0067466823943628604,0.008538651660953626,False
2022-03-22,Historical,0.95,2021-03-17,2022-03-21,-0.0007953576272770753,0.007005711338964161,0.008165879039010294,False
2022-03-22,Gaussian,0.95,2021-03-17,2022-03-21,-0.0007953576272770753,0.006753043944848106,0.008544625734665455,False
2022-03-23,Historical,0.95,2021-03-18,2022-03-22,-0.0014896875867737996,0.007005711338964161,0.008165879039010294,False
2022-03-23,Gaussian,0.95,2021-03-18,2022-03-22,-0.0014896875867737996,0.006752334757988361,0.008543948516088563,False
2022-03-24,Historical,0.95,2021-03-19,2022-03-23,-0.00423721234030445,0.007005711338964161,0.008165879039010294,False
2022-03-24,Gaussian,0.95,2021-03-19,2022-03-23,-0.00423721234030445,0.006691631203017026,0.008475509595908036,False
2022-03-25,Historical,0.95,2021-03-22,2022-03-24,0.00178738536970045,0.007005711338964161,0.008165879039010294,False
2022-03-25,Gaussian,0.95,2021-03-22,2022-03-24,0.00178738536970045,0.006675088165552025,0.008460977676004651,False
2022-03-28,Historical,0.95,2021-03-23,2022-03-25,0.0025431900672210498,0.007005711338964161,0.008165879039010294,False
2022-03-28,Gaussian,0.95,2021-03-23,2022-03-25,0.0025431900672210498,0.0066923069692294045,0.008477852821451193,False
2022-03-29,Historical,0.95,2021-03-24,2022-03-28,-0.006569712544186625,0.007005711338964161,0.008165879039010294,False
2022-03-29,Gaussian,0.95,2021-03-24,2022-03-28,-0.006569712544186625,0.0066835265168664545,0.00846781219382042,False
2022-03-30,Historical,0.95,2021-03-25,2022-03-29,-0.0027953268626343,0.007005711338964161,0.008165879039010294,False
2022-03-30,Gaussian,0.95,2021-03-25,2022-03-29,-0.0027953268626343,0.006688437152411131,0.008480302052614548,False
2022-03-31,Historical,0.95,2021-03-26,2022-03-30,0.005431509925618526,0.007005711338964161,0.008165879039010294,False
2022-03-31,Gaussian,0.95,2021-03-26,2022-03-30,0.005431509925618526,0.0066741136336720295,0.00846654793699921,False
2022-04-01,Historical,0.95,2021-03-29,2022-03-31,0.0016283693955278502,0.007005711338964161,0.008165879039010294,False
2022-04-01,Gaussian,0.95,2021-03-29,2022-03-31,0.0016283693955278502,0.006718598226436394,0.008510209555853321,False
2022-04-04,Historical,0.95,2021-03-30,2022-04-01,-0.003766840306974025,0.007005711338964161,0.008165879039010294,False
2022-04-04,Gaussian,0.95,2021-03-30,2022-04-01,-0.003766840306974025,0.006695271226340817,0.008483582585780067,False
2022-04-05,Historical,0.95,2021-03-31,2022-04-04,0.0058706842786373,0.007005711338964161,0.008165879039010294,False
2022-04-05,Gaussian,0.95,2021-03-31,2022-04-04,0.0058706842786373,0.006659017850183077,0.008445961839214191,False
2022-04-06,Historical,0.95,2021-04-01,2022-04-05,0.003575477879981675,0.007005711338964161,0.008165879039010294,False
2022-04-06,Gaussian,0.95,2021-04-01,2022-04-05,0.003575477879981675,0.006718585285453847,0.008512476609133908,False
2022-04-07,Historical,0.95,2021-04-06,2022-04-06,-0.00020731531609102512,0.007005711338964161,0.008165879039010294,False
2022-04-07,Gaussian,0.95,2021-04-06,2022-04-06,-0.00020731531609102512,0.006730271100217486,0.008515263511873808,False
2022-04-08,Historical,0.95,2021-04-07,2022-04-07,-0.003537671846801825,0.007005711338964161,0.008165879039010294,False
2022-04-08,Gaussian,0.95,2021-04-07,2022-04-07,-0.003537671846801825,0.006706519880721704,0.008476557960277187,False
2022-04-11,Historical,0.95,2021-04-08,2022-04-08,0.005851835911264025,0.007005711338964161,0.008165879039010294,False
2022-04-11,Gaussian,0.95,2021-04-08,2022-04-08,0.005851835911264025,0.006706033673772309,0.0084777436980302,False
2022-04-12,Historical,0.95,2021-04-09,2022-04-11,-0.0009056778667704002,0.007005711338964161,0.008165879039010294,False
2022-04-12,Gaussian,0.95,2021-04-09,2022-04-11,-0.0009056778667704002,0.006752893306024298,0.008523785395731565,False
2022-04-13,Historical,0.95,2021-04-12,2022-04-12,-0.004678087663632,0.007005711338964161,0.008165879039010294,False
2022-04-13,Gaussian,0.95,2021-04-12,2022-04-12,-0.004678087663632,0.006740892326677313,0.00851124476087103,False
2022-04-14,Historical,0.95,2021-04-13,2022-04-13,0.004939188106364775,0.007005711338964161,0.008165879039010294,False
2022-04-14,Gaussian,0.95,2021-04-13,2022-04-13,0.004939188106364775,0.006720097304061684,0.008492648183222198,False
2022-04-19,Historical,0.95,2021-04-14,2022-04-14,0.0019174445510793505,0.007005711338964161,0.008165879039010294,False
2022-04-19,Gaussian,0.95,2021-04-14,2022-04-14,0.0019174445510793505,0.006766236314772811,0.008541748926931934,False
2022-04-20,Historical,0.95,2021-04-15,2022-04-19,-0.00393870003227555,0.007005711338964161,0.008165879039010294,False
2022-04-20,Gaussian,0.95,2021-04-15,2022-04-19,-0.00393870003227555,0.006774356917117647,0.008550627837382346,False
2022-04-21,Historical,0.95,2021-04-16,2022-04-20,0.0059969474225371,0.007005711338964161,0.008165879039010294,False
2022-04-21,Gaussian,0.95,2021-04-16,2022-04-20,0.0059969474225371,0.006734618955519801,0.008494637260290039,False
2022-04-22,Historical,0.95,2021-04-19,2022-04-21,0.012727758554918249,0.007005711338964161,0.008165879039010294,True
2022-04-22,Gaussian,0.95,2021-04-19,2022-04-21,0.012727758554918249,0.006794174329493732,0.008560152517522528,True
2022-04-25,Historical,0.95,2021-04-20,2022-04-22,0.0061553370692049,0.0070575140161157025,0.008605351716758554,False
2022-04-25,Gaussian,0.95,2021-04-20,2022-04-22,0.0061553370692049,0.006953956182044315,0.008750611463186602,False
2022-04-26,Historical,0.95,2021-04-21,2022-04-25,0.0047939869600601755,0.0070575140161157025,0.008605351716758554,False
2022-04-26,Gaussian,0.95,2021-04-21,2022-04-25,0.0047939869600601755,0.006967795642618292,0.008766867919332967,False
2022-04-27,Historical,0.95,2021-04-22,2022-04-26,0.0014242133889822502,0.0070575140161157025,0.008605351716758554,False
2022-04-27,Gaussian,0.95,2021-04-22,2022-04-26,0.0014242133889822502,0.007001319921808255,0.008797711160860318,False
2022-04-28,Historical,0.95,2021-04-23,2022-04-27,-0.00998861729044785,0.0070575140161157025,0.008605351716758554,False
2022-04-28,Gaussian,0.95,2021-04-23,2022-04-27,-0.00998861729044785,0.006996182122762078,0.008792027769463027,False
2022-04-29,Historical,0.95,2021-04-26,2022-04-28,0.009251035471410825,0.0070575140161157025,0.008605351716758554,True
2022-04-29,Gaussian,0.95,2021-04-26,2022-04-28,0.009251035471410825,0.007035548736898536,0.008850059816760472,True
2022-05-03,Historical,0.95,2021-04-27,2022-04-29,0.0023670971888012757,0.007112433419635298,0.00877138411928249,False
2022-05-03,Gaussian,0.95,2021-04-27,2022-04-29,0.0023670971888012757,0.007143423005369865,0.008974182627073201,False
2022-05-04,Historical,0.95,2021-04-28,2022-05-03,-0.0092964963977053,0.007112433419635298,0.00877138411928249,False
2022-05-04,Gaussian,0.95,2021-04-28,2022-05-03,-0.0092964963977053,0.007143809973935931,0.008974616335991241,False
2022-05-05,Historical,0.95,2021-04-29,2022-05-04,0.0120454905236299,0.007112433419635298,0.00877138411928249,True
2022-05-05,Gaussian,0.95,2021-04-29,2022-05-04,0.0120454905236299,0.0071749377610530905,0.009021546936269853,True
2022-05-06,Historical,0.95,2021-04-30,2022-05-05,0.006275856373213201,0.007169538303116711,0.009149602689314796,False
2022-05-06,Gaussian,0.95,2021-04-30,2022-05-05,0.006275856373213201,0.007332561378875131,0.009206830888109212,False
2022-05-09,Historical,0.95,2021-05-04,2022-05-06,0.01557096020485585,0.007169538303116711,0.009149602689314796,True
2022-05-09,Gaussian,0.95,2021-05-04,2022-05-06,0.01557096020485585,0.007375035075559033,0.00925587500643062,True
2022-05-10,Historical,0.95,2021-05-05,2022-05-09,-0.00025930412383292495,0.007297278287969863,0.009793292467006887,False
2022-05-10,Gaussian,0.95,2021-05-05,2022-05-09,-0.00025930412383292495,0.007610860921568936,0.009536311204731373,False
2022-05-11,Historical,0.95,2021-05-06,2022-05-10,-0.0030742008361337248,0.007297278287969863,0.009793292467006887,False
2022-05-11,Gaussian,0.95,2021-05-06,2022-05-10,-0.0030742008361337248,0.007608972094348309,0.00952840361968238,False
2022-05-12,Historical,0.95,2021-05-07,2022-05-11,0.007223073475369474,0.007297278287969863,0.009793292467006887,False
2022-05-12,Gaussian,0.95,2021-05-07,2022-05-11,0.007223073475369474,0.007591630096912027,0.009502025595144506,False
2022-05-13,Historical,0.95,2021-05-10,2022-05-12,-0.00902186169237605,0.007306314459199735,0.009793292467006887,False
2022-05-13,Gaussian,0.95,2021-05-10,2022-05-12,-0.00902186169237605,0.00765398409190848,0.009566711964588945,False
2022-05-16,Historical,0.95,2021-05-11,2022-05-13,-0.0040161432275074745,0.007306314459199735,0.009793292467006887,False
2022-05-16,Gaussian,0.95,2021-05-11,2022-05-13,-0.0040161432275074745,0.0076631222843982945,0.009589944695211843,False
2022-05-17,Historical,0.95,2021-05-12,2022-05-16,-0.0033751853819203002,0.007214037304139603,0.009679169302062788,False
2022-05-17,Gaussian,0.95,2021-05-12,2022-05-16,-0.0033751853819203002,0.007570335073600022,0.009486514225570657,False
2022-05-18,Historical,0.95,2021-05-13,2022-05-17,0.010851429112231751,0.007214037304139603,0.009679169302062788,True
2022-05-18,Gaussian,0.95,2021-05-13,2022-05-17,0.010851429112231751,0.0075015924925522625,0.00941086596817341,True
2022-05-19,Historical,0.95,2021-05-14,2022-05-18,0.0014368975308590756,0.007306314459199735,0.009958273581821424,False
2022-05-19,Gaussian,0.95,2021-05-14,2022-05-18,0.0014368975308590756,0.007634647865094197,0.009563207635339667,False
2022-05-20,Historical,0.95,2021-05-17,2022-05-19,-0.0043607271323867994,0.007306314459199735,0.009958273581821424,False
2022-05-20,Gaussian,0.95,2021-05-17,2022-05-19,-0.0043607271323867994,0.007614581732417872,0.009526990981052854,False
2022-05-23,Historical,0.95,2021-05-18,2022-05-20,-0.0084591194736057,0.007306314459199735,0.009958273581821424,False
2022-05-23,Gaussian,0.95,2021-05-18,2022-05-20,-0.0084591194736057,0.007615815595095726,0.009531286037848795,False
2022-05-24,Historical,0.95,2021-05-19,2022-05-23,-0.001041163673728225,0.007306314459199735,0.009958273581821424,False
2022-05-24,Gaussian,0.95,2021-05-19,2022-05-23,-0.001041163673728225,0.007625953705340176,0.00955421782846058,False
2022-05-25,Historical,0.95,2021-05-20,2022-05-24,-0.00264218406361695,0.007306314459199735,0.009958273581821424,False
2022-05-25,Gaussian,0.95,2021-05-20,2022-05-24,-0.00264218406361695,0.007592358426773127,0.009517510732696717,False
2022-05-26,Historical,0.95,2021-05-21,2022-05-25,-0.0057878544535225505,0.007306314459199735,0.009958273581821424,False
2022-05-26,Gaussian,0.95,2021-05-21,2022-05-25,-0.0057878544535225505,0.007577444919475032,0.009494057769781631,False
2022-05-27,Historical,0.95,2021-05-24,2022-05-26,-0.007356186298982125,0.007306314459199735,0.009958273581821424,False
2022-05-27,Gaussian,0.95,2021-05-24,2022-05-26,-0.007356186298982125,0.007578332927052067,0.009501108888966794,False
2022-05-31,Historical,0.95,2021-05-25,2022-05-27,0.005920077943462,0.007306314459199735,0.009958273581821424,False
2022-05-31,Gaussian,0.95,2021-05-25,2022-05-27,0.005920077943462,0.007591536329609465,0.009520719019542533,False
2022-06-01,Historical,0.95,2021-05-26,2022-05-31,0.004140810128038751,0.007306314459199735,0.009958273581821424,False
2022-06-01,Gaussian,0.95,2021-05-26,2022-05-31,0.004140810128038751,0.00764510491899835,0.0095799675255364,False
2022-06-06,Historical,0.95,2021-05-27,2022-06-01,-0.0011341355244492252,0.007306314459199735,0.009958273581821424,False
2022-06-06,Gaussian,0.95,2021-05-27,2022-06-01,-0.0011341355244492252,0.007672193777919158,0.009610088675835552,False
2022-06-07,Historical,0.95,2021-05-28,2022-06-06,-0.00471181469160775,0.007306314459199735,0.009958273581821424,False
2022-06-07,Gaussian,0.95,2021-05-28,2022-06-06,-0.00471181469160775,0.007667381738539046,0.009605514104548756,False
2022-06-08,Historical,0.95,2021-06-01,2022-06-07,0.004053490651197325,0.007306314459199735,0.009958273581821424,False
2022-06-08,Gaussian,0.95,2021-06-01,2022-06-07,0.004053490651197325,0.007668296053359504,0.009610212848281324,False
2022-06-09,Historical,0.95,2021-06-02,2022-06-08,0.010812040611258601,0.007306314459199735,0.009958273581821424,True
2022-06-09,Gaussian,0.95,2021-06-02,2022-06-08,0.010812040611258601,0.007699741395239935,0.00964428841454364,True
2022-06-10,Historical,0.95,2021-06-03,2022-06-09,0.0116888687681917,0.007424377790681397,0.010222705881249223,True
2022-06-10,Gaussian,0.95,2021-06-03,2022-06-09,0.0116888687681917,0.007829817411129467,0.009793536609634142,True
2022-06-13,Historical,0.95,2021-06-04,2022-06-10,0.02455397814945765,0.007424377790681397,0.010508862319895649,True
2022-06-13,Gaussian,0.95,2021-06-04,2022-06-10,0.02455397814945765,0.007895366224649772,0.00987195731170367,True
2022-06-14,Historical,0.95,2021-06-07,2022-06-13,0.0055752981947001,0.007758349434257346,0.01182337973457174,False
2022-06-14,Gaussian,0.95,2021-06-07,2022-06-13,0.0055752981947001,0.008394620456967318,0.01046654020218406,False
2022-06-15,Historical,0.95,2021-06-08,2022-06-14,-0.013388284098745849,0.007758349434257346,0.01182337973457174,False
2022-06-15,Gaussian,0.95,2021-06-08,2022-06-14,-0.013388284098745849,0.008438488422182278,0.01051497587214268,False
2022-06-16,Historical,0.95,2021-06-09,2022-06-15,0.011534896289174151,0.007758349434257346,0.01182337973457174,True
2022-06-16,Gaussian,0.95,2021-06-09,2022-06-15,0.011534896289174151,0.0085094519198023,0.010616939065599204,True
2022-06-17,Historical,0.95,2021-06-10,2022-06-16,0.0024490541807014503,0.008000911290123749,0.012095436631940865,False
2022-06-17,Gaussian,0.95,2021-06-10,2022-06-16,0.0024490541807014503,0.008636079834665288,0.010764674363338101,False
2022-06-21,Historical,0.95,2021-06-11,2022-06-17,-0.008726490076395975,0.008000911290123749,0.012095436631940865,False
2022-06-21,Gaussian,0.95,2021-06-11,2022-06-17,-0.008726490076395975,0.008653844542135473,0.01078102943583551,False
2022-06-22,Historical,0.95,2021-06-14,2022-06-21,-0.0016323239715663749,0.008000911290123749,0.012095436631940865,False
2022-06-22,Gaussian,0.95,2021-06-14,2022-06-21,-0.0016323239715663749,0.00866645788860808,0.010806806277093588,False
2022-06-23,Historical,0.95,2021-06-15,2022-06-22,0.00016023311387610003,0.008000911290123749,0.012095436631940865,False
2022-06-23,Gaussian,0.95,2021-06-15,2022-06-22,0.00016023311387610003,0.008655985124999776,0.010796701877087927,False
2022-06-24,Historical,0.95,2021-06-16,2022-06-23,-0.01320998408871005,0.008000911290123749,0.012095436631940865,False
2022-06-24,Gaussian,0.95,2021-06-16,2022-06-23,-0.01320998408871005,0.008654575599763887,0.010795280933126709,False
2022-06-27,Historical,0.95,2021-06-17,2022-06-24,0.0007146216404557001,0.008000911290123749,0.012095436631940865,False
2022-06-27,Gaussian,0.95,2021-06-17,2022-06-24,0.0007146216404557001,0.008661025457955863,0.010823751620135217,False
2022-06-28,Historical,0.95,2021-06-18,2022-06-27,0.002882421379597825,0.007761104101005544,0.012095436631940865,False
2022-06-28,Gaussian,0.95,2021-06-18,2022-06-27,0.002882421379597825,0.00859254083804771,0.01074527039077317,False
2022-06-29,Historical,0.95,2021-06-21,2022-06-28,-0.0012622889154558252,0.007424377790681397,0.012054058681963646,False
2022-06-29,Gaussian,0.95,2021-06-21,2022-06-28,-0.0012622889154558252,0.008536959058140187,0.010680772098385563,False
2022-06-30,Historical,0.95,2021-06-22,2022-06-29,0.006677325376287575,0.007424377790681397,0.012054058681963646,False
2022-06-30,Gaussian,0.95,2021-06-22,2022-06-29,0.006677325376287575,0.00852657640641073,0.010661557702485669,False
2022-07-01,Historical,0.95,2021-06-23,2022-06-30,-0.005089751455847339,0.007424377790681397,0.012054058681963646,False
2022-07-01,Gaussian,0.95,2021-06-23,2022-06-30,-0.005089751455847339,0.00858544437764441,0.010726898823849647,False
2022-07-05,Historical,0.95,2021-06-24,2022-07-01,0.008980145597091725,0.007424377790681397,0.012054058681963646,True
2022-07-05,Gaussian,0.95,2021-06-24,2022-07-01,0.008980145597091725,0.008575554283512829,0.010721187712979283,True
2022-07-06,Historical,0.95,2021-06-25,2022-07-05,0.0022617314738070503,0.008298443369801225,0.012170588977226976,False
2022-07-06,Gaussian,0.95,2021-06-25,2022-07-05,0.0022617314738070503,0.008666968352876009,0.010824130927742167,False
2022-07-07,Historical,0.95,2021-06-28,2022-07-06,-0.0052064850001107745,0.008298443369801225,0.012170588977226976,False
2022-07-07,Gaussian,0.95,2021-06-28,2022-07-06,-0.0052064850001107745,0.00868379155646206,0.010840838955457304,False
2022-07-08,Historical,0.95,2021-06-29,2022-07-07,0.0013707833927188002,0.008298443369801225,0.012170588977226976,False
2022-07-08,Gaussian,0.95,2021-06-29,2022-07-07,0.0013707833927188002,0.008677762257332591,0.01083944615801739,False
2022-07-11,Historical,0.95,2021-06-30,2022-07-08,0.0022374726348859493,0.008298443369801225,0.012170588977226976,False
2022-07-11,Gaussian,0.95,2021-06-30,2022-07-08,0.0022374726348859493,0.00867458635885765,0.010836012168515388,False
2022-07-12,Historical,0.95,2021-07-01,2022-07-11,0.0021915820685305,0.008298443369801225,0.012170588977226976,False
2022-07-12,Gaussian,0.95,2021-07-01,2022-07-11,0.0021915820685305,0.008686862375735935,0.010848961935179924,False
2022-07-13,Historical,0.95,2021-07-02,2022-07-12,0.0006995004431053248,0.008298443369801225,0.012170588977226976,False
2022-07-13,Gaussian,0.95,2021-07-02,2022-07-12,0.0006995004431053248,0.0087006995302442,0.010858903449758643,False
2022-07-14,Historical,0.95,2021-07-06,2022-07-13,0.0097186315541231,0.008298443369801225,0.012170588977226976,True
2022-07-14,Gaussian,0.95,2021-07-06,2022-07-13,0.0097186315541231,0.00870769342277665,0.010862534450645844,True
2022-07-15,Historical,0.95,2021-07-07,2022-07-14,-0.009385744202056324,0.009129135027967226,0.012227395589306312,False
2022-07-15,Gaussian,0.95,2021-07-07,2022-07-14,-0.009385744202056324,0.008807436952680252,0.010976454398420897,False
2022-07-18,Historical,0.95,2021-07-08,2022-07-15,0.000342980433563975,0.009129135027967226,0.012227395589306312,False
2022-07-18,Gaussian,0.95,2021-07-08,2022-07-15,0.000342980433563975,0.008832961458388732,0.011013645564956119,False
2022-07-19,Historical,0.95,2021-07-09,2022-07-18,-0.00888704109583895,0.009129135027967226,0.012227395589306312,False
2022-07-19,Gaussian,0.95,2021-07-09,2022-07-18,-0.00888704109583895,0.008790802763092957,0.01096638939310085,False
2022-07-20,Historical,0.95,2021-07-12,2022-07-19,0.002218173515821025,0.009129135027967226,0.012227395589306312,False
2022-07-20,Gaussian,0.95,2021-07-12,2022-07-19,0.002218173515821025,0.008808618596388214,0.010992038964094264,False
2022-07-21,Historical,0.95,2021-07-13,2022-07-20,-0.009052885063459574,0.009129135027967226,0.012227395589306312,False
2022-07-21,Gaussian,0.95,2021-07-13,2022-07-20,-0.009052885063459574,0.00882183170428935,0.01100579936424773,False
2022-07-22,Historical,0.95,2021-07-14,2022-07-21,-0.0013566119155314998,0.009129135027967226,0.012227395589306312,False
2022-07-22,Gaussian,0.95,2021-07-14,2022-07-21,-0.0013566119155314998,0.008833368705585746,0.011030840098632706,False
2022-07-25,Historical,0.95,2021-07-15,2022-07-22,0.00021608171116962505,0.009129135027967226,0.012227395589306312,False
2022-07-25,Gaussian,0.95,2021-07-15,2022-07-22,0.00021608171116962505,0.008835051359564685,0.01103139996143808,False
2022-07-26,Historical,0.95,2021-07-16,2022-07-25,0.0030860457937660997,0.009129135027967226,0.012227395589306312,False
2022-07-26,Gaussian,0.95,2021-07-16,2022-07-25,0.0030860457937660997,0.008822462418942325,0.011017946229206134,False
2022-07-27,Historical,0.95,2021-07-19,2022-07-26,-0.01102441810476035,0.009129135027967226,0.012227395589306312,False
2022-07-27,Gaussian,0.95,2021-07-19,2022-07-26,-0.01102441810476035,0.008810448061640221,0.011004308851389902,False
2022-07-28,Historical,0.95,2021-07-20,2022-07-27,-0.008454582835282125,0.009129135027967226,0.012227395589306312,False
2022-07-28,Gaussian,0.95,2021-07-20,2022-07-27,-0.008454582835282125,0.008782170773607587,0.010987544180735411,False
2022-07-29,Historical,0.95,2021-07-21,2022-07-28,-0.0070080571727728,0.009129135027967226,0.012227395589306312,False
2022-07-29,Gaussian,0.95,2021-07-21,2022-07-28,-0.0070080571727728,0.008798831743192192,0.011012467409989889,False
2022-08-01,Historical,0.95,2021-07-22,2022-07-29,-0.0018363751025987501,0.009129135027967226,0.012227395589306312,False
2022-08-01,Gaussian,0.95,2021-07-22,2022-07-29,-0.0018363751025987501,0.008807772399907977,0.011026791249135337,False
2022-08-02,Historical,0.95,2021-07-23,2022-08-01,0.006751562660264425,0.009129135027967226,0.012227395589306312,False
2022-08-02,Gaussian,0.95,2021-07-23,2022-08-01,0.006751562660264425,0.00880447752297034,0.011024019708403941,False
2022-08-03,Historical,0.95,2021-07-26,2022-08-02,-0.0067862619679196,0.009129135027967226,0.012227395589306312,False
2022-08-03,Gaussian,0.95,2021-07-26,2022-08-02,-0.0067862619679196,0.008865068643774806,0.011089589238823723,False
2022-08-04,Historical,0.95,2021-07-27,2022-08-03,-0.00528838369242715,0.009129135027967226,0.012227395589306312,False
2022-08-04,Gaussian,0.95,2021-07-27,2022-08-03,-0.00528838369242715,0.008866247211772408,0.011098213766443512,False
2022-08-05,Historical,0.95,2021-07-28,2022-08-04,0.007115417168792575,0.009129135027967226,0.012227395589306312,False
2022-08-05,Gaussian,0.95,2021-07-28,2022-08-04,0.007115417168792575,0.008859593674821462,0.011095993048768715,False
2022-08-08,Historical,0.95,2021-07-29,2022-08-05,-0.0047152412550155,0.009129135027967226,0.012227395589306312,False
2022-08-08,Gaussian,0.95,2021-07-29,2022-08-05,-0.0047152412550155,0.008924161545746203,0.011167538435397924,False
2022-08-09,Historical,0.95,2021-07-30,2022-08-08,0.0008473945940566751,0.009129135027967226,0.012227395589306312,False
2022-08-09,Gaussian,0.95,2021-07-30,2022-08-08,0.0008473945940566751,0.008922919635015876,0.011165422046840207,False
2022-08-10,Historical,0.95,2021-08-02,2022-08-09,-0.005470059675797724,0.009129135027967226,0.012227395589306312,False
2022-08-10,Gaussian,0.95,2021-08-02,2022-08-09,-0.005470059675797724,0.008899013577716802,0.011138899005470571,False
2022-08-11,Historical,0.95,2021-08-03,2022-08-10,0.0038675577096949753,0.009129135027967226,0.012227395589306312,False
2022-08-11,Gaussian,0.95,2021-08-03,2022-08-10,0.0038675577096949753,0.008901527827457862,0.011145493823313762,False
2022-08-12,Historical,0.95,2021-08-04,2022-08-11,-0.0087948743923067,0.009129135027967226,0.012227395589306312,False
2022-08-12,Gaussian,0.95,2021-08-04,2022-08-11,-0.0087948743923067,0.008931897819015162,0.011176819230203201,False
2022-08-15,Historical,0.95,2021-08-05,2022-08-12,0.0011518623304226996,0.009129135027967226,0.012227395589306312,False
2022-08-15,Gaussian,0.95,2021-08-05,2022-08-12,0.0011518623304226996,0.008942759642496358,0.011199908094966026,False
2022-08-16,Historical,0.95,2021-08-06,2022-08-15,-0.000638427985438475,0.009129135027967226,0.012227395589306312,False
2022-08-16,Gaussian,0.95,2021-08-06,2022-08-15,-0.000638427985438475,0.008945890415949434,0.011203191465494323,False
2022-08-17,Historical,0.95,2021-08-09,2022-08-16,0.0057847923990276,0.009129135027967226,0.012227395589306312,False
2022-08-17,Gaussian,0.95,2021-08-09,2022-08-16,0.0057847923990276,0.00888342496172042,0.011132825415032166,False
2022-08-18,Historical,0.95,2021-08-10,2022-08-17,-0.00126617058686205,0.009129135027967226,0.012227395589306312,False
2022-08-18,Gaussian,0.95,2021-08-10,2022-08-17,-0.00126617058686205,0.008892962887854293,0.011143863440501101,False
2022-08-19,Historical,0.95,2021-08-11,2022-08-18,0.006925851230674875,0.009129135027967226,0.012227395589306312,False
2022-08-19,Gaussian,0.95,2021-08-11,2022-08-18,0.006925851230674875,0.008891885127314278,0.011142924056721652,False
2022-08-22,Historical,0.95,2021-08-12,2022-08-19,0.0086568521994339,0.009129135027967226,0.012227395589306312,False
2022-08-22,Gaussian,0.95,2021-08-12,2022-08-19,0.0086568521994339,0.008949646313915935,0.011202115244200454,False
2022-08-23,Historical,0.95,2021-08-13,2022-08-22,0.0009407047722135251,0.009129135027967226,0.012227395589306312,False
2022-08-23,Gaussian,0.95,2021-08-13,2022-08-22,0.0009407047722135251,0.009028659127170014,0.011292496070869202,False
2022-08-24,Historical,0.95,2021-08-16,2022-08-23,-7.689932849597495e-05,0.009129135027967226,0.012227395589306312,False
2022-08-24,Gaussian,0.95,2021-08-16,2022-08-23,-7.689932849597495e-05,0.009032741097679408,0.011290250808398421,False
2022-08-25,Historical,0.95,2021-08-17,2022-08-24,-0.0061649002969173,0.009129135027967226,0.012227395589306312,False
2022-08-25,Gaussian,0.95,2021-08-17,2022-08-24,-0.0061649002969173,0.009033247569649445,0.01129074462128938,False
2022-08-26,Historical,0.95,2021-08-18,2022-08-25,0.013505492717721826,0.009129135027967226,0.012227395589306312,True
2022-08-26,Gaussian,0.95,2021-08-18,2022-08-25,0.013505492717721826,0.009026657065447682,0.011290085308433102,True
2022-08-30,Historical,0.95,2021-08-19,2022-08-26,0.01004410216653355,0.009281454023506473,0.012554661531330237,True
2022-08-30,Gaussian,0.95,2021-08-19,2022-08-26,0.01004410216653355,0.009171812964390813,0.011461472924254553,True
2022-08-31,Historical,0.95,2021-08-20,2022-08-30,0.0075499636795620245,0.009533101223162647,0.012611412318773855,False
2022-08-31,Gaussian,0.95,2021-08-20,2022-08-30,0.0075499636795620245,0.009248168892154348,0.011550794822320479,False
2022-09-01,Historical,0.95,2021-08-23,2022-08-31,0.008093207505988327,0.009533101223162647,0.012611412318773855,False
2022-09-01,Gaussian,0.95,2021-08-23,2022-08-31,0.008093207505988327,0.0093165008126304,0.011625802192816075,False
2022-09-02,Historical,0.95,2021-08-24,2022-09-01,-0.005558445542194175,0.009533101223162647,0.012611412318773855,False
2022-09-02,Gaussian,0.95,2021-08-24,2022-09-01,-0.005558445542194175,0.009386267055721396,0.011698987773242105,False
2022-09-06,Historical,0.95,2021-08-25,2022-09-02,0.004609908446465125,0.009533101223162647,0.012611412318773855,False
2022-09-06,Gaussian,0.95,2021-08-25,2022-09-02,0.004609908446465125,0.009384844255524478,0.011702683421106816,False
2022-09-07,Historical,0.95,2021-08-26,2022-09-06,-0.006618556153742374,0.009533101223162647,0.012611412318773855,False
2022-09-07,Gaussian,0.95,2021-08-26,2022-09-06,-0.006618556153742374,0.009408630554976077,0.011729156828261342,False
2022-09-08,Historical,0.95,2021-08-27,2022-09-07,-6.68436041818001e-05,0.009533101223162647,0.012611412318773855,False
2022-09-08,Gaussian,0.95,2021-08-27,2022-09-07,-6.68436041818001e-05,0.009400119730537513,0.011727292790212073,False
2022-09-09,Historical,0.95,2021-08-31,2022-09-08,-0.0082277789073034,0.009533101223162647,0.012611412318773855,False
2022-09-09,Gaussian,0.95,2021-08-31,2022-09-08,-0.0082277789073034,0.009393760404808289,0.011711683531998389,False
2022-09-12,Historical,0.95,2021-09-01,2022-09-09,-0.007456874662304725,0.009533101223162647,0.012611412318773855,False
2022-09-12,Gaussian,0.95,2021-09-01,2022-09-09,-0.007456874662304725,0.00939939371849884,0.011728089310902053,False
2022-09-13,Historical,0.95,2021-09-02,2022-09-12,0.018383592689151573,0.009533101223162647,0.012611412318773855,True
2022-09-13,Gaussian,0.95,2021-09-02,2022-09-12,0.018383592689151573,0.009408169622014753,0.011745395447583023,True
2022-09-14,Historical,0.95,2021-09-03,2022-09-13,0.003664662748450975,0.009720861459980221,0.01327794779069912,False
2022-09-14,Gaussian,0.95,2021-09-03,2022-09-13,0.003664662748450975,0.009676624296166836,0.012062514628095506,False
2022-09-15,Historical,0.95,2021-09-07,2022-09-14,0.008193343692746624,0.009720861459980221,0.01327794779069912,False
2022-09-15,Gaussian,0.95,2021-09-07,2022-09-14,0.008193343692746624,0.009701134728695084,0.012088406879257892,False
2022-09-16,Historical,0.95,2021-09-08,2022-09-15,0.0017641208452872752,0.009720861459980221,0.01327794779069912,False
2022-09-16,Gaussian,0.95,2021-09-08,2022-09-15,0.0017641208452872752,0.009723422448388072,0.0121144757602876,False
2022-09-20,Historical,0.95,2021-09-09,2022-09-16,0.0061330686077173,0.009720861459980221,0.01327794779069912,False
2022-09-20,Gaussian,0.95,2021-09-09,2022-09-16,0.0061330686077173,0.009721120142198747,0.012111984884880607,False
2022-09-21,Historical,0.95,2021-09-10,2022-09-20,0.0005606747285854252,0.009720861459980221,0.01327794779069912,False
2022-09-21,Gaussian,0.95,2021-09-10,2022-09-20,0.0005606747285854252,0.009756388427702786,0.012151862240583363,False
2022-09-22,Historical,0.95,2021-09-13,2022-09-21,0.008717599597281075,0.009720861459980221,0.01327794779069912,False
2022-09-22,Gaussian,0.95,2021-09-13,2022-09-21,0.008717599597281075,0.009736433214667096,0.012130135966223015,False
2022-09-23,Historical,0.95,2021-09-14,2022-09-22,0.01323724124918265,0.009720861459980221,0.01327794779069912,True
2022-09-23,Gaussian,0.95,2021-09-14,2022-09-22,0.01323724124918265,0.009817320822022317,0.012219563348677088,True
2022-09-26,Historical,0.95,2021-09-15,2022-09-23,0.009565112874369775,0.009899464859377396,0.013548298199989418,False
2022-09-26,Gaussian,0.95,2021-09-15,2022-09-23,0.009565112874369775,0.009964217077785496,0.012390427333485903,False
2022-09-27,Historical,0.95,2021-09-16,2022-09-26,0.00302050347513475,0.009899464859377396,0.013548298199989418,False
2022-09-27,Gaussian,0.95,2021-09-16,2022-09-26,0.00302050347513475,0.010048213196966102,0.012486447585872086,False
2022-09-28,Historical,0.95,2021-09-17,2022-09-27,-0.016490587017662876,0.009899464859377396,0.013548298199989418,False
2022-09-28,Gaussian,0.95,2021-09-17,2022-09-27,-0.016490587017662876,0.010017865832056128,0.01245187120050999,False
2022-09-29,Historical,0.95,2021-09-20,2022-09-28,0.010911673069654449,0.009899464859377396,0.013548298199989418,True
2022-09-29,Gaussian,0.95,2021-09-20,2022-09-28,0.010911673069654449,0.010073912284965039,0.012544679277651077,True
2022-09-30,Historical,0.95,2021-09-21,2022-09-29,0.0039567699673286275,0.010466468311132316,0.013615034423306412,False
2022-09-30,Gaussian,0.95,2021-09-21,2022-09-29,0.0039567699673286275,0.01016127071247071,0.012646531522361617,False
2022-10-03,Historical,0.95,2021-09-22,2022-09-30,-0.016059431955787927,0.010466468311132316,0.013615034423306412,False
2022-10-03,Gaussian,0.95,2021-09-22,2022-09-30,-0.016059431955787927,0.010189319697664258,0.012673512414674752,False
2022-10-04,Historical,0.95,2021-09-23,2022-10-03,-0.0181739584644291,0.010466468311132316,0.013615034423306412,False
2022-10-04,Gaussian,0.95,2021-09-23,2022-10-03,-0.0181739584644291,0.010277620869529538,0.01279512967293142,False
2022-10-05,Historical,0.95,2021-09-24,2022-10-04,0.0054526851686777,0.010466468311132316,0.013615034423306412,False
2022-10-05,Gaussian,0.95,2021-09-24,2022-10-04,0.0054526851686777,0.010379579665416654,0.012943786834791724,False
2022-10-06,Historical,0.95,2021-09-27,2022-10-05,0.006180227282848725,0.010466468311132316,0.013615034423306412,False
2022-10-06,Gaussian,0.95,2021-09-27,2022-10-05,0.006180227282848725,0.010408063892541508,0.012975653077949952,False
2022-10-07,Historical,0.95,2021-09-28,2022-10-06,0.011191053660794224,0.010466468311132316,0.013615034423306412,True
2022-10-07,Gaussian,0.95,2021-09-28,2022-10-06,0.011191053660794224,0.010449582612304806,0.013021867367811866,True
2022-10-10,Historical,0.95,2021-09-29,2022-10-07,0.008280840353041675,0.010833704286793833,0.013644189273270692,False
2022-10-10,Gaussian,0.95,2021-09-29,2022-10-07,0.008280840353041675,0.010471405127097131,0.01304774158318712,False
2022-10-11,Historical,0.95,2021-09-30,2022-10-10,0.0041723924186939,0.010833704286793833,0.013644189273270692,False
2022-10-11,Gaussian,0.95,2021-09-30,2022-10-10,0.0041723924186939,0.010543688998250677,0.013127559022559118,False
2022-10-12,Historical,0.95,2021-10-01,2022-10-11,0.0008110256574876751,0.010833704286793833,0.013644189273270692,False
2022-10-12,Gaussian,0.95,2021-10-01,2022-10-11,0.0008110256574876751,0.010571159424474985,0.01315669711586901,False
2022-10-13,Historical,0.95,2021-10-04,2022-10-12,-0.0045928165324344,0.010833704286793833,0.013644189273270692,False
2022-10-13,Gaussian,0.95,2021-10-04,2022-10-12,-0.0045928165324344,0.010579871994802044,0.013164396112874972,False
2022-10-14,Historical,0.95,2021-10-05,2022-10-13,0.010117656699390326,0.010833704286793833,0.013644189273270692,False
2022-10-14,Gaussian,0.95,2021-10-05,2022-10-13,0.010117656699390326,0.010559448051545533,0.013146450769650566,False
2022-10-17,Historical,0.95,2021-10-06,2022-10-14,-0.009842229286946225,0.010833704286793833,0.013644189273270692,False
2022-10-17,Gaussian,0.95,2021-10-06,2022-10-14,-0.009842229286946225,0.010656018956128555,0.013254179591423233,False
2022-10-18,Historical,0.95,2021-10-07,2022-10-17,-0.004626502933684375,0.010833704286793833,0.013644189273270692,False
2022-10-18,Gaussian,0.95,2021-10-07,2022-10-17,-0.004626502933684375,0.01066759947074637,0.013279830526027967,False
2022-10-19,Historical,0.95,2021-10-08,2022-10-18,0.0080550595220644,0.010833704286793833,0.013644189273270692,False
2022-10-19,Gaussian,0.95,2021-10-08,2022-10-18,0.0080550595220644,0.010668116851757056,0.013282445386604492,False
2022-10-20,Historical,0.95,2021-10-11,2022-10-19,0.0035700594848019755,0.010833704286793833,0.013644189273270692,False
2022-10-20,Gaussian,0.95,2021-10-11,2022-10-19,0.0035700594848019755,0.010730100464816872,0.01335229003232462,False
2022-10-21,Historical,0.95,2021-10-12,2022-10-20,-0.01188199085966235,0.010833704286793833,0.013644189273270692,False
2022-10-21,Gaussian,0.95,2021-10-12,2022-10-20,-0.01188199085966235,0.01074547707874244,0.01336895388358389,False
2022-10-24,Historical,0.95,2021-10-13,2022-10-21,-0.0034264038658156247,0.010833704286793833,0.013644189273270692,False
2022-10-24,Gaussian,0.95,2021-10-13,2022-10-21,-0.0034264038658156247,0.010780142835275426,0.013423403618566442,False
2022-10-25,Historical,0.95,2021-10-14,2022-10-24,-0.0077360940717897154,0.010833704286793833,0.013644189273270692,False
2022-10-25,Gaussian,0.95,2021-10-14,2022-10-24,-0.0077360940717897154,0.010776492086400625,0.013416118226851976,False
2022-10-26,Historical,0.95,2021-10-15,2022-10-25,-0.0025365919516400007,0.010833704286793833,0.013644189273270692,False
2022-10-26,Gaussian,0.95,2021-10-15,2022-10-25,-0.0025365919516400007,0.010776331042220071,0.01341588000335903,False
2022-10-27,Historical,0.95,2021-10-18,2022-10-26,-0.00048525618161902526,0.010833704286793833,0.013644189273270692,False
2022-10-27,Gaussian,0.95,2021-10-18,2022-10-26,-0.00048525618161902526,0.010758674183728053,0.013398787843795196,False
2022-10-28,Historical,0.95,2021-10-19,2022-10-27,-0.001399925509364225,0.010833704286793833,0.013644189273270692,False
2022-10-28,Gaussian,0.95,2021-10-19,2022-10-27,-0.001399925509364225,0.010752093237881937,0.013392216112794803,False
2022-10-31,Historical,0.95,2021-10-20,2022-10-28,0.0033772658764056997,0.010833704286793833,0.013644189273270692,False
2022-10-31,Gaussian,0.95,2021-10-20,2022-10-28,0.0033772658764056997,0.010753526567910364,0.013393168632821527,False
2022-11-01,Historical,0.95,2021-10-21,2022-10-31,-0.0047118423611586255,0.010833704286793833,0.013644189273270692,False
2022-11-01,Gaussian,0.95,2021-10-21,2022-10-31,-0.0047118423611586255,0.010777856486226542,0.013417004648963136,False
2022-11-02,Historical,0.95,2021-10-22,2022-11-01,0.00988298306314405,0.010833704286793833,0.013644189273270692,False
2022-11-02,Gaussian,0.95,2021-10-22,2022-11-01,0.00988298306314405,0.010767052766537137,0.013409533810185975,False
2022-11-03,Historical,0.95,2021-10-25,2022-11-02,0.003130764176044825,0.010833704286793833,0.013644189273270692,False
2022-11-03,Gaussian,0.95,2021-10-25,2022-11-02,0.003130764176044825,0.010859096411725428,0.01351248275737095,False
2022-11-04,Historical,0.95,2021-10-26,2022-11-03,-0.01562902174874235,0.010833704286793833,0.013644189273270692,False
2022-11-04,Gaussian,0.95,2021-10-26,2022-11-03,-0.01562902174874235,0.010881293863023134,0.013533221301868788,False
2022-11-07,Historical,0.95,2021-10-27,2022-11-04,0.0006563444438220751,0.010833704286793833,0.013644189273270692,False
2022-11-07,Gaussian,0.95,2021-10-27,2022-11-04,0.0006563444438220751,0.010954323728478156,0.013639863619620888,False
2022-11-08,Historical,0.95,2021-10-28,2022-11-07,-0.0090482063969356,0.010833704286793833,0.013644189273270692,False
2022-11-08,Gaussian,0.95,2021-10-28,2022-11-07,-0.0090482063969356,0.010956762090258915,0.01364229627907096,False
2022-11-09,Historical,0.95,2021-10-29,2022-11-08,0.0059304293585941,0.010833704286793833,0.013644189273270692,False
2022-11-09,Gaussian,0.95,2021-10-29,2022-11-08,0.0059304293585941,0.01097050402427658,0.013667083435163692,False
2022-11-10,Historical,0.95,2021-11-01,2022-11-09,-0.02978656097482955,0.010833704286793833,0.013644189273270692,False
2022-11-10,Gaussian,0.95,2021-11-01,2022-11-09,-0.02978656097482955,0.011001039266492875,0.013701321865536527,False
2022-11-11,Historical,0.95,2021-11-02,2022-11-10,-0.001499409397929875,0.010833704286793833,0.013644189273270692,False
2022-11-11,Gaussian,0.95,2021-11-02,2022-11-10,-0.001499409397929875,0.011342312738657247,0.014156006918388975,False
2022-11-14,Historical,0.95,2021-11-03,2022-11-11,-9.359315221650014e-06,0.010833704286793833,0.013644189273270692,False
2022-11-14,Gaussian,0.95,2021-11-03,2022-11-11,-9.359315221650014e-06,0.011339621625071673,0.014153626691090071,False
2022-11-15,Historical,0.95,2021-11-04,2022-11-14,-0.004377119403435075,0.010833704286793833,0.013644189273270692,False
2022-11-15,Gaussian,0.95,2021-11-04,2022-11-14,-0.004377119403435075,0.011329337046301239,0.014142911004944825,False
2022-11-16,Historical,0.95,2021-11-05,2022-11-15,0.0014135695045547003,0.010833704286793833,0.013644189273270692,False
2022-11-16,Gaussian,0.95,2021-11-05,2022-11-15,0.0014135695045547003,0.011326455824817349,0.014137339664396894,False
2022-11-17,Historical,0.95,2021-11-08,2022-11-16,0.004447747004100475,0.010833704286793833,0.013644189273270692,False
2022-11-17,Gaussian,0.95,2021-11-08,2022-11-16,0.004447747004100475,0.011336443688687288,0.014141929997721158,False
2022-11-18,Historical,0.95,2021-11-09,2022-11-17,8.774613748097505e-05,0.010833704286793833,0.013644189273270692,False
2022-11-18,Gaussian,0.95,2021-11-09,2022-11-17,8.774613748097505e-05,0.01136233009172375,0.0141699579136883,False
2022-11-21,Historical,0.95,2021-11-10,2022-11-18,0.002815491428489275,0.010833704286793833,0.013644189273270692,False
2022-11-21,Gaussian,0.95,2021-11-10,2022-11-18,0.002815491428489275,0.011364707481466505,0.014172236978856277,False
2022-11-22,Historical,0.95,2021-11-11,2022-11-21,-0.0076918255088111,0.010833704286793833,0.013644189273270692,False
2022-11-22,Gaussian,0.95,2021-11-11,2022-11-21,-0.0076918255088111,0.011381598106692047,0.014189749591049905,False
2022-11-23,Historical,0.95,2021-11-12,2022-11-22,-0.0047980995026268,0.010833704286793833,0.013644189273270692,False
2022-11-23,Gaussian,0.95,2021-11-12,2022-11-22,-0.0047980995026268,0.011388050047397492,0.014203389963689701,False
2022-11-25,Historical,0.95,2021-11-15,2022-11-23,-0.000786702498007025,0.010833704286793833,0.013644189273270692,False
2022-11-25,Gaussian,0.95,2021-11-15,2022-11-23,-0.000786702498007025,0.011386167937588218,0.014204304924195856,False
2022-11-28,Historical,0.95,2021-11-16,2022-11-25,0.006158100108913325,0.010833704286793833,0.013644189273270692,False
2022-11-28,Gaussian,0.95,2021-11-16,2022-11-25,0.006158100108913325,0.011378209612887585,0.014196379168712747,False
2022-11-29,Historical,0.95,2021-11-17,2022-11-28,-0.00105316646217105,0.010833704286793833,0.013644189273270692,False
2022-11-29,Gaussian,0.95,2021-11-17,2022-11-28,-0.00105316646217105,0.011410767817945214,0.014232889539279854,False
2022-11-30,Historical,0.95,2021-11-18,2022-11-29,-0.015214210954425052,0.010833704286793833,0.013644189273270692,False
2022-11-30,Gaussian,0.95,2021-11-18,2022-11-29,-0.015214210954425052,0.01141142467291395,0.014233451313267512,False
2022-12-01,Historical,0.95,2021-11-19,2022-11-30,-0.0066278132428672,0.010833704286793833,0.013644189273270692,False
2022-12-01,Gaussian,0.95,2021-11-19,2022-11-30,-0.0066278132428672,0.011462914299802994,0.01431450801381389,False
2022-12-02,Historical,0.95,2021-11-22,2022-12-01,0.0007309129126030001,0.010833704286793833,0.013644189273270692,False
2022-12-02,Gaussian,0.95,2021-11-22,2022-12-01,0.0007309129126030001,0.011445291936205039,0.014301888440611244,False
2022-12-05,Historical,0.95,2021-11-23,2022-12-02,0.0109228616575772,0.010833704286793833,0.013644189273270692,True
2022-12-05,Gaussian,0.95,2021-11-23,2022-12-02,0.0109228616575772,0.011396544130292171,0.014247257857745275,False
2022-12-06,Historical,0.95,2021-11-24,2022-12-05,0.0029026804595790505,0.010884563288814235,0.01364968408445111,False
2022-12-06,Gaussian,0.95,2021-11-24,2022-12-05,0.0029026804595790505,0.011483937653958155,0.014348185649421986,False
2022-12-07,Historical,0.95,2021-11-26,2022-12-06,-0.0029113636879271754,0.010884563288814235,0.01364968408445111,False
2022-12-07,Gaussian,0.95,2021-11-26,2022-12-06,-0.0029113636879271754,0.011504213687394805,0.014368855048747896,False
2022-12-08,Historical,0.95,2021-11-29,2022-12-07,-0.00011134132382974995,0.010833704286793833,0.013625022818964707,False
2022-12-08,Gaussian,0.95,2021-11-29,2022-12-07,-0.00011134132382974995,0.011394413180398928,0.01424547177940554,False
2022-12-09,Historical,0.95,2021-11-30,2022-12-08,0.002655465867526425,0.010833704286793833,0.013625022818964707,False
2022-12-09,Gaussian,0.95,2021-11-30,2022-12-08,0.002655465867526425,0.01140124550660215,0.014249341946861773,False
2022-12-12,Historical,0.95,2021-12-01,2022-12-09,-0.00012379732011740018,0.010833704286793833,0.013625022818964707,False
2022-12-12,Gaussian,0.95,2021-12-01,2022-12-09,-0.00012379732011740018,0.011367451983385048,0.014211071306802625,False
2022-12-13,Historical,0.95,2021-12-02,2022-12-12,-0.010254695349968474,0.010833704286793833,0.013625022818964707,False
2022-12-13,Gaussian,0.95,2021-12-02,2022-12-12,-0.010254695349968474,0.011373345832100971,0.014216168448566768,False
2022-12-14,Historical,0.95,2021-12-03,2022-12-13,0.0016699892892006749,0.010833704286793833,0.013625022818964707,False
2022-12-14,Gaussian,0.95,2021-12-03,2022-12-13,0.0016699892892006749,0.011385801324546774,0.01424195677991171,False
2022-12-15,Historical,0.95,2021-12-06,2022-12-14,0.0121583670201685,0.010833704286793833,0.013625022818964707,True
2022-12-15,Gaussian,0.95,2021-12-06,2022-12-14,0.0121583670201685,0.011397570536486558,0.014253780651058725,True
2022-12-16,Historical,0.95,2021-12-07,2022-12-15,0.004407360213488875,0.010884563288814235,0.01372555650419061,False
2022-12-16,Gaussian,0.95,2021-12-07,2022-12-15,0.004407360213488875,0.011522351942417677,0.01439289444837757,False
2022-12-19,Historical,0.95,2021-12-08,2022-12-16,0.003988872177298975,0.010884563288814235,0.01372555650419061,False
2022-12-19,Gaussian,0.95,2021-12-08,2022-12-16,0.003988872177298975,0.011543920869120018,0.014406488052697595,False
2022-12-20,Historical,0.95,2021-12-09,2022-12-19,-0.0029091074332415496,0.010884563288814235,0.01372555650419061,False
2022-12-20,Gaussian,0.95,2021-12-09,2022-12-19,-0.0029091074332415496,0.011566525389597387,0.014430762258065635,False
2022-12-21,Historical,0.95,2021-12-10,2022-12-20,-0.00790940082728255,0.010884563288814235,0.01372555650419061,False
2022-12-21,Gaussian,0.95,2021-12-10,2022-12-20,-0.00790940082728255,0.011542597513485266,0.014407005298655764,False
2022-12-22,Historical,0.95,2021-12-13,2022-12-21,0.0076450564563730495,0.010884563288814235,0.01372555650419061,False
2022-12-22,Gaussian,0.95,2021-12-13,2022-12-21,0.0076450564563730495,0.011549533411859233,0.014421089913462063,False
2022-12-23,Historical,0.95,2021-12-14,2022-12-22,-0.0012085160306629752,0.010884563288814235,0.01372555650419061,False
2022-12-23,Gaussian,0.95,2021-12-14,2022-12-22,-0.0012085160306629752,0.0115937095973992,0.014471293243042565,False
2022-12-28,Historical,0.95,2021-12-15,2022-12-23,0.004911565686060775,0.010884563288814235,0.01372555650419061,False
2022-12-28,Gaussian,0.95,2021-12-15,2022-12-23,0.004911565686060775,0.011558431962170252,0.014433440701124456,False
2022-12-29,Historical,0.95,2021-12-16,2022-12-28,-0.0075094467836582255,0.010884563288814235,0.01372555650419061,False
2022-12-29,Gaussian,0.95,2021-12-16,2022-12-28,-0.0075094467836582255,0.011595492746828572,0.01447173760083682,False
2022-12-30,Historical,0.95,2021-12-17,2022-12-29,0.002535141855694675,0.010884563288814235,0.01372555650419061,False
2022-12-30,Gaussian,0.95,2021-12-17,2022-12-29,0.002535141855694675,0.011601425957922849,0.014482035893644999,False
2023-01-03,Historical,0.95,2021-12-20,2022-12-30,-0.006485628481378801,0.010884563288814235,0.01372555650419061,False
2023-01-03,Gaussian,0.95,2021-12-20,2022-12-30,-0.006485628481378801,0.011603293541301763,0.014484063140950361,False
2023-01-04,Historical,0.95,2021-12-21,2023-01-03,-0.00718346640684535,0.010884563288814235,0.01372555650419061,False
2023-01-04,Gaussian,0.95,2021-12-21,2023-01-03,-0.00718346640684535,0.011553281595207365,0.014434635990931845,False
2023-01-05,Historical,0.95,2021-12-22,2023-01-04,0.00479218899814525,0.010884563288814235,0.01372555650419061,False
2023-01-05,Gaussian,0.95,2021-12-22,2023-01-04,0.00479218899814525,0.011554393218982906,0.014436419691584063,False
2023-01-06,Historical,0.95,2021-12-23,2023-01-05,-0.015765991087787923,0.010884563288814235,0.01372555650419061,False
2023-01-06,Gaussian,0.95,2021-12-23,2023-01-05,-0.015765991087787923,0.011587424332501435,0.014466213959495815,False
2023-01-09,Historical,0.95,2021-12-29,2023-01-06,-0.001829357133035825,0.010884563288814235,0.01372555650419061,False
2023-01-09,Gaussian,0.95,2021-12-29,2023-01-06,-0.001829357133035825,0.011653062514341193,0.01456182818735273,False
2023-01-10,Historical,0.95,2021-12-30,2023-01-09,-0.00010821076085962516,0.010884563288814235,0.01372555650419061,False
2023-01-10,Gaussian,0.95,2021-12-30,2023-01-09,-0.00010821076085962516,0.011655120957765039,0.014562846150882904,False
2023-01-11,Historical,0.95,2021-12-31,2023-01-10,-0.005638553915055475,0.010884563288814235,0.01372555650419061,False
2023-01-11,Gaussian,0.95,2021-12-31,2023-01-10,-0.005638553915055475,0.01165879656319544,0.014566266385757951,False
2023-01-12,Historical,0.95,2022-01-04,2023-01-11,-0.0082093670449917,0.010884563288814235,0.01372555650419061,False
2023-01-12,Gaussian,0.95,2022-01-04,2023-01-11,-0.0082093670449917,0.011652948655949872,0.01456451592782225,False
2023-01-13,Historical,0.95,2022-01-05,2023-01-12,-0.0042753196835034,0.010884563288814235,0.01372555650419061,False
2023-01-13,Gaussian,0.95,2022-01-05,2023-01-12,-0.0042753196835034,0.01165684297316812,0.01457669271866613,False
2023-01-17,Historical,0.95,2022-01-06,2023-01-13,0.0027069031237656254,0.010884563288814235,0.01372555650419061,False
2023-01-17,Gaussian,0.95,2022-01-06,2023-01-13,0.0027069031237656254,0.011606189677892637,0.014523881279460343,False
2023-01-18,Historical,0.95,2022-01-07,2023-01-17,0.0018602568320390997,0.010884563288814235,0.01372555650419061,False
2023-01-18,Gaussian,0.95,2022-01-07,2023-01-17,0.0018602568320390997,0.011578540049277348,0.014492686956873632,False
2023-01-19,Historical,0.95,2022-01-10,2023-01-18,0.0010799419683697,0.010884563288814235,0.01372555650419061,False
2023-01-19,Gaussian,0.95,2022-01-10,2023-01-18,0.0010799419683697,0.011589177294783997,0.014503649952762284,False
2023-01-20,Historical,0.95,2022-01-11,2023-01-19,-0.00299480924699825,0.010884563288814235,0.01372555650419061,False
2023-01-20,Gaussian,0.95,2022-01-11,2023-01-19,-0.00299480924699825,0.011589554258444506,0.014504044113371094,False
2023-01-23,Historical,0.95,2022-01-12,2023-01-20,-0.00309144557846855,0.010884563288814235,0.01372555650419061,False
2023-01-23,Gaussian,0.95,2022-01-12,2023-01-20,-0.00309144557846855,0.011584776054110601,0.014493521857662901,False
2023-01-24,Historical,0.95,2022-01-13,2023-01-23,-0.0012915741770267502,0.010884563288814235,0.01372555650419061,False
2023-01-24,Gaussian,0.95,2022-01-13,2023-01-23,-0.0012915741770267502,0.01158503389386324,0.014493509686699919,False
2023-01-25,Historical,0.95,2022-01-14,2023-01-24,-0.0009792850370963504,0.010884563288814235,0.01372555650419061,False
2023-01-25,Gaussian,0.95,2022-01-14,2023-01-24,-0.0009792850370963504,0.011563473605799186,0.014471046349158901,False
2023-01-26,Historical,0.95,2022-01-18,2023-01-25,-0.00010683154812649986,0.010884563288814235,0.01372555650419061,False
2023-01-26,Gaussian,0.95,2022-01-18,2023-01-25,-0.00010683154812649986,0.011544653345357593,0.014451413240052466,False
2023-01-27,Historical,0.95,2022-01-19,2023-01-26,-2.9397723991324916e-05,0.010884563288814235,0.01372555650419061,False
2023-01-27,Gaussian,0.95,2022-01-19,2023-01-26,-2.9397723991324916e-05,0.01150156384911137,0.014403800582546103,False
2023-01-30,Historical,0.95,2022-01-20,2023-01-27,0.0040323147027929995,0.010884563288814235,0.01372555650419061,False
2023-01-30,Gaussian,0.95,2022-01-20,2023-01-27,0.0040323147027929995,0.011508946099450697,0.014410024855321163,False
2023-01-31,Historical,0.95,2022-01-21,2023-01-30,-0.0054121628606901995,0.010884563288814235,0.01372555650419061,False
2023-01-31,Gaussian,0.95,2022-01-21,2023-01-30,-0.0054121628606901995,0.01151641801341012,0.014418349072861134,False
2023-02-01,Historical,0.95,2022-01-24,2023-01-31,-0.0072193179080805,0.010884563288814235,0.01372555650419061,False
2023-02-01,Gaussian,0.95,2022-01-24,2023-01-31,-0.0072193179080805,0.011457213499675106,0.014356811095598021,False
2023-02-02,Historical,0.95,2022-01-25,2023-02-01,-0.0002902849026231004,0.010884563288814235,0.01372555650419061,False
2023-02-02,Gaussian,0.95,2022-01-25,2023-02-01,-0.0002902849026231004,0.011423842100791037,0.014327097756848508,False
2023-02-03,Historical,0.95,2022-01-26,2023-02-02,0.008903304970740026,0.010884563288814235,0.01372555650419061,False
2023-02-03,Gaussian,0.95,2022-01-26,2023-02-02,0.008903304970740026,0.011422596157890352,0.014325861479067028,False
2023-02-06,Historical,0.95,2022-01-27,2023-02-03,0.005231156882109175,0.010884563288814235,0.01372555650419061,False
2023-02-06,Gaussian,0.95,2022-01-27,2023-02-03,0.005231156882109175,0.011480494300360362,0.014392324603448711,False
2023-02-07,Historical,0.95,2022-01-28,2023-02-06,-0.003727737142295825,0.010884563288814235,0.01372555650419061,False
2023-02-07,Gaussian,0.95,2022-01-28,2023-02-06,-0.003727737142295825,0.011511269251070716,0.014426305110386586,False
2023-02-08,Historical,0.95,2022-01-31,2023-02-07,0.0005777435042760501,0.010884563288814235,0.01372555650419061,False
2023-02-08,Gaussian,0.95,2022-01-31,2023-02-07,0.0005777435042760501,0.011510701562691522,0.014426331601064749,False
2023-02-09,Historical,0.95,2022-02-01,2023-02-08,0.00448503466809795,0.010884563288814235,0.01372555650419061,False
2023-02-09,Gaussian,0.95,2022-02-01,2023-02-08,0.00448503466809795,0.01151956050697466,0.014430608979359438,False
2023-02-10,Historical,0.95,2022-02-02,2023-02-09,0.0010874015537313,0.010884563288814235,0.01372555650419061,False
2023-02-10,Gaussian,0.95,2022-02-02,2023-02-09,0.0010874015537313,0.011554825080255179,0.01446623307240406,False
2023-02-13,Historical,0.95,2022-02-03,2023-02-10,-0.0042508658277475506,0.010884563288814235,0.01372555650419061,False
2023-02-13,Gaussian,0.95,2022-02-03,2023-02-10,-0.0042508658277475506,0.011566915574396205,0.014474863703369917,False
2023-02-14,Historical,0.95,2022-02-04,2023-02-13,0.0008153923364711749,0.010884563288814235,0.01372555650419061,False
2023-02-14,Gaussian,0.95,2022-02-04,2023-02-13,0.0008153923364711749,0.011481311400689262,0.014381288926828896,False
2023-02-15,Historical,0.95,2022-02-07,2023-02-14,0.0011674026850051252,0.010884563288814235,0.01372555650419061,False
2023-02-15,Gaussian,0.95,2022-02-07,2023-02-14,0.0011674026850051252,0.011482052352522875,0.014382055738453909,False
2023-02-16,Historical,0.95,2022-02-08,2023-02-15,0.004021876309693025,0.010884563288814235,0.01372555650419061,False
2023-02-16,Gaussian,0.95,2022-02-08,2023-02-15,0.004021876309693025,0.011494668969518817,0.014393752639968522,False
2023-02-17,Historical,0.95,2022-02-09,2023-02-16,-0.0005043172301007501,0.010884563288814235,0.01372555650419061,False
2023-02-17,Gaussian,0.95,2022-02-09,2023-02-16,-0.0005043172301007501,0.011523685372451638,0.01442417960182326,False
2023-02-21,Historical,0.95,2022-02-10,2023-02-17,0.009498130486422899,0.010884563288814235,0.01372555650419061,False
2023-02-21,Gaussian,0.95,2022-02-10,2023-02-17,0.009498130486422899,0.011524708656494286,0.014418518549804329,False
2023-02-22,Historical,0.95,2022-02-11,2023-02-21,0.0028334644233140496,0.010884563288814235,0.01372555650419061,False
2023-02-22,Gaussian,0.95,2022-02-11,2023-02-21,0.0028334644233140496,0.011555824179789275,0.014454823802068154,False
2023-02-23,Historical,0.95,2022-02-14,2023-02-22,-0.00144618773864795,0.010884563288814235,0.01372555650419061,False
2023-02-23,Gaussian,0.95,2022-02-14,2023-02-22,-0.00144618773864795,0.011576806878389629,0.014475980729188214,False
2023-02-24,Historical,0.95,2022-02-15,2023-02-23,0.006861807806551774,0.010884563288814235,0.01372555650419061,False
2023-02-24,Gaussian,0.95,2022-02-15,2023-02-23,0.006861807806551774,0.011535900739104614,0.014431819653221994,False
2023-02-27,Historical,0.95,2022-02-16,2023-02-24,-0.004298472787758525,0.010884563288814235,0.01372555650419061,False
2023-02-27,Gaussian,0.95,2022-02-16,2023-02-24,-0.004298472787758525,0.011592323646239706,0.0144921636769777,False
2023-02-28,Historical,0.95,2022-02-17,2023-02-27,0.001080260383130225,0.010884563288814235,0.01372555650419061,False
2023-02-28,Gaussian,0.95,2022-02-17,2023-02-27,0.001080260383130225,0.011591988694475818,0.014492914440417875,False
2023-03-01,Historical,0.95,2022-02-18,2023-02-28,0.0005117279066110749,0.010884563288814235,0.01372555650419061,False
2023-03-01,Gaussian,0.95,2022-02-18,2023-02-28,0.0005117279066110749,0.011582717984262823,0.014482956619868875,False
2023-03-02,Historical,0.95,2022-02-22,2023-03-01,-0.0016397707027580501,0.010884563288814235,0.01372555650419061,False
2023-03-02,Gaussian,0.95,2022-02-22,2023-03-01,-0.0016397707027580501,0.011575489457159154,0.014475355784428266,False
2023-03-03,Historical,0.95,2022-02-23,2023-03-02,-0.008827745675680374,0.010884563288814235,0.01372555650419061,False
2023-03-03,Gaussian,0.95,2022-02-23,2023-03-02,-0.008827745675680374,0.011556686518408004,0.01445616723935939,False
2023-03-06,Historical,0.95,2022-02-24,2023-03-03,0.002079992717935475,0.010884563288814235,0.01372555650419061,False
2023-03-06,Gaussian,0.95,2022-02-24,2023-03-03,0.002079992717935475,0.011531063084541562,0.014437726474430436,False
2023-03-07,Historical,0.95,2022-02-25,2023-03-06,0.008500192184130125,0.010884563288814235,0.01372555650419061,False
2023-03-07,Gaussian,0.95,2022-02-25,2023-03-06,0.008500192184130125,0.011490578025023736,0.014391950844921121,False
2023-03-08,Historical,0.95,2022-02-28,2023-03-07,-0.00048448871898245,0.010884563288814235,0.01372555650419061,False
2023-03-08,Gaussian,0.95,2022-02-28,2023-03-07,-0.00048448871898245,0.011514275705573578,0.01439830451566091,False
2023-03-09,Historical,0.95,2022-03-01,2023-03-08,0.0021728198571456005,0.010884563288814235,0.01372555650419061,False
2023-03-09,Gaussian,0.95,2022-03-01,2023-03-08,0.0021728198571456005,0.011520199562955405,0.014402383834159262,False
2023-03-10,Historical,0.95,2022-03-02,2023-03-09,-0.0022000130919492002,0.010884563288814235,0.01372555650419061,False
2023-03-10,Gaussian,0.95,2022-03-02,2023-03-09,-0.0022000130919492002,0.011525563988120109,0.014408108860211134,False
2023-03-13,Historical,0.95,2022-03-03,2023-03-10,-0.0019440753374147493,0.010884563288814235,0.01372555650419061,False
2023-03-13,Gaussian,0.95,2022-03-03,2023-03-10,-0.0019440753374147493,0.011524564553859086,0.014407371972954858,False
2023-03-14,Historical,0.95,2022-03-04,2023-03-13,-0.0032422117591748506,0.010884563288814235,0.01372555650419061,False
2023-03-14,Gaussian,0.95,2022-03-04,2023-03-13,-0.0032422117591748506,0.01148626686967872,0.014366569205721557,False
2023-03-15,Historical,0.95,2022-03-07,2023-03-14,0.00575998199912785,0.010884563288814235,0.01372555650419061,False
2023-03-15,Gaussian,0.95,2022-03-07,2023-03-14,0.00575998199912785,0.011453897151313697,0.014333556280050643,False
2023-03-16,Historical,0.95,2022-03-08,2023-03-15,-0.00487737408840745,0.010884563288814235,0.01372555650419061,False
2023-03-16,Gaussian,0.95,2022-03-08,2023-03-15,-0.00487737408840745,0.011454335617830547,0.014334058660616907,False
2023-03-17,Historical,0.95,2022-03-09,2023-03-16,-0.00496451896538195,0.010884563288814235,0.01372555650419061,False
2023-03-17,Gaussian,0.95,2022-03-09,2023-03-16,-0.00496451896538195,0.01145454534373937,0.014335645483238716,False
2023-03-20,Historical,0.95,2022-03-10,2023-03-17,-0.0036519643420338255,0.010884563288814235,0.01372555650419061,False
2023-03-20,Gaussian,0.95,2022-03-10,2023-03-17,-0.0036519643420338255,0.011453818117425843,0.01433409963534827,False
2023-03-21,Historical,0.95,2022-03-11,2023-03-20,-0.0008191582175331,0.010884563288814235,0.01372555650419061,False
2023-03-21,Gaussian,0.95,2022-03-11,2023-03-20,-0.0008191582175331,0.011417638990362073,0.014297140275671713,False
2023-03-22,Historical,0.95,2022-03-14,2023-03-21,-0.004445269267930899,0.010884563288814235,0.01372555650419061,False
2023-03-22,Gaussian,0.95,2022-03-14,2023-03-21,-0.004445269267930899,0.011398127995588356,0.014276630278340816,False
2023-03-23,Historical,0.95,2022-03-15,2023-03-22,-0.0030956205648039,0.010884563288814235,0.01372555650419061,False
2023-03-23,Gaussian,0.95,2022-03-15,2023-03-22,-0.0030956205648039,0.011333723117182861,0.014207966973911947,False
2023-03-24,Historical,0.95,2022-03-16,2023-03-23,0.00446484374714095,0.010884563288814235,0.01372555650419061,False
2023-03-24,Gaussian,0.95,2022-03-16,2023-03-23,0.00446484374714095,0.011325750368646234,0.014201172775432078,False
2023-03-27,Historical,0.95,2022-03-17,2023-03-24,0.0027426672002146503,0.010884563288814235,0.01372555650419061,False
2023-03-27,Gaussian,0.95,2022-03-17,2023-03-24,0.0027426672002146503,0.01133936234262067,0.014202671383004612,False
2023-03-28,Historical,0.95,2022-03-18,2023-03-27,-0.0019201369122413003,0.010884563288814235,0.01372555650419061,False
2023-03-28,Gaussian,0.95,2022-03-18,2023-03-27,-0.0019201369122413003,0.011357391488436772,0.014215343493453152,False
2023-03-29,Historical,0.95,2022-03-21,2023-03-28,-0.004560263125378375,0.010884563288814235,0.01372555650419061,False
2023-03-29,Gaussian,0.95,2022-03-21,2023-03-28,-0.004560263125378375,0.011357762596677506,0.014215615430864057,False
2023-03-30,Historical,0.95,2022-03-22,2023-03-29,-0.005923879296302951,0.010884563288814235,0.01372555650419061,False
2023-03-30,Gaussian,0.95,2022-03-22,2023-03-29,-0.005923879296302951,0.011349274055915327,0.01420978779487314,False
2023-03-31,Historical,0.95,2022-03-23,2023-03-30,-0.004046211826628175,0.010884563288814235,0.01372555650419061,False
2023-03-31,Gaussian,0.95,2022-03-23,2023-03-30,-0.004046211826628175,0.011345764109478997,0.014210597586065878,False
2023-04-03,Historical,0.95,2022-03-24,2023-03-31,-0.00525634293299795,0.010884563288814235,0.01372555650419061,False
2023-04-03,Gaussian,0.95,2022-03-24,2023-03-31,-0.00525634293299795,0.011342510596929983,0.014209115391256235,False
2023-04-04,Historical,0.95,2022-03-25,2023-04-03,-0.0035664479002980257,0.010884563288814235,0.01372555650419061,False
2023-04-04,Gaussian,0.95,2022-03-25,2023-04-03,-0.0035664479002980257,0.011343146663492834,0.01421094864553101,False
2023-04-05,Historical,0.95,2022-03-28,2023-04-04,-0.001157104408013625,0.010884563288814235,0.01372555650419061,False
2023-04-05,Gaussian,0.95,2022-03-28,2023-04-04,-0.001157104408013625,0.011326539256694556,0.014195562645977324,False
2023-04-06,Historical,0.95,2022-03-29,2023-04-05,-0.00175342236097915,0.010884563288814235,0.01372555650419061,False
2023-04-06,Gaussian,0.95,2022-03-29,2023-04-05,-0.00175342236097915,0.011309361551875749,0.014177781207443736,False
2023-04-11,Historical,0.95,2022-03-30,2023-04-06,0.0011813004378422246,0.010884563288814235,0.01372555650419061,False
2023-04-11,Gaussian,0.95,2022-03-30,2023-04-06,0.0011813004378422246,0.011309193266062688,0.0141726760421929,False
2023-04-12,Historical,0.95,2022-03-31,2023-04-11,-0.0021720379717153496,0.010884563288814235,0.01372555650419061,False
2023-04-12,Gaussian,0.95,2022-03-31,2023-04-11,-0.0021720379717153496,0.011321831772252907,0.01418448434377516,False
2023-04-13,Historical,0.95,2022-04-01,2023-04-12,-0.006461706097673675,0.010884563288814235,0.01372555650419061,False
2023-04-13,Gaussian,0.95,2022-04-01,2023-04-12,-0.006461706097673675,0.011279742323859717,0.014139428909131946,False
2023-04-14,Historical,0.95,2022-04-04,2023-04-13,0.005268698520060025,0.010884563288814235,0.01372555650419061,False
2023-04-14,Gaussian,0.95,2022-04-04,2023-04-13,0.005268698520060025,0.011266290399751158,0.014130780475832862,False
2023-04-17,Historical,0.95,2022-04-05,2023-04-14,0.001637834188663925,0.010884563288814235,0.01372555650419061,False
2023-04-17,Gaussian,0.95,2022-04-05,2023-04-14,0.001637834188663925,0.011308893821990854,0.014175025320543919,False
2023-04-18,Historical,0.95,2022-04-06,2023-04-17,-0.0025395958103339752,0.010884563288814235,0.01372555650419061,False
2023-04-18,Gaussian,0.95,2022-04-06,2023-04-17,-0.0025395958103339752,0.011276721984635519,0.01413898179733771,False
2023-04-19,Historical,0.95,2022-04-07,2023-04-18,0.002083937707237391,0.010884563288814235,0.01372555650419061,False
2023-04-19,Gaussian,0.95,2022-04-07,2023-04-18,0.002083937707237391,0.011249192341688856,0.014110672416123411,False
2023-04-20,Historical,0.95,2022-04-08,2023-04-19,-0.0010672558266669246,0.010884563288814235,0.01372555650419061,False
2023-04-20,Gaussian,0.95,2022-04-08,2023-04-19,-0.0010672558266669246,0.011260453391245923,0.01412246594375796,False
2023-04-21,Historical,0.95,2022-04-11,2023-04-20,0.00248953693574485,0.010884563288814235,0.01372555650419061,False
2023-04-21,Gaussian,0.95,2022-04-11,2023-04-20,0.00248953693574485,0.011264849190088572,0.014125468111510655,False
2023-04-24,Historical,0.95,2022-04-12,2023-04-21,-0.0021300901390129,0.010884563288814235,0.01372555650419061,False
2023-04-24,Gaussian,0.95,2022-04-12,2023-04-21,-0.0021300901390129,0.01123785280013954,0.014095030187731169,False
2023-04-25,Historical,0.95,2022-04-13,2023-04-24,0.0008743141852651246,0.010884563288814235,0.01372555650419061,False
2023-04-25,Gaussian,0.95,2022-04-13,2023-04-24,0.0008743141852651246,0.01123473686603623,0.014092366881115006,False
2023-04-26,Historical,0.95,2022-04-14,2023-04-25,0.004514127061810375,0.010884563288814235,0.01372555650419061,False
2023-04-26,Gaussian,0.95,2022-04-14,2023-04-25,0.004514127061810375,0.011246756919013478,0.014101798376186732,False
2023-04-27,Historical,0.95,2022-04-19,2023-04-26,-0.0026056488647181503,0.010884563288814235,0.01372555650419061,False
2023-04-27,Gaussian,0.95,2022-04-19,2023-04-26,-0.0026056488647181503,0.011243117082053002,0.014097665804409413,False
2023-04-28,Historical,0.95,2022-04-20,2023-04-27,-0.0052447970808885,0.010884563288814235,0.01372555650419061,False
2023-04-28,Gaussian,0.95,2022-04-20,2023-04-27,-0.0052447970808885,0.011226518588361004,0.014081446816498587,False
2023-05-02,Historical,0.95,2022-04-21,2023-04-28,0.0021385383754550006,0.010884563288814235,0.01372555650419061,False
2023-05-02,Gaussian,0.95,2022-04-21,2023-04-28,0.0021385383754550006,0.011227073310429348,0.01408346966572377,False
2023-05-03,Historical,0.95,2022-04-22,2023-05-02,-0.002496987680407675,0.010884563288814235,0.01372555650419061,False
2023-05-03,Gaussian,0.95,2022-04-22,2023-05-02,-0.002496987680407675,0.011196370857946033,0.014048888317902573,False
2023-05-04,Historical,0.95,2022-04-25,2023-05-03,0.0028504521968966993,0.010833704286793833,0.013581223470137804,False
2023-05-04,Gaussian,0.95,2022-04-25,2023-05-03,0.0028504521968966993,0.011058924567651927,0.01389199592385529,False
2023-05-05,Historical,0.95,2022-04-26,2023-05-04,-0.0018200665089272996,0.010833704286793833,0.013581223470137804,False
2023-05-05,Gaussian,0.95,2022-04-26,2023-05-04,-0.0018200665089272996,0.011030874662147831,0.013860178507073124,False
2023-05-09,Historical,0.95,2022-04-27,2023-05-05,0.0012422509748335252,0.010833704286793833,0.013581223470137804,False
2023-05-09,Gaussian,0.95,2022-04-27,2023-05-05,0.0012422509748335252,0.010994047015508083,0.013820716098090475,False
2023-05-10,Historical,0.95,2022-04-28,2023-05-09,-0.001899231801394825,0.010833704286793833,0.013581223470137804,False
2023-05-10,Gaussian,0.95,2022-04-28,2023-05-09,-0.001899231801394825,0.010993058597191172,0.013819661484821565,False
2023-05-11,Historical,0.95,2022-04-29,2023-05-10,0.00198760009520045,0.010833704286793833,0.013581223470137804,False
2023-05-11,Gaussian,0.95,2022-04-29,2023-05-10,0.00198760009520045,0.010979292587132742,0.013794178231761468,False
2023-05-12,Historical,0.95,2022-05-03,2023-05-11,0.0015461590701008748,0.010833704286793833,0.013581223470137804,False
2023-05-12,Gaussian,0.95,2022-05-03,2023-05-11,0.0015461590701008748,0.010909314967380708,0.013713804295918236,False
2023-05-15,Historical,0.95,2022-05-04,2023-05-12,-0.0014665992432415001,0.010833704286793833,0.013581223470137804,False
2023-05-15,Gaussian,0.95,2022-05-04,2023-05-12,-0.0014665992432415001,0.010904343567241374,0.013708404165186336,False
2023-05-16,Historical,0.95,2022-05-05,2023-05-15,0.006380251938774375,0.010833704286793833,0.013581223470137804,False
2023-05-16,Gaussian,0.95,2022-05-05,2023-05-15,0.006380251938774375,0.010895017170238715,0.01368875204803084,False
2023-05-17,Historical,0.95,2022-05-06,2023-05-16,-0.0003986819535504748,0.010499567850917865,0.013486342707647703,False
2023-05-17,Gaussian,0.95,2022-05-06,2023-05-16,-0.0003986819535504748,0.010820027614562472,0.01360046891649109,False
2023-05-18,Historical,0.95,2022-05-09,2023-05-17,0.0018102164990786741,0.010499567850917865,0.013486342707647703,False
2023-05-18,Gaussian,0.95,2022-05-09,2023-05-17,0.0018102164990786741,0.010772922976145578,0.013548180207585307,False
2023-05-19,Historical,0.95,2022-05-10,2023-05-18,-0.0016407794235713503,0.010084557159604775,0.013066857822611893,False
2023-05-19,Gaussian,0.95,2022-05-10,2023-05-18,-0.0016407794235713503,0.010595802138379408,0.013340046667571609,False
2023-05-22,Historical,0.95,2022-05-11,2023-05-19,0.0005531298530322249,0.010084557159604775,0.013066857822611893,False
2023-05-22,Gaussian,0.95,2022-05-11,2023-05-19,0.0005531298530322249,0.010591305415660442,0.013335811397707321,False
2023-05-23,Historical,0.95,2022-05-12,2023-05-22,0.0023521109963737,0.010084557159604775,0.013066857822611893,False
2023-05-23,Gaussian,0.95,2022-05-12,2023-05-22,0.0023521109963737,0.010601962737556241,0.013345490155980893,False
2023-05-24,Historical,0.95,2022-05-13,2023-05-23,0.008863675714260675,0.010084557159604775,0.013066857822611893,False
2023-05-24,Gaussian,0.95,2022-05-13,2023-05-23,0.008863675714260675,0.010557972059832776,0.013295273755300766,False
2023-05-25,Historical,0.95,2022-05-16,2023-05-24,0.0036236375320360006,0.010084557159604775,0.013066857822611893,False
2023-05-25,Gaussian,0.95,2022-05-16,2023-05-24,0.0036236375320360006,0.0106313578729519,0.013369127933327018,False
2023-05-26,Historical,0.95,2022-05-17,2023-05-25,-0.006585431043299525,0.010084557159604775,0.013066857822611893,False
2023-05-26,Gaussian,0.95,2022-05-17,2023-05-25,-0.006585431043299525,0.010661408763367694,0.0133990497121528,False
2023-05-30,Historical,0.95,2022-05-18,2023-05-26,-6.705948340170144e-05,0.010084557159604775,0.013066857822611893,False
2023-05-30,Gaussian,0.95,2022-05-18,2023-05-26,-6.705948340170144e-05,0.010664283726135756,0.013405917159093662,False
2023-05-31,Historical,0.95,2022-05-19,2023-05-30,0.002721643640953975,0.009971598570008273,0.013004755749865878,False
2023-05-31,Gaussian,0.95,2022-05-19,2023-05-30,0.002721643640953975,0.010559515954078228,0.013285629092602383,False
2023-06-01,Historical,0.95,2022-05-20,2023-05-31,-0.006617195287034225,0.009971598570008273,0.013004755749865878,False
2023-06-01,Gaussian,0.95,2022-05-20,2023-05-31,-0.006617195287034225,0.010567579150961593,0.013294435157419513,False
2023-06-02,Historical,0.95,2022-05-23,2023-06-01,-0.001864086861848125,0.009971598570008273,0.013004755749865878,False
2023-06-02,Gaussian,0.95,2022-05-23,2023-06-01,-0.001864086861848125,0.010570693709077315,0.013300633874730383,False
2023-06-05,Historical,0.95,2022-05-24,2023-06-02,-0.0006872467216254501,0.009971598570008273,0.013004755749865878,False
2023-06-05,Gaussian,0.95,2022-05-24,2023-06-02,-0.0006872467216254501,0.010563683978399959,0.013285141772260365,False
2023-06-06,Historical,0.95,2022-05-25,2023-06-05,-0.0019415542258661,0.009971598570008273,0.013004755749865878,False
2023-06-06,Gaussian,0.95,2022-05-25,2023-06-05,-0.0019415542258661,0.01056484265761745,0.013286235166007916,False
2023-06-07,Historical,0.95,2022-05-26,2023-06-06,0.005903575994140025,0.009971598570008273,0.013004755749865878,False
2023-06-07,Gaussian,0.95,2022-05-26,2023-06-06,0.005903575994140025,0.010566120249074221,0.01328712536425848,False
2023-06-08,Historical,0.95,2022-05-27,2023-06-07,-0.005724875158858325,0.009971598570008273,0.013004755749865878,False
2023-06-08,Gaussian,0.95,2022-05-27,2023-06-07,-0.005724875158858325,0.01061501201719267,0.013336557233916541,False
2023-06-09,Historical,0.95,2022-05-31,2023-06-08,0.002510483316973425,0.009971598570008273,0.013004755749865878,False
2023-06-09,Gaussian,0.95,2022-05-31,2023-06-08,0.002510483316973425,0.010610867131938064,0.013329701705217493,False
2023-06-12,Historical,0.95,2022-06-01,2023-06-09,-0.0027975500812248747,0.009971598570008273,0.013004755749865878,False
2023-06-12,Gaussian,0.95,2022-06-01,2023-06-09,-0.0027975500812248747,0.010582286311695518,0.01329732490194202,False
2023-06-13,Historical,0.95,2022-06-06,2023-06-12,0.0010894658794620249,0.009971598570008273,0.013004755749865878,False
2023-06-13,Gaussian,0.95,2022-06-06,2023-06-12,0.0010894658794620249,0.01054895411951081,0.013262575481848116,False
2023-06-14,Historical,0.95,2022-06-07,2023-06-13,-0.0009404783019137749,0.009971598570008273,0.013004755749865878,False
2023-06-14,Gaussian,0.95,2022-06-07,2023-06-13,-0.0009404783019137749,0.010558088541632085,0.013271770877844952,False
2023-06-15,Historical,0.95,2022-06-08,2023-06-14,-0.0075861967372041995,0.009971598570008273,0.013004755749865878,False
2023-06-15,Gaussian,0.95,2022-06-08,2023-06-14,-0.0075861967372041995,0.010562774099004546,0.013273814469453235,False
2023-06-16,Historical,0.95,2022-06-09,2023-06-15,0.001909977134435975,0.009971598570008273,0.013004755749865878,False
2023-06-16,Gaussian,0.95,2022-06-09,2023-06-15,0.001909977134435975,0.010535564550220857,0.013251520398281445,False
2023-06-20,Historical,0.95,2022-06-10,2023-06-16,0.005424073243324801,0.00980902488408462,0.012933289784626297,False
2023-06-20,Gaussian,0.95,2022-06-10,2023-06-16,0.005424073243324801,0.01044067331773154,0.013141568897543752,False
2023-06-21,Historical,0.95,2022-06-13,2023-06-20,0.00177487224926625,0.009649548148234101,0.01278173307585179,False
2023-06-21,Gaussian,0.95,2022-06-13,2023-06-20,0.00177487224926625,0.010359378004700838,0.013045987338488768,False
2023-06-22,Historical,0.95,2022-06-14,2023-06-21,0.004857214999030326,0.00953497079979368,0.011628743439306569,False
2023-06-22,Gaussian,0.95,2022-06-14,2023-06-21,0.004857214999030326,0.00994922425967161,0.01255478524270389,False
2023-06-23,Historical,0.95,2022-06-15,2023-06-22,0.0015275829919108254,0.00953497079979368,0.011628743439306569,False
2023-06-23,Gaussian,0.95,2022-06-15,2023-06-22,0.0015275829919108254,0.009942148059362917,0.012546641090444458,False
2023-06-26,Historical,0.95,2022-06-16,2023-06-23,0.0003470335248361,0.00953497079979368,0.011628743439306569,False
2023-06-26,Gaussian,0.95,2022-06-16,2023-06-23,0.0003470335248361,0.00991210177769792,0.012493804913058525,False
2023-06-27,Historical,0.95,2022-06-17,2023-06-26,-0.001107394086174475,0.009265037286223863,0.01147206914678724,False
2023-06-27,Gaussian,0.95,2022-06-17,2023-06-26,-0.001107394086174475,0.009792747777623033,0.012355498855798085,False
2023-06-28,Historical,0.95,2022-06-21,2023-06-27,-0.0016464492430345748,0.009265037286223863,0.01147206914678724,False
2023-06-28,Gaussian,0.95,2022-06-21,2023-06-27,-0.0016464492430345748,0.009774793483718448,0.01233659737225975,False
2023-06-29,Historical,0.95,2022-06-22,2023-06-28,0.0026764283193083504,0.009265037286223863,0.01147206914678724,False
2023-06-29,Gaussian,0.95,2022-06-22,2023-06-28,0.0026764283193083504,0.009765731232128544,0.012318038479138269,False
2023-06-30,Historical,0.95,2022-06-23,2023-06-29,-0.007278568401695875,0.009265037286223863,0.01147206914678724,False
2023-06-30,Gaussian,0.95,2022-06-23,2023-06-29,-0.007278568401695875,0.009786668134510268,0.012339915811745105,False
2023-07-03,Historical,0.95,2022-06-24,2023-06-30,0.0006506378483256999,0.009265037286223863,0.01147206914678724,False
2023-07-03,Gaussian,0.95,2022-06-24,2023-06-30,0.0006506378483256999,0.009783259590774675,0.012343200383159593,False
2023-07-05,Historical,0.95,2022-06-27,2023-07-03,0.005402794917708625,0.009265037286223863,0.01147206914678724,False
2023-07-05,Gaussian,0.95,2022-06-27,2023-07-03,0.005402794917708625,0.009748419133349843,0.012285424415322157,False
2023-07-06,Historical,0.95,2022-06-28,2023-07-05,0.010196316892799474,0.009265037286223863,0.01147206914678724,True
2023-07-06,Gaussian,0.95,2022-06-28,2023-07-05,0.010196316892799474,0.009783926907796106,0.012325188656388314,True
2023-07-07,Historical,0.95,2022-06-29,2023-07-06,-3.181102071240008e-05,0.00953497079979368,0.011525775793431593,False
2023-07-07,Gaussian,0.95,2022-06-29,2023-07-06,-3.181102071240008e-05,0.009866617858458214,0.01242145434645211,False
2023-07-10,Historical,0.95,2022-06-30,2023-07-07,-0.0026744304420578497,0.00953497079979368,0.011525775793431593,False
2023-07-10,Gaussian,0.95,2022-06-30,2023-07-07,-0.0026744304420578497,0.009870929120324116,0.012425610478655088,False
2023-07-11,Historical,0.95,2022-07-01,2023-07-10,-0.0034473424552483502,0.00953497079979368,0.011525775793431593,False
2023-07-11,Gaussian,0.95,2022-07-01,2023-07-10,-0.0034473424552483502,0.009811212659662357,0.012360226520853751,False
2023-07-12,Historical,0.95,2022-07-05,2023-07-11,-0.012264715972876426,0.00953497079979368,0.011525775793431593,False
2023-07-12,Gaussian,0.95,2022-07-05,2023-07-11,-0.012264715972876426,0.009810578077867194,0.012357761777093957,False
2023-07-13,Historical,0.95,2022-07-06,2023-07-12,-0.005187422008652499,0.00953497079979368,0.011525775793431593,False
2023-07-13,Gaussian,0.95,2022-07-06,2023-07-12,-0.005187422008652499,0.009757403976005264,0.01231266751585615,False
2023-07-14,Historical,0.95,2022-07-07,2023-07-13,0.0024779531700204,0.00953497079979368,0.011525775793431593,False
2023-07-14,Gaussian,0.95,2022-07-07,2023-07-13,0.0024779531700204,0.00973683177707506,0.012294438690481926,False
2023-07-17,Historical,0.95,2022-07-08,2023-07-14,-0.000609113919347175,0.00953497079979368,0.011525775793431593,False
2023-07-17,Gaussian,0.95,2022-07-08,2023-07-14,-0.000609113919347175,0.009758868018744449,0.012314264397304242,False
2023-07-18,Historical,0.95,2022-07-11,2023-07-17,-0.006524427452425825,0.00953497079979368,0.011525775793431593,False
2023-07-18,Gaussian,0.95,2022-07-11,2023-07-17,-0.006524427452425825,0.00974948345778094,0.012304507674422833,False
2023-07-19,Historical,0.95,2022-07-12,2023-07-18,-0.005993689141287325,0.00953497079979368,0.011525775793431593,False
2023-07-19,Gaussian,0.95,2022-07-12,2023-07-18,-0.005993689141287325,0.009731629039795426,0.01229102101839251,False
2023-07-20,Historical,0.95,2022-07-13,2023-07-19,0.0030293757470048,0.00953497079979368,0.011525775793431593,False
2023-07-20,Gaussian,0.95,2022-07-13,2023-07-19,0.0030293757470048,0.009712487462818324,0.012275334265065453,False
2023-07-21,Historical,0.95,2022-07-14,2023-07-20,-9.800496216059992e-05,0.00953497079979368,0.011525775793431593,False
2023-07-21,Gaussian,0.95,2022-07-14,2023-07-20,-9.800496216059992e-05,0.009727415485524436,0.01229168707849808,False
2023-07-24,Historical,0.95,2022-07-15,2023-07-21,0.00017204314174927484,0.009230459004365596,0.01150881417283927,False
2023-07-24,Gaussian,0.95,2022-07-15,2023-07-21,0.00017204314174927484,0.009633086887070104,0.012183370497335692,False
2023-07-25,Historical,0.95,2022-07-18,2023-07-24,-0.0020575795799817253,0.009230459004365596,0.01150881417283927,False
2023-07-25,Gaussian,0.95,2022-07-18,2023-07-24,-0.0020575795799817253,0.009627565506433712,0.012166734208941953,False
2023-07-26,Historical,0.95,2022-07-19,2023-07-25,-0.00155577280927505,0.009230459004365596,0.01150881417283927,False
2023-07-26,Gaussian,0.95,2022-07-19,2023-07-25,-0.00155577280927505,0.009619228659197418,0.012158718822531897,False
2023-07-27,Historical,0.95,2022-07-20,2023-07-26,0.0077405033229105,0.009230459004365596,0.01150881417283927,False
2023-07-27,Gaussian,0.95,2022-07-20,2023-07-26,0.0077405033229105,0.009609759128687915,0.012139393897580017,False
2023-07-28,Historical,0.95,2022-07-21,2023-07-27,-0.00532665919781745,0.009230459004365596,0.01150881417283927,False
2023-07-28,Gaussian,0.95,2022-07-21,2023-07-27,-0.00532665919781745,0.009663831675859703,0.012201591474967861,False
2023-07-31,Historical,0.95,2022-07-22,2023-07-28,-0.0015202524345369751,0.009230459004365596,0.01150881417283927,False
2023-07-31,Gaussian,0.95,2022-07-22,2023-07-28,-0.0015202524345369751,0.009650847616404246,0.012181522493790174,False
2023-08-01,Historical,0.95,2022-07-25,2023-07-31,0.005792971431283325,0.009230459004365596,0.01150881417283927,False
2023-08-01,Gaussian,0.95,2022-07-25,2023-07-31,0.005792971431283325,0.00965039425405114,0.012181120244283807,False
2023-08-02,Historical,0.95,2022-07-26,2023-08-01,0.00856584459507915,0.009230459004365596,0.01150881417283927,False
2023-08-02,Gaussian,0.95,2022-07-26,2023-08-01,0.00856584459507915,0.009692784578779224,0.012228612401748185,False
2023-08-03,Historical,0.95,2022-07-27,2023-08-02,0.003638708922932325,0.009230459004365596,0.01150881417283927,False
2023-08-03,Gaussian,0.95,2022-07-27,2023-08-02,0.003638708922932325,0.009751048450436658,0.012296109287499416,False
2023-08-04,Historical,0.95,2022-07-28,2023-08-03,-0.003406963478199775,0.009230459004365596,0.01150881417283927,False
2023-08-04,Gaussian,0.95,2022-07-28,2023-08-03,-0.003406963478199775,0.009754605334694516,0.012285669660543043,False
2023-08-07,Historical,0.95,2022-07-29,2023-08-04,-0.0007550575647921251,0.009230459004365596,0.01150881417283927,False
2023-08-07,Gaussian,0.95,2022-07-29,2023-08-04,-0.0007550575647921251,0.009743190891124283,0.012266226291983009,False
2023-08-08,Historical,0.95,2022-08-01,2023-08-07,0.002271100884957875,0.009230459004365596,0.01150881417283927,False
2023-08-08,Gaussian,0.95,2022-08-01,2023-08-07,0.002271100884957875,0.009742820102813327,0.012259407251806466,False
2023-08-09,Historical,0.95,2022-08-02,2023-08-08,0.00080240236423545,0.009230459004365596,0.01150881417283927,False
2023-08-09,Gaussian,0.95,2022-08-02,2023-08-08,0.00080240236423545,0.009760928428600954,0.012277941964454364,False
2023-08-10,Historical,0.95,2022-08-03,2023-08-09,0.0010870011734657502,0.009230459004365596,0.01150881417283927,False
2023-08-10,Gaussian,0.95,2022-08-03,2023-08-09,0.0010870011734657502,0.009711419909562096,0.01222190159113079,False
2023-08-11,Historical,0.95,2022-08-04,2023-08-10,0.004686008897118575,0.009230459004365596,0.01150881417283927,False
2023-08-11,Gaussian,0.95,2022-08-04,2023-08-10,0.004686008897118575,0.009719559021509219,0.012224107859978886,False
2023-08-14,Historical,0.95,2022-08-05,2023-08-11,0.00028575593142407497,0.009230459004365596,0.01150881417283927,False
2023-08-14,Gaussian,0.95,2022-08-05,2023-08-11,0.00028575593142407497,0.00975745750972344,0.012261498500678378,False
2023-08-15,Historical,0.95,2022-08-08,2023-08-14,0.007946443977866674,0.009230459004365596,0.01150881417283927,False
2023-08-15,Gaussian,0.95,2022-08-08,2023-08-14,0.007946443977866674,0.009701385376779115,0.012198121821764257,False
2023-08-16,Historical,0.95,2022-08-09,2023-08-15,0.005398671898610425,0.009230459004365596,0.01150881417283927,False
2023-08-16,Gaussian,0.95,2022-08-09,2023-08-15,0.005398671898610425,0.009776037993561144,0.012278872899495672,False
2023-08-17,Historical,0.95,2022-08-10,2023-08-16,0.004220616559382575,0.009230459004365596,0.01150881417283927,False
2023-08-17,Gaussian,0.95,2022-08-10,2023-08-16,0.004220616559382575,0.009810242304510487,0.012317141653150055,False
2023-08-18,Historical,0.95,2022-08-11,2023-08-17,0.000878971353831225,0.009230459004365596,0.01150881417283927,False
2023-08-18,Gaussian,0.95,2022-08-11,2023-08-17,0.000878971353831225,0.00984274779720572,0.01234805756149649,False
2023-08-21,Historical,0.95,2022-08-12,2023-08-18,-0.0006966467329155999,0.009230459004365596,0.01150881417283927,False
2023-08-21,Gaussian,0.95,2022-08-12,2023-08-18,-0.0006966467329155999,0.009822893051161694,0.012326195794964266,False
2023-08-22,Historical,0.95,2022-08-15,2023-08-21,-0.00027341414012474995,0.009230459004365596,0.01150881417283927,False
2023-08-22,Gaussian,0.95,2022-08-15,2023-08-21,-0.00027341414012474995,0.009812949798404053,0.012305497448711167,False
2023-08-23,Historical,0.95,2022-08-16,2023-08-22,-0.009724564652525074,0.009230459004365596,0.01150881417283927,False
2023-08-23,Gaussian,0.95,2022-08-16,2023-08-22,-0.009724564652525074,0.009806552999825947,0.012298923916121555,False
2023-08-24,Historical,0.95,2022-08-17,2023-08-23,0.0039035648632004746,0.009230459004365596,0.01150881417283927,False
2023-08-24,Gaussian,0.95,2022-08-17,2023-08-23,0.0039035648632004746,0.00982198599078765,0.012327510490533353,False
2023-08-25,Historical,0.95,2022-08-18,2023-08-24,-0.0014466508437059,0.009230459004365596,0.01150881417283927,False
2023-08-25,Gaussian,0.95,2022-08-18,2023-08-24,-0.0014466508437059,0.009804323987061585,0.012307273256070459,False
2023-08-29,Historical,0.95,2022-08-19,2023-08-25,-0.015170387079305351,0.009230459004365596,0.01150881417283927,False
2023-08-29,Gaussian,0.95,2022-08-19,2023-08-25,-0.015170387079305351,0.009803862365727172,0.012306877761359487,False
2023-08-30,Historical,0.95,2022-08-22,2023-08-29,-0.0018486914317430748,0.009230459004365596,0.01150881417283927,False
2023-08-30,Gaussian,0.95,2022-08-22,2023-08-29,-0.0018486914317430748,0.009813172823674624,0.012341006795132734,False
2023-08-31,Historical,0.95,2022-08-23,2023-08-30,0.001470431016660925,0.009230459004365596,0.01150881417283927,False
2023-08-31,Gaussian,0.95,2022-08-23,2023-08-30,0.001470431016660925,0.009730199127219546,0.012247629759975686,False
2023-09-01,Historical,0.95,2022-08-24,2023-08-31,9.985987168400015e-05,0.009230459004365596,0.01150881417283927,False
2023-09-01,Gaussian,0.95,2022-08-24,2023-08-31,9.985987168400015e-05,0.00973312180354557,0.012250756626651186,False
2023-09-05,Historical,0.95,2022-08-25,2023-09-01,0.00549610034281625,0.009230459004365596,0.01150881417283927,False
2023-09-05,Gaussian,0.95,2022-08-25,2023-09-01,0.00549610034281625,0.009733865347567993,0.012251509444980754,False
2023-09-06,Historical,0.95,2022-08-26,2023-09-05,0.00391543454117975,0.009230459004365596,0.01150881417283927,False
2023-09-06,Gaussian,0.95,2022-08-26,2023-09-05,0.00391543454117975,0.009778192741516416,0.012295248326881784,False
2023-09-07,Historical,0.95,2022-08-30,2023-09-06,-0.0008480819633113501,0.008885471805324317,0.011154799730763746,False
2023-09-07,Gaussian,0.95,2022-08-30,2023-09-06,-0.0008480819633113501,0.00964621560105141,0.012139488715003328,False
2023-09-08,Historical,0.95,2022-08-31,2023-09-07,-0.001720624837550075,0.008797941461619852,0.011063997695973524,False
2023-09-08,Gaussian,0.95,2022-08-31,2023-09-07,-0.001720624837550075,0.009544737962729252,0.01202329987936992,False
2023-09-11,Historical,0.95,2022-09-01,2023-09-08,-0.0023415494702515253,0.008797941461619852,0.011063997695973524,False
2023-09-11,Gaussian,0.95,2022-09-01,2023-09-08,-0.0023415494702515253,0.00947513069420286,0.0119454299703992,False
2023-09-12,Historical,0.95,2022-09-02,2023-09-11,0.001344568814086975,0.008797941461619852,0.011063997695973524,False
2023-09-12,Gaussian,0.95,2022-09-02,2023-09-11,0.001344568814086975,0.009396645079247031,0.011857609239842986,False
2023-09-13,Historical,0.95,2022-09-06,2023-09-12,2.2708535500474936e-05,0.008797941461619852,0.011063997695973524,False
2023-09-13,Gaussian,0.95,2022-09-06,2023-09-12,2.2708535500474936e-05,0.009410076933723692,0.011867438750690356,False
2023-09-14,Historical,0.95,2022-09-07,2023-09-13,-0.006559968786078301,0.008797941461619852,0.011063997695973524,False
2023-09-14,Gaussian,0.95,2022-09-07,2023-09-13,-0.006559968786078301,0.009378380998604753,0.011832352104689305,False
2023-09-15,Historical,0.95,2022-09-08,2023-09-14,0.0009174454004978248,0.008797941461619852,0.011063997695973524,False
2023-09-15,Gaussian,0.95,2022-09-08,2023-09-14,0.0009174454004978248,0.009378199635814167,0.011832065134213038,False
2023-09-18,Historical,0.95,2022-09-09,2023-09-15,2.6396850863748907e-06,0.008797941461619852,0.011063997695973524,False
2023-09-18,Gaussian,0.95,2022-09-09,2023-09-15,2.6396850863748907e-06,0.009382916774089754,0.01183698041944916,False
2023-09-19,Historical,0.95,2022-09-12,2023-09-18,0.0014484129897962,0.008797941461619852,0.011063997695973524,False
2023-09-19,Gaussian,0.95,2022-09-12,2023-09-18,0.0014484129897962,0.00938011420763466,0.011825102454580261,False
2023-09-20,Historical,0.95,2022-09-13,2023-09-19,2.2381595332399834e-05,0.008797941461619852,0.011063997695973524,False
2023-09-20,Gaussian,0.95,2022-09-13,2023-09-19,2.2381595332399834e-05,0.009387767894811246,0.011825651277737118,False
2023-09-21,Historical,0.95,2022-09-14,2023-09-20,0.009488673988804475,0.008649309846290205,0.010320459765829642,True
2023-09-21,Gaussian,0.95,2022-09-14,2023-09-20,0.009488673988804475,0.009115842318962541,0.011503303588667706,True
2023-09-22,Historical,0.95,2022-09-15,2023-09-21,-0.0013763707974433997,0.008797941461619852,0.010379773180562211,False
2023-09-22,Gaussian,0.95,2022-09-15,2023-09-21,-0.0013763707974433997,0.009185131336033487,0.011584276676176362,False
2023-09-25,Historical,0.95,2022-09-16,2023-09-22,0.004069868430584924,0.008797941461619852,0.010379773180562211,False
2023-09-25,Gaussian,0.95,2022-09-16,2023-09-22,0.004069868430584924,0.009106175867046257,0.011494987706947646,False
2023-09-26,Historical,0.95,2022-09-20,2023-09-25,0.0057073223903356,0.008797941461619852,0.010379773180562211,False
2023-09-26,Gaussian,0.95,2022-09-20,2023-09-25,0.0057073223903356,0.009123946092680095,0.011514929275172026,False
2023-09-27,Historical,0.95,2022-09-21,2023-09-26,0.005217284506752301,0.008797941461619852,0.010379773180562211,False
2023-09-27,Gaussian,0.95,2022-09-21,2023-09-26,0.005217284506752301,0.009119190865437832,0.011509398655228653,False
2023-09-28,Historical,0.95,2022-09-22,2023-09-27,-0.0011948619093103251,0.008797941461619852,0.010379773180562211,False
2023-09-28,Gaussian,0.95,2022-09-22,2023-09-27,-0.0011948619093103251,0.009154844983879756,0.011549378491178024,False
2023-09-29,Historical,0.95,2022-09-23,2023-09-28,0.002987693948823325,0.008729651710628984,0.010379773180562211,False
2023-09-29,Gaussian,0.95,2022-09-23,2023-09-28,0.002987693948823325,0.00906877841259042,0.01145152019905428,False
2023-10-02,Historical,0.95,2022-09-26,2023-09-29,0.007833235355083377,0.008536301010152087,0.010020434976400401,False
2023-10-02,Gaussian,0.95,2022-09-26,2023-09-29,0.007833235355083377,0.00892698227862373,0.01128411732056565,False
2023-10-03,Historical,0.95,2022-09-27,2023-10-02,0.007575461669422875,0.008401483860140318,0.009938518000228122,False
2023-10-03,Gaussian,0.95,2022-09-27,2023-10-02,0.007575461669422875,0.008901673604528822,0.011254139089247977,False
2023-10-04,Historical,0.95,2022-09-28,2023-10-03,-0.00165264831845485,0.008401483860140318,0.009938518000228122,False
2023-10-04,Gaussian,0.95,2022-09-28,2023-10-03,-0.00165264831845485,0.008950027781176125,0.011310148604966094,False
2023-10-05,Historical,0.95,2022-09-29,2023-10-04,-0.0010010943593957498,0.008401483860140318,0.009938518000228122,False
2023-10-05,Gaussian,0.95,2022-09-29,2023-10-04,-0.0010010943593957498,0.008856077445505423,0.011177253353559026,False
2023-10-06,Historical,0.95,2022-09-30,2023-10-05,-0.004225587123288775,0.008179238979101897,0.00973614625279637,False
2023-10-06,Gaussian,0.95,2022-09-30,2023-10-05,-0.004225587123288775,0.00873360319085466,0.011035770991298537,False
2023-10-09,Historical,0.95,2022-10-03,2023-10-06,-0.009284195140160077,0.008179238979101897,0.00973614625279637,False
2023-10-09,Gaussian,0.95,2022-10-03,2023-10-06,-0.009284195140160077,0.008698807727201196,0.011000450671329867,False
2023-10-10,Historical,0.95,2022-10-04,2023-10-09,-0.004927223948874225,0.008179238979101897,0.00973614625279637,False
2023-10-10,Gaussian,0.95,2022-10-04,2023-10-09,-0.004927223948874225,0.00862521154179211,0.010901273351737751,False
2023-10-11,Historical,0.95,2022-10-05,2023-10-10,-0.00400334262531255,0.008179238979101897,0.00973614625279637,False
2023-10-11,Gaussian,0.95,2022-10-05,2023-10-10,-0.00400334262531255,0.008495723145582081,0.010725428858911397,False
2023-10-12,Historical,0.95,2022-10-06,2023-10-11,0.00391375785773805,0.008179238979101897,0.00973614625279637,False
2023-10-12,Gaussian,0.95,2022-10-06,2023-10-11,0.00391375785773805,0.00844589381387367,0.010672549716853974,False
2023-10-13,Historical,0.95,2022-10-07,2023-10-12,-0.0069036127915747,0.008179238979101897,0.00973614625279637,False
2023-10-13,Gaussian,0.95,2022-10-07,2023-10-12,-0.0069036127915747,0.008421725331619362,0.010644544563749607,False
2023-10-16,Historical,0.95,2022-10-10,2023-10-13,-0.0009725220347731253,0.008006182527175422,0.009494915934432536,False
2023-10-16,Gaussian,0.95,2022-10-10,2023-10-13,-0.0009725220347731253,0.008292807923033227,0.010501264033522004,False
2023-10-17,Historical,0.95,2022-10-11,2023-10-16,0.0005528905797811811,0.007895500097614189,0.009469193136342154,False
2023-10-17,Gaussian,0.95,2022-10-11,2023-10-16,0.0005528905797811811,0.008208557240165537,0.01040501318767208,False
2023-10-18,Historical,0.95,2022-10-12,2023-10-17,0.0037417229707723,0.007895500097614189,0.009469193136342154,False
2023-10-18,Gaussian,0.95,2022-10-12,2023-10-17,0.0037417229707723,0.008181299794937685,0.010374509249656208,False
2023-10-19,Historical,0.95,2022-10-13,2023-10-18,0.003198553784311925,0.007895500097614189,0.009469193136342154,False
2023-10-19,Gaussian,0.95,2022-10-13,2023-10-18,0.003198553784311925,0.008203058758465807,0.010398817806345538,False
2023-10-20,Historical,0.95,2022-10-14,2023-10-19,0.004248970270695875,0.007895500097614189,0.009469193136342154,False
2023-10-20,Gaussian,0.95,2022-10-14,2023-10-19,0.004248970270695875,0.008231555531272675,0.01042663661953824,False
2023-10-23,Historical,0.95,2022-10-17,2023-10-20,0.0010141352949414998,0.00779150594060558,0.00929346841754931,False
2023-10-23,Gaussian,0.95,2022-10-17,2023-10-20,0.0010141352949414998,0.008151779609166026,0.010332557927236138,False
2023-10-24,Historical,0.95,2022-10-18,2023-10-23,-0.002739224011336075,0.00779150594060558,0.00929346841754931,False
2023-10-24,Gaussian,0.95,2022-10-18,2023-10-23,-0.002739224011336075,0.008140018665363537,0.010306777410874705,False
2023-10-25,Historical,0.95,2022-10-19,2023-10-24,0.0038936614884939,0.00779150594060558,0.00929346841754931,False
2023-10-25,Gaussian,0.95,2022-10-19,2023-10-24,0.0038936614884939,0.00813963609367104,0.010304379870594417,False
2023-10-26,Historical,0.95,2022-10-20,2023-10-25,0.0026720574179054752,0.007697552232968645,0.009269271786845164,False
2023-10-26,Gaussian,0.95,2022-10-20,2023-10-25,0.0026720574179054752,0.008089152485576855,0.01024530004129917,False
2023-10-27,Historical,0.95,2022-10-21,2023-10-26,5.5076144035750164e-05,0.007697552232968645,0.009269271786845164,False
2023-10-27,Gaussian,0.95,2022-10-21,2023-10-26,5.5076144035750164e-05,0.008081511534780195,0.010236630495751223,False
2023-10-30,Historical,0.95,2022-10-24,2023-10-27,-0.001997542404441675,0.007697552232968645,0.009269271786845164,False
2023-10-30,Gaussian,0.95,2022-10-24,2023-10-27,-0.001997542404441675,0.008044200567255091,0.010177711050803546,False
2023-10-31,Historical,0.95,2022-10-25,2023-10-30,0.0004689871018848746,0.007697552232968645,0.009269271786845164,False
2023-10-31,Gaussian,0.95,2022-10-25,2023-10-30,0.0004689871018848746,0.008045550752718044,0.010177952284019033,False
2023-11-01,Historical,0.95,2022-10-26,2023-10-31,-0.005425034770856775,0.007697552232968645,0.009269271786845164,False
2023-11-01,Gaussian,0.95,2022-10-26,2023-10-31,-0.005425034770856775,0.008043231078251157,0.010166705632091171,False
2023-11-02,Historical,0.95,2022-10-27,2023-11-01,-0.01063930219276125,0.007697552232968645,0.009269271786845164,False
2023-11-02,Gaussian,0.95,2022-10-27,2023-11-01,-0.01063930219276125,0.00804540618262644,0.010172368424754313,False
2023-11-03,Historical,0.95,2022-10-28,2023-11-02,-0.00421587627767375,0.007697552232968645,0.009269271786845164,False
2023-11-03,Gaussian,0.95,2022-10-28,2023-11-02,-0.00421587627767375,0.00807322949236797,0.010217578127012803,False
2023-11-06,Historical,0.95,2022-10-31,2023-11-03,0.0029525483924042863,0.007697552232968645,0.009269271786845164,False
2023-11-06,Gaussian,0.95,2022-10-31,2023-11-03,0.0029525483924042863,0.008070785806048583,0.01021737510618412,False
2023-11-07,Historical,0.95,2022-11-01,2023-11-06,-0.0008378508732105501,0.007697552232968645,0.009269271786845164,False
2023-11-07,Gaussian,0.95,2022-11-01,2023-11-06,-0.0008378508732105501,0.008067150752371903,0.010213248183724695,False
2023-11-08,Historical,0.95,2022-11-02,2023-11-07,0.001511086815258775,0.007697552232968645,0.009269271786845164,False
2023-11-08,Gaussian,0.95,2022-11-02,2023-11-07,0.001511086815258775,0.008070670293547804,0.010213725229835477,False
2023-11-09,Historical,0.95,2022-11-03,2023-11-08,0.001674426323457125,0.00761373880224547,0.009097123586324318,False
2023-11-09,Gaussian,0.95,2022-11-03,2023-11-08,0.001674426323457125,0.007971374923006235,0.010097712026841484,False
2023-11-10,Historical,0.95,2022-11-04,2023-11-09,0.0017376303090223754,0.00761373880224547,0.009097123586324318,False
2023-11-10,Gaussian,0.95,2022-11-04,2023-11-09,0.0017376303090223754,0.007960246396890809,0.010085236280401831,False
2023-11-13,Historical,0.95,2022-11-07,2023-11-10,-0.003261109040147425,0.00761373880224547,0.009097123586324318,False
2023-11-13,Gaussian,0.95,2022-11-07,2023-11-10,-0.003261109040147425,0.007880028901425709,0.00996699298380289,False
2023-11-14,Historical,0.95,2022-11-08,2023-11-13,-0.011251781376226726,0.00761373880224547,0.009097123586324318,False
2023-11-14,Gaussian,0.95,2022-11-08,2023-11-13,-0.011251781376226726,0.0078693290660967,0.009957555723546839,False
2023-11-15,Historical,0.95,2022-11-09,2023-11-14,0.0006465949941788501,0.00761373880224547,0.009097123586324318,False
2023-11-15,Gaussian,0.95,2022-11-09,2023-11-14,0.0006465949941788501,0.007888995712498546,0.009984457679337505,False
2023-11-16,Historical,0.95,2022-11-10,2023-11-15,-0.0024642605660833996,0.00761373880224547,0.009097123586324318,False
2023-11-16,Gaussian,0.95,2022-11-10,2023-11-15,-0.0024642605660833996,0.007842355862992327,0.009931338654827222,False
2023-11-17,Historical,0.95,2022-11-11,2023-11-16,-0.0036027622222420752,0.00761373880224547,0.009097123586324318,False
2023-11-17,Gaussian,0.95,2022-11-11,2023-11-16,-0.0036027622222420752,0.007359956730978567,0.00929862681523156,False
2023-11-20,Historical,0.95,2022-11-14,2023-11-17,-0.00152737162408195,0.00761373880224547,0.009097123586324318,False
2023-11-20,Gaussian,0.95,2022-11-14,2023-11-17,-0.00152737162408195,0.007358354885492622,0.009298755382264748,False
2023-11-21,Historical,0.95,2022-11-15,2023-11-20,-0.0020377290901203494,0.00761373880224547,0.009097123586324318,False
2023-11-21,Gaussian,0.95,2022-11-15,2023-11-20,-0.0020377290901203494,0.007353331228993665,0.00929399805981679,False
2023-11-22,Historical,0.95,2022-11-16,2023-11-21,0.0005487793302756999,0.00761373880224547,0.009097123586324318,False
2023-11-22,Gaussian,0.95,2022-11-16,2023-11-21,0.0005487793302756999,0.00735294574731259,0.009291137452161006,False
2023-11-24,Historical,0.95,2022-11-17,2023-11-22,-0.0007816799592719748,0.00761373880224547,0.009097123586324318,False
2023-11-24,Gaussian,0.95,2022-11-17,2023-11-22,-0.0007816799592719748,0.007347935316393076,0.009285732936021184,False
2023-11-27,Historical,0.95,2022-11-18,2023-11-24,-0.0021743903292150753,0.00761373880224547,0.009097123586324318,False
2023-11-27,Gaussian,0.95,2022-11-18,2023-11-24,-0.0021743903292150753,0.007311183243023581,0.009244958294995378,False
2023-11-28,Historical,0.95,2022-11-21,2023-11-27,-0.0044962312206152,0.00761373880224547,0.009097123586324318,False
2023-11-28,Gaussian,0.95,2022-11-21,2023-11-27,-0.0044962312206152,0.0073045170261625885,0.009238897285813577,False
2023-11-29,Historical,0.95,2022-11-22,2023-11-28,-0.000382124027478675,0.00761373880224547,0.009097123586324318,False
2023-11-29,Gaussian,0.95,2022-11-22,2023-11-28,-0.000382124027478675,0.007280649932000975,0.009216396876986737,False
2023-11-30,Historical,0.95,2022-11-23,2023-11-29,0.00030061210502435023,0.00761373880224547,0.009097123586324318,False
2023-11-30,Gaussian,0.95,2022-11-23,2023-11-29,0.00030061210502435023,0.007271094158926302,0.009196985715733238,False
2023-12-01,Historical,0.95,2022-11-25,2023-11-30,-0.010680622227896175,0.00761373880224547,0.009097123586324318,False
2023-12-01,Gaussian,0.95,2022-11-25,2023-11-30,-0.010680622227896175,0.007277232783544891,0.009199502684864322,False
2023-12-04,Historical,0.95,2022-11-28,2023-12-01,0.008336740943125325,0.00761373880224547,0.009097123586324318,True
2023-12-04,Gaussian,0.95,2022-11-28,2023-12-01,0.008336740943125325,0.007314333574589521,0.009256082392684386,True
2023-12-05,Historical,0.95,2022-11-29,2023-12-04,9.719972885874995e-05,0.007697552232968645,0.009150330085305261,False
2023-12-05,Gaussian,0.95,2022-11-29,2023-12-04,9.719972885874995e-05,0.00734646386110494,0.00929416121756164,False
2023-12-06,Historical,0.95,2022-11-30,2023-12-05,-0.0018335411686227748,0.007697552232968645,0.009150330085305261,False
2023-12-06,Gaussian,0.95,2022-11-30,2023-12-05,-0.0018335411686227748,0.00735080468910609,0.009298435833309969,False
2023-12-07,Historical,0.95,2022-12-01,2023-12-06,-0.0019784563694547497,0.007697552232968645,0.009150330085305261,False
2023-12-07,Gaussian,0.95,2022-12-01,2023-12-06,-0.0019784563694547497,0.007246538828098749,0.009154085317347266,False
2023-12-08,Historical,0.95,2022-12-02,2023-12-07,0.0025663999834176247,0.007697552232968645,0.009150330085305261,False
2023-12-08,Gaussian,0.95,2022-12-02,2023-12-07,0.0025663999834176247,0.007237837946800711,0.009138449564304197,False
2023-12-11,Historical,0.95,2022-12-05,2023-12-08,0.0020707069494914,0.007697552232968645,0.009150330085305261,False
2023-12-11,Gaussian,0.95,2022-12-05,2023-12-08,0.0020707069494914,0.007250212914665004,0.009152103122192182,False
2023-12-12,Historical,0.95,2022-12-06,2023-12-11,-0.00147616803035325,0.00761373880224547,0.008898191223674173,False
2023-12-12,Gaussian,0.95,2022-12-06,2023-12-11,-0.00147616803035325,0.007127563978436665,0.009007291625757134,False
2023-12-13,Historical,0.95,2022-12-07,2023-12-12,-0.012955972465036224,0.00761373880224547,0.008898191223674173,False
2023-12-13,Gaussian,0.95,2022-12-07,2023-12-12,-0.012955972465036224,0.007103655660506402,0.008981759247224814,False
2023-12-14,Historical,0.95,2022-12-08,2023-12-13,-0.0075374554659695,0.00761373880224547,0.008898191223674173,False
2023-12-14,Gaussian,0.95,2022-12-08,2023-12-13,-0.0075374554659695,0.007175189888923501,0.00908167299906797,False
2023-12-15,Historical,0.95,2022-12-09,2023-12-14,0.004891741382888275,0.00761373880224547,0.008898191223674173,False
2023-12-15,Gaussian,0.95,2022-12-09,2023-12-14,0.004891741382888275,0.0071828102946638155,0.009098775425653904,False
2023-12-18,Historical,0.95,2022-12-12,2023-12-15,-0.002978749328652425,0.00761373880224547,0.008898191223674173,False
2023-12-18,Gaussian,0.95,2022-12-12,2023-12-15,-0.002978749328652425,0.0072050441306493185,0.00912438513617143,False
2023-12-19,Historical,0.95,2022-12-13,2023-12-18,-0.004411457278322625,0.00761373880224547,0.008898191223674173,False
2023-12-19,Gaussian,0.95,2022-12-13,2023-12-18,-0.004411457278322625,0.007198530661089478,0.009119118074523402,False
2023-12-20,Historical,0.95,2022-12-14,2023-12-19,0.0012649129351199498,0.00761373880224547,0.008898191223674173,False
2023-12-20,Gaussian,0.95,2022-12-14,2023-12-19,0.0012649129351199498,0.007163029880442449,0.009068660990533136,False
2023-12-21,Historical,0.95,2022-12-15,2023-12-20,-0.003273727871685075,0.00761373880224547,0.008898191223674173,False
2023-12-21,Gaussian,0.95,2022-12-15,2023-12-20,-0.003273727871685075,0.0071603495149275,0.0090657113269865,False
2023-12-22,Historical,0.95,2022-12-16,2023-12-21,-0.001380874828983825,0.007254317431130868,0.008545660042847585,False
2023-12-22,Gaussian,0.95,2022-12-16,2023-12-21,-0.001380874828983825,0.006990234272292441,0.008868061448416438,False
2023-12-27,Historical,0.95,2022-12-19,2023-12-22,-0.007463668421333175,0.007254317431130868,0.008545660042847585,False
2023-12-27,Gaussian,0.95,2022-12-19,2023-12-22,-0.007463668421333175,0.006950672252973428,0.008824330860992288,False
2023-12-28,Historical,0.95,2022-12-20,2023-12-27,0.002389339156639675,0.007254317431130868,0.008545660042847585,False
2023-12-28,Gaussian,0.95,2022-12-20,2023-12-27,0.002389339156639675,0.006926590509660928,0.008805769012729184,False
2023-12-29,Historical,0.95,2022-12-21,2023-12-28,0.0013793898624506,0.007254317431130868,0.008545660042847585,False
2023-12-29,Gaussian,0.95,2022-12-21,2023-12-28,0.0013793898624506,0.006949341433560361,0.008828915512384282,False
2024-01-02,Historical,0.95,2022-12-22,2023-12-29,0.00331553221391275,0.007254317431130868,0.008545660042847585,False
2024-01-02,Gaussian,0.95,2022-12-22,2023-12-29,0.00331553221391275,0.006947732690536735,0.00881745917341653,False
2024-01-03,Historical,0.95,2022-12-23,2024-01-02,0.00475868709379505,0.006645107666051937,0.008485410146707489,False
2024-01-03,Gaussian,0.95,2022-12-23,2024-01-02,0.00475868709379505,0.0068925985630768,0.008752718248577453,False
2024-01-04,Historical,0.95,2022-12-28,2024-01-03,0.0007845244952353001,0.006645107666051937,0.008485410146707489,False
2024-01-04,Gaussian,0.95,2022-12-28,2024-01-03,0.0007845244952353001,0.006935857983557552,0.00880090366577272,False
2024-01-05,Historical,0.95,2022-12-29,2024-01-04,0.0015028929637023252,0.006645107666051937,0.008485410146707489,False
2024-01-05,Gaussian,0.95,2022-12-29,2024-01-04,0.0015028929637023252,0.006899398192680483,0.008759375356942411,False
2024-01-08,Historical,0.95,2022-12-30,2024-01-05,-0.002563429171480225,0.006645107666051937,0.008485410146707489,False
2024-01-08,Gaussian,0.95,2022-12-30,2024-01-05,-0.002563429171480225,0.006900601907990053,0.008751726872958722,False
2024-01-09,Historical,0.95,2023-01-03,2024-01-08,0.0007257090043521249,0.006645107666051937,0.008485410146707489,False
2024-01-09,Gaussian,0.95,2023-01-03,2024-01-08,0.0007257090043521249,0.006877301367063071,0.008727688025551043,False
2024-01-10,Historical,0.95,2023-01-04,2024-01-09,0.00059535888262775,0.006645107666051937,0.008485410146707489,False
2024-01-10,Gaussian,0.95,2023-01-04,2024-01-09,0.00059535888262775,0.006879334289897117,0.008722909510189707,False
2024-01-11,Historical,0.95,2023-01-05,2024-01-10,0.0007957008254758749,0.006645107666051937,0.008485410146707489,False
2024-01-11,Gaussian,0.95,2023-01-05,2024-01-10,0.0007957008254758749,0.006876220942209747,0.008711100704788857,False
2024-01-12,Historical,0.95,2023-01-06,2024-01-11,-0.00490724725263205,0.006645107666051937,0.008485410146707489,False
2024-01-12,Gaussian,0.95,2023-01-06,2024-01-11,-0.00490724725263205,0.006841280875393481,0.00867134552830757,False
2024-01-16,Historical,0.95,2023-01-09,2024-01-12,0.007514967600269426,0.006645107666051937,0.008485410146707489,True
2024-01-16,Gaussian,0.95,2023-01-09,2024-01-12,0.007514967600269426,0.006719097282275609,0.008507088137152615,True
2024-01-17,Historical,0.95,2023-01-10,2024-01-16,0.0086746690537427,0.007221045693096471,0.008535653207762691,True
2024-01-17,Gaussian,0.95,2023-01-10,2024-01-16,0.0086746690537427,0.006801673197972817,0.008601146324982614,True
2024-01-18,Historical,0.95,2023-01-11,2024-01-17,-0.004137476192525925,0.0075482393383038224,0.00862486101187602,False
2024-01-18,Gaussian,0.95,2023-01-11,2024-01-17,-0.004137476192525925,0.006897807129182967,0.008712777329885171,False
2024-01-19,Historical,0.95,2023-01-12,2024-01-18,-0.003945761637425825,0.0075482393383038224,0.00862486101187602,False
2024-01-19,Gaussian,0.95,2023-01-12,2024-01-18,-0.003945761637425825,0.00689320073010154,0.008705475382396776,False
2024-01-22,Historical,0.95,2023-01-13,2024-01-19,-0.0012321349642285,0.0075482393383038224,0.00862486101187602,False
2024-01-22,Gaussian,0.95,2023-01-13,2024-01-19,-0.0012321349642285,0.006872193153956119,0.008674798523258467,False
2024-01-23,Historical,0.95,2023-01-17,2024-01-22,-0.0010082755211311498,0.0075482393383038224,0.00862486101187602,False
2024-01-23,Gaussian,0.95,2023-01-17,2024-01-22,-0.0010082755211311498,0.006872537061757365,0.008672137430748864,False
2024-01-24,Historical,0.95,2023-01-18,2024-01-23,0.0011666510670088502,0.0075482393383038224,0.00862486101187602,False
2024-01-24,Gaussian,0.95,2023-01-18,2024-01-23,0.0011666510670088502,0.006851587019357937,0.008649640453417816,False
2024-01-25,Historical,0.95,2023-01-19,2024-01-24,-0.0034561263370017753,0.0075482393383038224,0.00862486101187602,False
2024-01-25,Gaussian,0.95,2023-01-19,2024-01-24,-0.0034561263370017753,0.006846958451304585,0.008644540857733304,False
2024-01-26,Historical,0.95,2023-01-20,2024-01-25,-0.0027161151839794253,0.0075482393383038224,0.00862486101187602,False
2024-01-26,Gaussian,0.95,2023-01-20,2024-01-25,-0.0027161151839794253,0.006835428300026231,0.00863469096026597,False
2024-01-29,Historical,0.95,2023-01-23,2024-01-26,-0.005075838645184424,0.0075482393383038224,0.00862486101187602,False
2024-01-29,Gaussian,0.95,2023-01-23,2024-01-26,-0.005075838645184424,0.006835427559134315,0.008634406833015506,False
2024-01-30,Historical,0.95,2023-01-24,2024-01-29,-0.001635743623288075,0.0075482393383038224,0.00862486101187602,False
2024-01-30,Gaussian,0.95,2023-01-24,2024-01-29,-0.001635743623288075,0.0068391530362366705,0.008641095195186996,False
2024-01-31,Historical,0.95,2023-01-25,2024-01-30,0.0032855192177199746,0.0075482393383038224,0.00862486101187602,False
2024-01-31,Gaussian,0.95,2023-01-25,2024-01-30,0.0032855192177199746,0.006838413729647479,0.008640517806595398,False
2024-02-01,Historical,0.95,2023-01-26,2024-01-31,-0.0069968623676084744,0.0075482393383038224,0.00862486101187602,False
2024-02-01,Gaussian,0.95,2023-01-26,2024-01-31,-0.0069968623676084744,0.006864612150959102,0.008669037954505647,False
2024-02-02,Historical,0.95,2023-01-27,2024-02-01,0.0031655003637478247,0.0075482393383038224,0.00862486101187602,False
2024-02-02,Gaussian,0.95,2023-01-27,2024-02-01,0.0031655003637478247,0.006871746804765488,0.00868498648140352,False
2024-02-05,Historical,0.95,2023-01-30,2024-02-02,0.004693372062577076,0.0075482393383038224,0.00862486101187602,False
2024-02-05,Gaussian,0.95,2023-01-30,2024-02-02,0.004693372062577076,0.006893409232501771,0.008708905507693198,False
2024-02-06,Historical,0.95,2023-01-31,2024-02-05,-0.00546745319078695,0.0075482393383038224,0.00862486101187602,False
2024-02-06,Gaussian,0.95,2023-01-31,2024-02-05,-0.00546745319078695,0.006900690010890205,0.008717364156569811,False
2024-02-07,Historical,0.95,2023-02-01,2024-02-06,0.0001516585433538999,0.0075482393383038224,0.00862486101187602,False
2024-02-07,Gaussian,0.95,2023-02-01,2024-02-06,0.0001516585433538999,0.006900904785273327,0.008717689676208838,False
2024-02-08,Historical,0.95,2023-02-02,2024-02-07,0.001990128633612825,0.0075482393383038224,0.00862486101187602,False
2024-02-08,Gaussian,0.95,2023-02-02,2024-02-07,0.001990128633612825,0.006893359455331962,0.008700737426495181,False
2024-02-09,Historical,0.95,2023-02-03,2024-02-08,0.000736170137877475,0.0075482393383038224,0.00862486101187602,False
2024-02-09,Gaussian,0.95,2023-02-03,2024-02-08,0.000736170137877475,0.006906194609222686,0.008714515959137267,False
2024-02-12,Historical,0.95,2023-02-06,2024-02-09,0.00061579323162825,0.007221045693096471,0.008518065829532129,False
2024-02-12,Gaussian,0.95,2023-02-06,2024-02-09,0.00061579323162825,0.006810311890582059,0.008602574288664793,False
2024-02-13,Historical,0.95,2023-02-07,2024-02-12,0.01164148569777535,0.007221045693096471,0.008518065829532129,True
2024-02-13,Gaussian,0.95,2023-02-07,2024-02-12,0.01164148569777535,0.006769228265170785,0.008555743719208224,True
2024-02-14,Historical,0.95,2023-02-08,2024-02-13,-0.005048290185282325,0.0075482393383038224,0.008835490298571046,False
2024-02-14,Gaussian,0.95,2023-02-08,2024-02-13,-0.005048290185282325,0.006929493652263216,0.008741105369699785,False
2024-02-15,Historical,0.95,2023-02-09,2024-02-14,-0.004789810551591649,0.0075482393383038224,0.008835490298571046,False
2024-02-15,Gaussian,0.95,2023-02-09,2024-02-14,-0.004789810551591649,0.006924304321951016,0.008740314698258353,False
2024-02-16,Historical,0.95,2023-02-10,2024-02-15,-0.0023839091511345,0.0075482393383038224,0.008835490298571046,False
2024-02-16,Gaussian,0.95,2023-02-10,2024-02-15,-0.0023839091511345,0.006885930836302311,0.008701617538596116,False
2024-02-20,Historical,0.95,2023-02-13,2024-02-16,-0.0006845932948500997,0.0075482393383038224,0.008835490298571046,False
2024-02-20,Gaussian,0.95,2023-02-13,2024-02-16,-0.0006845932948500997,0.0068740507031400605,0.008690246784180133,False
2024-02-21,Historical,0.95,2023-02-14,2024-02-20,0.002305748925480442,0.0075482393383038224,0.008835490298571046,False
2024-02-21,Gaussian,0.95,2023-02-14,2024-02-20,0.002305748925480442,0.006876383338964984,0.008689548095213046,False
2024-02-22,Historical,0.95,2023-02-15,2024-02-21,-0.006131923896956401,0.0075482393383038224,0.008835490298571046,False
2024-02-22,Gaussian,0.95,2023-02-15,2024-02-21,-0.006131923896956401,0.006886469562867906,0.008700682184102042,False
2024-02-23,Historical,0.95,2023-02-16,2024-02-22,-0.0033574124274373006,0.0075482393383038224,0.008835490298571046,False
2024-02-23,Gaussian,0.95,2023-02-16,2024-02-22,-0.0033574124274373006,0.006881804033967818,0.008702248716368724,False
2024-02-26,Historical,0.95,2023-02-17,2024-02-23,0.0025891596777435997,0.0075482393383038224,0.008835490298571046,False
2024-02-26,Gaussian,0.95,2023-02-17,2024-02-23,0.0025891596777435997,0.006845221362489736,0.00866387111864379,False
2024-02-27,Historical,0.95,2023-02-21,2024-02-26,0.00044052441981112507,0.0075482393383038224,0.008835490298571046,False
2024-02-27,Gaussian,0.95,2023-02-21,2024-02-26,0.00044052441981112507,0.0068639306071675244,0.008684189794521645,False
2024-02-28,Historical,0.95,2023-02-22,2024-02-27,0.0009424327047062749,0.007221045693096471,0.00868293930732847,False
2024-02-28,Gaussian,0.95,2023-02-22,2024-02-27,0.0009424327047062749,0.006754685635144952,0.008556396181699594,False
2024-02-29,Historical,0.95,2023-02-23,2024-02-28,-0.00326389605188455,0.007221045693096471,0.00868293930732847,False
2024-02-29,Gaussian,0.95,2023-02-23,2024-02-28,-0.00326389605188455,0.006740660033666163,0.008540729104992177,False
2024-03-01,Historical,0.95,2023-02-24,2024-02-29,-0.009591217584529525,0.007221045693096471,0.00868293930732847,False
2024-03-01,Gaussian,0.95,2023-02-24,2024-02-29,-0.009591217584529525,0.006738979289702846,0.008540468469232732,False
2024-03-04,Historical,0.95,2023-02-27,2024-03-01,-0.0018160227575761499,0.007004345552596634,0.00868293930732847,False
2024-03-04,Gaussian,0.95,2023-02-27,2024-03-01,-0.0018160227575761499,0.00669781566537425,0.008505566552530219,False
2024-03-05,Historical,0.95,2023-02-28,2024-03-04,-0.0006893191893311995,0.007004345552596634,0.00868293930732847,False
2024-03-05,Gaussian,0.95,2023-02-28,2024-03-04,-0.0006893191893311995,0.006697716129523393,0.008502919160723101,False
2024-03-06,Historical,0.95,2023-03-01,2024-03-05,-0.0050280794875538,0.007004345552596634,0.00868293930732847,False
2024-03-06,Gaussian,0.95,2023-03-01,2024-03-05,-0.0050280794875538,0.006688994464114445,0.00849378001884737,False
2024-03-07,Historical,0.95,2023-03-02,2024-03-06,-0.00484776516393165,0.007004345552596634,0.00868293930732847,False
2024-03-07,Gaussian,0.95,2023-03-02,2024-03-06,-0.00484776516393165,0.006682338488260539,0.008491062494896047,False
2024-03-08,Historical,0.95,2023-03-03,2024-03-07,0.00040109169821182507,0.007004345552596634,0.00868293930732847,False
2024-03-08,Gaussian,0.95,2023-03-03,2024-03-07,0.00040109169821182507,0.006683200756287892,0.008495403653850025,False
2024-03-11,Historical,0.95,2023-03-06,2024-03-08,-0.00017324299859384996,0.007004345552596634,0.00868293930732847,False
2024-03-11,Gaussian,0.95,2023-03-06,2024-03-08,-0.00017324299859384996,0.006666759901283049,0.008465408170320914,False
2024-03-12,Historical,0.95,2023-03-07,2024-03-11,-0.0016023400255467495,0.007004345552596634,0.00868293930732847,False
2024-03-12,Gaussian,0.95,2023-03-07,2024-03-11,-0.0016023400255467495,0.006653003524871445,0.008450446770421588,False
2024-03-13,Historical,0.95,2023-03-08,2024-03-12,-0.001503819873380825,0.006165747763688909,0.008519866980762644,False
2024-03-13,Gaussian,0.95,2023-03-08,2024-03-12,-0.001503819873380825,0.006551958777278688,0.008333998383446738,False
2024-03-14,Historical,0.95,2023-03-09,2024-03-13,0.00454608611940255,0.006165747763688909,0.008519866980762644,False
2024-03-14,Gaussian,0.95,2023-03-09,2024-03-13,0.00454608611940255,0.006548717092659905,0.008330968985100377,False
2024-03-15,Historical,0.95,2023-03-10,2024-03-14,0.003355845888752175,0.006165747763688909,0.008519866980762644,False
2024-03-15,Gaussian,0.95,2023-03-10,2024-03-14,0.003355845888752175,0.006572243076701028,0.008358059896703907,False
2024-03-18,Historical,0.95,2023-03-13,2024-03-15,-0.00153112493280805,0.006165747763688909,0.008519866980762644,False
2024-03-18,Gaussian,0.95,2023-03-13,2024-03-15,-0.00153112493280805,0.006603256615300483,0.008391306476007582,False
2024-03-19,Historical,0.95,2023-03-14,2024-03-18,-0.00235470703764725,0.006165747763688909,0.008519866980762644,False
2024-03-19,Gaussian,0.95,2023-03-14,2024-03-18,-0.00235470703764725,0.006604077563839297,0.008391916354344574,False
2024-03-20,Historical,0.95,2023-03-15,2024-03-19,-0.005761219391711825,0.006165747763688909,0.008519866980762644,False
2024-03-20,Gaussian,0.95,2023-03-15,2024-03-19,-0.005761219391711825,0.006604383869502554,0.00839139862598617,False
2024-03-21,Historical,0.95,2023-03-16,2024-03-20,-0.005267527924966775,0.006165747763688909,0.008519866980762644,False
2024-03-21,Gaussian,0.95,2023-03-16,2024-03-20,-0.005267527924966775,0.006550243202291562,0.008335211444914252,False
2024-03-22,Historical,0.95,2023-03-17,2024-03-21,-0.0003990250633790001,0.006165747763688909,0.008519866980762644,False
2024-03-22,Gaussian,0.95,2023-03-17,2024-03-21,-0.0003990250633790001,0.006551454754097665,0.00833712723901624,False
2024-03-25,Historical,0.95,2023-03-20,2024-03-22,0.001045761451461725,0.006165747763688909,0.008519866980762644,False
2024-03-25,Gaussian,0.95,2023-03-20,2024-03-22,0.001045761451461725,0.0065540794542843185,0.008335779440381946,False
2024-03-26,Historical,0.95,2023-03-21,2024-03-25,-0.0009030418522181498,0.006165747763688909,0.008519866980762644,False
2024-03-26,Gaussian,0.95,2023-03-21,2024-03-25,-0.0009030418522181498,0.00656665858998582,0.0083467805365404,False
2024-03-27,Historical,0.95,2023-03-22,2024-03-26,-0.0049527825104431,0.006165747763688909,0.008519866980762644,False
2024-03-27,Gaussian,0.95,2023-03-22,2024-03-26,-0.0049527825104431,0.006566377731154466,0.008346513567544537,False
2024-03-28,Historical,0.95,2023-03-23,2024-03-27,-0.003915912873964425,0.006165747763688909,0.008519866980762644,False
2024-03-28,Gaussian,0.95,2023-03-23,2024-03-27,-0.003915912873964425,0.006567697035095672,0.008348683743266304,False
2024-04-02,Historical,0.95,2023-03-24,2024-03-28,-0.0006313139111085247,0.006165747763688909,0.008519866980762644,False
2024-04-02,Gaussian,0.95,2023-03-24,2024-03-28,-0.0006313139111085247,0.006568306621066971,0.008350281738027475,False
2024-04-03,Historical,0.95,2023-03-27,2024-04-02,-0.0028330295012009,0.006165747763688909,0.008519866980762644,False
2024-04-03,Gaussian,0.95,2023-03-27,2024-04-02,-0.0028330295012009,0.006529162887626881,0.008306372435664719,False
2024-04-04,Historical,0.95,2023-03-28,2024-04-03,0.002448470468482775,0.006165747763688909,0.008519866980762644,False
2024-04-04,Gaussian,0.95,2023-03-28,2024-04-03,0.002448470468482775,0.006503112914215389,0.008279370525680365,False
2024-04-05,Historical,0.95,2023-03-29,2024-04-04,-0.0033721984553446755,0.006165747763688909,0.008519866980762644,False
2024-04-05,Gaussian,0.95,2023-03-29,2024-04-04,-0.0033721984553446755,0.0065256387592868914,0.00830317963409348,False
2024-04-08,Historical,0.95,2023-03-30,2024-04-05,-0.0019205279289526253,0.006165747763688909,0.008519866980762644,False
2024-04-08,Gaussian,0.95,2023-03-30,2024-04-05,-0.0019205279289526253,0.0065239360396202335,0.0082998370895097,False
2024-04-09,Historical,0.95,2023-03-31,2024-04-08,-0.0024572113693440496,0.006165747763688909,0.008519866980762644,False
2024-04-09,Gaussian,0.95,2023-03-31,2024-04-08,-0.0024572113693440496,0.006518364470475251,0.008288782065997164,False
2024-04-10,Historical,0.95,2023-04-03,2024-04-09,0.007221133116722325,0.006165747763688909,0.008519866980762644,True
2024-04-10,Gaussian,0.95,2023-04-03,2024-04-09,0.007221133116722325,0.006517769688365822,0.00828642150434772,True
2024-04-11,Historical,0.95,2023-04-04,2024-04-10,-0.005192147645927875,0.006842736586645733,0.008584550148297102,False
2024-04-11,Gaussian,0.95,2023-04-04,2024-04-10,-0.005192147645927875,0.006594923365848676,0.008370496199356488,False
2024-04-12,Historical,0.95,2023-04-05,2024-04-11,0.003648829990129075,0.006842736586645733,0.008584550148297102,False
2024-04-12,Gaussian,0.95,2023-04-05,2024-04-11,0.003648829990129075,0.006598476188436216,0.008376603555502758,False
2024-04-15,Historical,0.95,2023-04-06,2024-04-12,0.0008645473260035998,0.006842736586645733,0.008584550148297102,False
2024-04-15,Gaussian,0.95,2023-04-06,2024-04-12,0.0008645473260035998,0.006629903490474833,0.008411131055246344,False
2024-04-16,Historical,0.95,2023-04-11,2024-04-15,0.005743889740273224,0.006842736586645733,0.008584550148297102,False
2024-04-16,Gaussian,0.95,2023-04-11,2024-04-15,0.005743889740273224,0.006640099555274037,0.008421257052175246,False
2024-04-17,Historical,0.95,2023-04-12,2024-04-16,0.0008177701335682,0.006842736586645733,0.008584550148297102,False
2024-04-17,Gaussian,0.95,2023-04-12,2024-04-16,0.0008177701335682,0.006685341458111877,0.008473355896538639,False
2024-04-18,Historical,0.95,2023-04-13,2024-04-17,-0.000358692510975575,0.006842736586645733,0.008584550148297102,False
2024-04-18,Gaussian,0.95,2023-04-13,2024-04-17,-0.000358692510975575,0.006695776696752452,0.008483403979275564,False
2024-04-19,Historical,0.95,2023-04-14,2024-04-18,0.0004827050007430748,0.006842736586645733,0.008584550148297102,False
2024-04-19,Gaussian,0.95,2023-04-14,2024-04-18,0.0004827050007430748,0.00669109017372187,0.008471325243649878,False
2024-04-22,Historical,0.95,2023-04-17,2024-04-19,-8.721313318492451e-05,0.006842736586645733,0.008584550148297102,False
2024-04-22,Gaussian,0.95,2023-04-17,2024-04-19,-8.721313318492451e-05,0.006648145240672473,0.008422333906805286,False
2024-04-23,Historical,0.95,2023-04-18,2024-04-22,-0.003354601406915125,0.006842736586645733,0.008584550148297102,False
2024-04-23,Gaussian,0.95,2023-04-18,2024-04-22,-0.003354601406915125,0.0066382532517093975,0.00841168188002463,False
2024-04-24,Historical,0.95,2023-04-19,2024-04-23,0.001310424819564575,0.006842736586645733,0.008584550148297102,False
2024-04-24,Gaussian,0.95,2023-04-19,2024-04-23,0.001310424819564575,0.006638294244824039,0.008412561464251353,False
2024-04-25,Historical,0.95,2023-04-20,2024-04-24,-0.00058848441577455,0.006842736586645733,0.008584550148297102,False
2024-04-25,Gaussian,0.95,2023-04-20,2024-04-24,-0.00058848441577455,0.0066327392740241,0.008406381320679772,False
2024-04-26,Historical,0.95,2023-04-21,2024-04-25,-0.005932310831033551,0.006842736586645733,0.008584550148297102,False
2024-04-26,Gaussian,0.95,2023-04-21,2024-04-25,-0.005932310831033551,0.006634296822270884,0.008407848040003428,False
2024-04-29,Historical,0.95,2023-04-24,2024-04-26,-0.001519005451748275,0.006842736586645733,0.008584550148297102,False
2024-04-29,Gaussian,0.95,2023-04-24,2024-04-26,-0.001519005451748275,0.006618379839390037,0.008396445457724064,False
2024-04-30,Historical,0.95,2023-04-25,2024-04-29,0.010176157232623675,0.006842736586645733,0.008584550148297102,True
2024-04-30,Gaussian,0.95,2023-04-25,2024-04-29,0.010176157232623675,0.006619453224377899,0.008397170565147376,True
2024-05-01,Historical,0.95,2023-04-26,2024-04-30,-0.0016937753234224505,0.007382742082673225,0.008811859695674128,False
2024-05-01,Gaussian,0.95,2023-04-26,2024-04-30,-0.0016937753234224505,0.006741148283077829,0.008540328904758069,False
2024-05-02,Historical,0.95,2023-04-27,2024-05-01,-0.00425493306594185,0.007382742082673225,0.008811859695674128,False
2024-05-02,Gaussian,0.95,2023-04-27,2024-05-01,-0.00425493306594185,0.0066994988300182684,0.00849440704095249,False
2024-05-03,Historical,0.95,2023-04-28,2024-05-02,-0.0055897606499845254,0.007382742082673225,0.008811859695674128,False
2024-05-03,Gaussian,0.95,2023-04-28,2024-05-02,-0.0055897606499845254,0.006700661349910056,0.00849754082669769,False
2024-05-07,Historical,0.95,2023-05-02,2024-05-03,-0.008303371570402875,0.007382742082673225,0.008811859695674128,False
2024-05-07,Gaussian,0.95,2023-05-02,2024-05-03,-0.008303371570402875,0.006701953942422352,0.008499512328510424,False
2024-05-08,Historical,0.95,2023-05-03,2024-05-07,0.0002224410524239598,0.007382742082673225,0.008811859695674128,False
2024-05-08,Gaussian,0.95,2023-05-03,2024-05-07,0.0002224410524239598,0.006703150272049959,0.008511623239689462,False
2024-05-09,Historical,0.95,2023-05-04,2024-05-08,-0.0067910368382196745,0.007382742082673225,0.008811859695674128,False
2024-05-09,Gaussian,0.95,2023-05-04,2024-05-08,-0.0067910368382196745,0.006711009686629652,0.008518715884210751,False
2024-05-10,Historical,0.95,2023-05-05,2024-05-09,-0.0031951448164498,0.007382742082673225,0.008811859695674128,False
2024-05-10,Gaussian,0.95,2023-05-05,2024-05-09,-0.0031951448164498,0.006695170912938763,0.00850865073175832,False
2024-05-13,Historical,0.95,2023-05-09,2024-05-10,0.00312080778376815,0.007382742082673225,0.008811859695674128,False
2024-05-13,Gaussian,0.95,2023-05-09,2024-05-10,0.00312080778376815,0.006693983998786458,0.008508559594989803,False
2024-05-14,Historical,0.95,2023-05-10,2024-05-13,-0.0044430031286808004,0.007382742082673225,0.008811859695674128,False
2024-05-14,Gaussian,0.95,2023-05-10,2024-05-13,-0.0044430031286808004,0.006709000305841987,0.008525481732980438,False
2024-05-15,Historical,0.95,2023-05-11,2024-05-14,-0.008547837595261525,0.007382742082673225,0.008811859695674128,False
2024-05-15,Gaussian,0.95,2023-05-11,2024-05-14,-0.008547837595261525,0.006709349647620547,0.008528504703832509,False
2024-05-16,Historical,0.95,2023-05-12,2024-05-15,0.0021847776775881,0.007382742082673225,0.008811859695674128,False
2024-05-16,Gaussian,0.95,2023-05-12,2024-05-15,0.0021847776775881,0.006711949029347417,0.008542470138229688,False
2024-05-17,Historical,0.95,2023-05-15,2024-05-16,-0.003094306486462725,0.007382742082673225,0.008811859695674128,False
2024-05-17,Gaussian,0.95,2023-05-15,2024-05-16,-0.003094306486462725,0.006716773770066285,0.008547871618176649,False
2024-05-20,Historical,0.95,2023-05-16,2024-05-17,-0.000974984983157575,0.007382742082673225,0.008811859695674128,False
2024-05-20,Gaussian,0.95,2023-05-16,2024-05-17,-0.000974984983157575,0.006714644099646137,0.008546854938780588,False
2024-05-21,Historical,0.95,2023-05-17,2024-05-20,-0.0006749597197889001,0.007382742082673225,0.008811859695674128,False
2024-05-21,Gaussian,0.95,2023-05-17,2024-05-20,-0.0006749597197889001,0.006649509494408621,0.008472647623708052,False
2024-05-22,Historical,0.95,2023-05-18,2024-05-21,0.00696418773922435,0.007382742082673225,0.008811859695674128,False
2024-05-22,Gaussian,0.95,2023-05-18,2024-05-21,0.00696418773922435,0.006648408235218122,0.00847154734304906,True
2024-05-23,Historical,0.95,2023-05-19,2024-05-22,0.0086464701898703,0.007382742082673225,0.008811859695674128,True
2024-05-23,Gaussian,0.95,2023-05-19,2024-05-22,0.0086464701898703,0.006707198390913189,0.008540035303598046,True
2024-05-24,Historical,0.95,2023-05-22,2024-05-23,-0.0016578931737011,0.0075482393383038224,0.008898898356412657,False
2024-05-24,Gaussian,0.95,2023-05-22,2024-05-23,-0.0016578931737011,0.006809898797215025,0.008658372250698427,False
2024-05-28,Historical,0.95,2023-05-23,2024-05-24,0.0006147662794617501,0.0075482393383038224,0.008898898356412657,False
2024-05-28,Gaussian,0.95,2023-05-23,2024-05-24,0.0006147662794617501,0.006801323985597186,0.00864986584718856,False
2024-05-29,Historical,0.95,2023-05-24,2024-05-28,0.0075391845353644,0.0075482393383038224,0.008898898356412657,False
2024-05-29,Gaussian,0.95,2023-05-24,2024-05-28,0.0075391845353644,0.006789282465911839,0.008636530718300246,True
2024-05-30,Historical,0.95,2023-05-25,2024-05-29,-0.0016981012786174252,0.007528286914571662,0.008797014419574482,False
2024-05-30,Gaussian,0.95,2023-05-25,2024-05-29,-0.0016981012786174252,0.006766772577153957,0.00860964830644471,False
2024-05-31,Historical,0.95,2023-05-26,2024-05-30,-0.0030502995370247,0.007528286914571662,0.008797014419574482,False
2024-05-31,Gaussian,0.95,2023-05-26,2024-05-30,-0.0030502995370247,0.006733831333518905,0.008573746403382076,False
2024-06-03,Historical,0.95,2023-05-30,2024-05-31,-0.0037651339274106755,0.007528286914571662,0.008797014419574482,False
2024-06-03,Gaussian,0.95,2023-05-30,2024-05-31,-0.0037651339274106755,0.006725044668578716,0.008559135306971373,False
2024-06-04,Historical,0.95,2023-05-31,2024-06-03,0.00143140591216655,0.007528286914571662,0.008797014419574482,False
2024-06-04,Gaussian,0.95,2023-05-31,2024-06-03,0.00143140591216655,0.006718118206158933,0.008554207084068162,False
2024-06-05,Historical,0.95,2023-06-01,2024-06-04,-0.0072865957164617995,0.007528286914571662,0.008797014419574482,False
2024-06-05,Gaussian,0.95,2023-06-01,2024-06-04,-0.0072865957164617995,0.0067079345355513294,0.008542747440024099,False
2024-06-06,Historical,0.95,2023-06-02,2024-06-05,-0.0028524724296904,0.007528286914571662,0.008797014419574482,False
2024-06-06,Gaussian,0.95,2023-06-02,2024-06-05,-0.0028524724296904,0.006711735382731657,0.008548194074588454,False
2024-06-07,Historical,0.95,2023-06-05,2024-06-06,0.013038181574251025,0.007528286914571662,0.008797014419574482,True
2024-06-07,Gaussian,0.95,2023-06-05,2024-06-06,0.013038181574251025,0.0067105134010309,0.008547666019473609,True
2024-06-10,Historical,0.95,2023-06-06,2024-06-07,-0.0018869432847612748,0.007559136959096561,0.00922001419179653,False
2024-06-10,Gaussian,0.95,2023-06-06,2024-06-07,-0.0018869432847612748,0.006901667060191521,0.008773433169805887,False
2024-06-11,Historical,0.95,2023-06-07,2024-06-10,-0.0002606437937730001,0.007559136959096561,0.00922001419179653,False
2024-06-11,Gaussian,0.95,2023-06-07,2024-06-10,-0.0002606437937730001,0.006901768884997928,0.00877350536869213,False
2024-06-12,Historical,0.95,2023-06-08,2024-06-11,-0.006262845162643,0.007559136959096561,0.00922001419179653,False
2024-06-12,Gaussian,0.95,2023-06-08,2024-06-11,-0.006262845162643,0.006847052736124987,0.008711152952610947,False
2024-06-13,Historical,0.95,2023-06-09,2024-06-12,0.001374520533924425,0.007559136959096561,0.00922001419179653,False
2024-06-13,Gaussian,0.95,2023-06-09,2024-06-12,0.001374520533924425,0.00684928252535401,0.008714495862600282,False
2024-06-14,Historical,0.95,2023-06-12,2024-06-13,-0.0032096786398117,0.007559136959096561,0.00922001419179653,False
2024-06-14,Gaussian,0.95,2023-06-12,2024-06-13,-0.0032096786398117,0.006840639539075957,0.00870481153062133,False
2024-06-17,Historical,0.95,2023-06-13,2024-06-14,0.0006888444284077247,0.007559136959096561,0.00922001419179653,False
2024-06-17,Gaussian,0.95,2023-06-13,2024-06-14,0.0006888444284077247,0.006840519735253576,0.00870508008091726,False
2024-06-18,Historical,0.95,2023-06-14,2024-06-17,-0.004228329251361724,0.007559136959096561,0.00922001419179653,False
2024-06-18,Gaussian,0.95,2023-06-14,2024-06-17,-0.004228329251361724,0.006838093375283145,0.008702444423670566,False
2024-06-20,Historical,0.95,2023-06-15,2024-06-18,-0.004333395582020475,0.007559136959096561,0.00922001419179653,False
2024-06-20,Gaussian,0.95,2023-06-15,2024-06-18,-0.004333395582020475,0.006835046254258778,0.00870196419811375,False
2024-06-21,Historical,0.95,2023-06-16,2024-06-20,0.005262493457123225,0.007559136959096561,0.00922001419179653,False
2024-06-21,Gaussian,0.95,2023-06-16,2024-06-20,0.005262493457123225,0.0068217875642582505,0.008682031895057406,False
2024-06-24,Historical,0.95,2023-06-20,2024-06-21,-0.00176736213484215,0.007559136959096561,0.00922001419179653,False
2024-06-24,Gaussian,0.95,2023-06-20,2024-06-21,-0.00176736213484215,0.0068554678416328525,0.008720861624074554,False
2024-06-25,Historical,0.95,2023-06-21,2024-06-24,0.0010657209173580502,0.007559136959096561,0.00922001419179653,False
2024-06-25,Gaussian,0.95,2023-06-21,2024-06-24,0.0010657209173580502,0.006801863536333748,0.008660947321496712,False
2024-06-26,Historical,0.95,2023-06-22,2024-06-25,0.00410373954611315,0.007559136959096561,0.00922001419179653,False
2024-06-26,Gaussian,0.95,2023-06-22,2024-06-25,0.00410373954611315,0.0067969861639369375,0.008655551511932449,False
2024-06-27,Historical,0.95,2023-06-23,2024-06-26,-0.00223399741904315,0.007559136959096561,0.00922001419179653,False
2024-06-27,Gaussian,0.95,2023-06-23,2024-06-26,-0.00223399741904315,0.006788373730497198,0.00864551682559428,False
2024-06-28,Historical,0.95,2023-06-26,2024-06-27,0.002802086441386577,0.007559136959096561,0.00922001419179653,False
2024-06-28,Gaussian,0.95,2023-06-26,2024-06-27,0.002802086441386577,0.006772341283577825,0.008629233863071076,False
2024-07-01,Historical,0.95,2023-06-27,2024-06-28,0.0004583158461436,0.007559136959096561,0.00922001419179653,False
2024-07-01,Gaussian,0.95,2023-06-27,2024-06-28,0.0004583158461436,0.0067898460084452345,0.008648690764312489,False
2024-07-02,Historical,0.95,2023-06-28,2024-07-01,-0.0010855321137532058,0.007559136959096561,0.00922001419179653,False
2024-07-02,Gaussian,0.95,2023-06-28,2024-07-01,-0.0010855321137532058,0.00679657292463775,0.008655535574649181,False
2024-07-03,Historical,0.95,2023-06-29,2024-07-02,-0.007291789505361175,0.007559136959096561,0.00922001419179653,False
2024-07-03,Gaussian,0.95,2023-06-29,2024-07-02,-0.007291789505361175,0.0067981118562292645,0.008656895474629969,False
2024-07-05,Historical,0.95,2023-06-30,2024-07-03,-0.007125756429883926,0.007559136959096561,0.00922001419179653,False
2024-07-05,Gaussian,0.95,2023-06-30,2024-07-03,-0.007125756429883926,0.006784378200514451,0.008649802234223411,False
2024-07-08,Historical,0.95,2023-07-03,2024-07-05,0.0030836107149189,0.007559136959096561,0.00922001419179653,False
2024-07-08,Gaussian,0.95,2023-07-03,2024-07-05,0.0030836107149189,0.006783486997857476,0.008648529348513947,False
2024-07-09,Historical,0.95,2023-07-05,2024-07-08,0.001374375130562,0.007559136959096561,0.00922001419179653,False
2024-07-09,Gaussian,0.95,2023-07-05,2024-07-08,0.001374375130562,0.0068019288578742764,0.008669183891934008,False
2024-07-10,Historical,0.95,2023-07-06,2024-07-09,-0.005355623407006425,0.007559136959096561,0.00922001419179653,False
2024-07-10,Gaussian,0.95,2023-07-06,2024-07-09,-0.005355623407006425,0.006762284989787658,0.00862356240656469,False
2024-07-11,Historical,0.95,2023-07-07,2024-07-10,-0.004745084998830026,0.007528286914571662,0.009015619395070756,False
2024-07-11,Gaussian,0.95,2023-07-07,2024-07-10,-0.004745084998830026,0.006630186478736191,0.008473708825406575,False
2024-07-12,Historical,0.95,2023-07-10,2024-07-11,-0.00265001385575915,0.007528286914571662,0.009015619395070756,False
2024-07-12,Gaussian,0.95,2023-07-10,2024-07-11,-0.00265001385575915,0.00662368988179632,0.008470351277711348,False
2024-07-15,Historical,0.95,2023-07-11,2024-07-12,0.0013939538842123,0.007528286914571662,0.009015619395070756,False
2024-07-15,Gaussian,0.95,2023-07-11,2024-07-12,0.0013939538842123,0.006623713941079195,0.008470356637830821,False
2024-07-16,Historical,0.95,2023-07-12,2024-07-15,-0.007135193257170075,0.007528286914571662,0.009015619395070756,False
2024-07-16,Gaussian,0.95,2023-07-12,2024-07-15,-0.007135193257170075,0.006640249061810785,0.008486172807972358,False
2024-07-17,Historical,0.95,2023-07-13,2024-07-16,0.00374041966227365,0.007528286914571662,0.009015619395070756,False
2024-07-17,Gaussian,0.95,2023-07-13,2024-07-16,0.00374041966227365,0.006590749870993374,0.008418886402859238,False
2024-07-18,Historical,0.95,2023-07-14,2024-07-17,0.0037274652939404,0.007528286914571662,0.009015619395070756,False
2024-07-18,Gaussian,0.95,2023-07-14,2024-07-17,0.0037274652939404,0.006624629562854918,0.008452300775419603,False
2024-07-19,Historical,0.95,2023-07-17,2024-07-18,0.0085591139849137,0.007528286914571662,0.009015619395070756,True
2024-07-19,Gaussian,0.95,2023-07-17,2024-07-18,0.0085591139849137,0.006636550011741264,0.008465979793279706,True
2024-07-22,Historical,0.95,2023-07-18,2024-07-19,-0.003860214848864625,0.007559136959096561,0.00909407550657455,False
2024-07-22,Gaussian,0.95,2023-07-18,2024-07-19,-0.003860214848864625,0.006735500444561157,0.008580751228984279,False
2024-07-23,Historical,0.95,2023-07-19,2024-07-22,0.00028260489472792504,0.007559136959096561,0.00909407550657455,False
2024-07-23,Gaussian,0.95,2023-07-19,2024-07-22,0.00028260489472792504,0.006727523446241513,0.008568040481329761,False
2024-07-24,Historical,0.95,2023-07-20,2024-07-23,0.007637887834903524,0.007559136959096561,0.00909407550657455,True
2024-07-24,Gaussian,0.95,2023-07-20,2024-07-23,0.007637887834903524,0.0067304685130268336,0.00856535598631946,True
2024-07-25,Historical,0.95,2023-07-21,2024-07-24,0.003637813513352225,0.007609796060437231,0.009098877519303829,False
2024-07-25,Gaussian,0.95,2023-07-21,2024-07-24,0.003637813513352225,0.006789117126153291,0.00863422072129889,False
2024-07-26,Historical,0.95,2023-07-24,2024-07-25,-0.009628469700301675,0.007609796060437231,0.009098877519303829,False
2024-07-26,Gaussian,0.95,2023-07-24,2024-07-25,-0.009628469700301675,0.006816548296990035,0.008664824321763716,False
2024-07-29,Historical,0.95,2023-07-25,2024-07-26,-0.00047521756094829996,0.007609796060437231,0.009098877519303829,False
2024-07-29,Gaussian,0.95,2023-07-25,2024-07-26,-0.00047521756094829996,0.006839282823162112,0.008703293237375289,False
2024-07-30,Historical,0.95,2023-07-26,2024-07-29,-0.0012390449050199504,0.007609796060437231,0.009098877519303829,False
2024-07-30,Gaussian,0.95,2023-07-26,2024-07-29,-0.0012390449050199504,0.006843804507452007,0.008707355676731785,False
2024-07-31,Historical,0.95,2023-07-27,2024-07-30,-0.01313894634785675,0.007609796060437231,0.009098877519303829,False
2024-07-31,Gaussian,0.95,2023-07-27,2024-07-30,-0.01313894634785675,0.006844646273408499,0.0087080894385386,False
2024-08-01,Historical,0.95,2023-07-28,2024-07-31,0.005744028513819175,0.007559136959096561,0.009086182007497088,False
2024-08-01,Gaussian,0.95,2023-07-28,2024-07-31,0.005744028513819175,0.00682784383041259,0.00870823538742459,False
2024-08-02,Historical,0.95,2023-07-31,2024-08-01,0.004479765294807701,0.007559136959096561,0.009086182007497088,False
2024-08-02,Gaussian,0.95,2023-07-31,2024-08-01,0.004479765294807701,0.006884477555757446,0.008768006758574741,False
2024-08-05,Historical,0.95,2023-08-01,2024-08-02,0.01550108218817495,0.007559136959096561,0.009086182007497088,True
2024-08-05,Gaussian,0.95,2023-08-01,2024-08-02,0.01550108218817495,0.0069260215465096475,0.008814007612749804,True
2024-08-06,Historical,0.95,2023-08-02,2024-08-05,0.0010585063539173501,0.007609796060437231,0.00969584512432417,False
2024-08-06,Gaussian,0.95,2023-08-02,2024-08-05,0.0010585063539173501,0.007121232577189676,0.009048945113568128,False
2024-08-07,Historical,0.95,2023-08-03,2024-08-06,-0.00136018193627885,0.007559136959096561,0.009619661822350613,False
2024-08-07,Gaussian,0.95,2023-08-03,2024-08-06,-0.00136018193627885,0.007034076748342276,0.008947276855159043,False
2024-08-08,Historical,0.95,2023-08-04,2024-08-07,-0.008261385613283025,0.007559136959096561,0.009619661822350613,False
2024-08-08,Gaussian,0.95,2023-08-04,2024-08-07,-0.008261385613283025,0.0070021984742395255,0.008912379893155872,False
2024-08-09,Historical,0.95,2023-08-07,2024-08-08,-0.0035036053128203247,0.007559136959096561,0.009619661822350613,False
2024-08-09,Gaussian,0.95,2023-08-07,2024-08-08,-0.0035036053128203247,0.00701992029949868,0.008939536653261639,False
2024-08-12,Historical,0.95,2023-08-08,2024-08-09,-0.0062867870543437876,0.007559136959096561,0.009619661822350613,False
2024-08-12,Gaussian,0.95,2023-08-08,2024-08-09,-0.0062867870543437876,0.007015197381008576,0.00893640689099273,False
2024-08-13,Historical,0.95,2023-08-09,2024-08-12,-0.0056960925087031,0.007559136959096561,0.009619661822350613,False
2024-08-13,Gaussian,0.95,2023-08-09,2024-08-12,-0.0056960925087031,0.006998691405340514,0.008924403926764793,False
2024-08-14,Historical,0.95,2023-08-10,2024-08-13,-0.0006441371499349252,0.007559136959096561,0.009619661822350613,False
2024-08-14,Gaussian,0.95,2023-08-10,2024-08-13,-0.0006441371499349252,0.006989930915801192,0.008920021438934346,False
2024-08-15,Historical,0.95,2023-08-11,2024-08-14,-0.0052553926114994,0.007559136959096561,0.009619661822350613,False
2024-08-15,Gaussian,0.95,2023-08-11,2024-08-14,-0.0052553926114994,0.006980944901853353,0.008910511730813591,False
2024-08-16,Historical,0.95,2023-08-14,2024-08-15,-0.005506479602252199,0.007559136959096561,0.009619661822350613,False
2024-08-16,Gaussian,0.95,2023-08-14,2024-08-15,-0.005506479602252199,0.006936203559618483,0.008864506350844731,False
2024-08-19,Historical,0.95,2023-08-15,2024-08-16,-0.003724458196256875,0.007559136959096561,0.009619661822350613,False
2024-08-19,Gaussian,0.95,2023-08-15,2024-08-16,-0.003724458196256875,0.00692913972528201,0.008861533863626973,False
2024-08-20,Historical,0.95,2023-08-16,2024-08-19,0.001076454148600175,0.007528286914571662,0.00958833417292736,False
2024-08-20,Gaussian,0.95,2023-08-16,2024-08-19,0.001076454148600175,0.0068354341003624705,0.008755882749549552,False
2024-08-21,Historical,0.95,2023-08-17,2024-08-20,-0.00154405855306675,0.007528286914571662,0.00958833417292736,False
2024-08-21,Gaussian,0.95,2023-08-17,2024-08-20,-0.00154405855306675,0.00679343904522771,0.008707611326908261,False
2024-08-22,Historical,0.95,2023-08-18,2024-08-21,0.006238585587349224,0.007528286914571662,0.00958833417292736,False
2024-08-22,Gaussian,0.95,2023-08-18,2024-08-21,0.006238585587349224,0.006752975645283941,0.008662726431124857,False
2024-08-23,Historical,0.95,2023-08-21,2024-08-22,-0.00811549420159725,0.007528286914571662,0.00958833417292736,False
2024-08-23,Gaussian,0.95,2023-08-21,2024-08-22,-0.00811549420159725,0.006807748406701527,0.008725967450706973,False
2024-08-27,Historical,0.95,2023-08-22,2024-08-23,-0.0012075350111550001,0.007528286914571662,0.00958833417292736,False
2024-08-27,Gaussian,0.95,2023-08-22,2024-08-23,-0.0012075350111550001,0.006816919484192364,0.008745007098114847,False
2024-08-28,Historical,0.95,2023-08-23,2024-08-27,0.00342658429570955,0.007528286914571662,0.00958833417292736,False
2024-08-28,Gaussian,0.95,2023-08-23,2024-08-27,0.00342658429570955,0.006813137311415581,0.00874121331841446,False
2024-08-29,Historical,0.95,2023-08-24,2024-08-28,-0.0019187207255769176,0.007528286914571662,0.00958833417292736,False
2024-08-29,Gaussian,0.95,2023-08-24,2024-08-28,-0.0019187207255769176,0.0068204431086917715,0.008737011393350966,False
2024-08-30,Historical,0.95,2023-08-25,2024-08-29,0.0002203622086205748,0.007528286914571662,0.00958833417292736,False
2024-08-30,Gaussian,0.95,2023-08-25,2024-08-29,0.0002203622086205748,0.0067826501985063774,0.008695533941002531,False
2024-09-03,Historical,0.95,2023-08-29,2024-08-30,0.007051555652585625,0.007528286914571662,0.00958833417292736,False
2024-09-03,Gaussian,0.95,2023-08-29,2024-08-30,0.007051555652585625,0.0067896326783746155,0.008702596298181278,True
2024-09-04,Historical,0.95,2023-08-30,2024-09-03,-0.0003435027559254251,0.007528286914571662,0.00958833417292736,False
2024-09-04,Gaussian,0.95,2023-08-30,2024-09-03,-0.0003435027559254251,0.006769891079807856,0.008655258457263558,False
2024-09-05,Historical,0.95,2023-08-31,2024-09-04,-0.0010719086071546498,0.007528286914571662,0.00958833417292736,False
2024-09-05,Gaussian,0.95,2023-08-31,2024-09-04,-0.0010719086071546498,0.006774925676102021,0.008660042529536635,False
2024-09-06,Historical,0.95,2023-09-01,2024-09-05,0.007635477027776025,0.007528286914571662,0.00958833417292736,True
2024-09-06,Gaussian,0.95,2023-09-01,2024-09-05,0.007635477027776025,0.006761591526779115,0.008645904395664464,True
2024-09-09,Historical,0.95,2023-09-05,2024-09-06,-0.0070310805366291,0.007559136959096561,0.009595741287728254,False
2024-09-09,Gaussian,0.95,2023-09-05,2024-09-06,-0.0070310805366291,0.00684133548374525,0.00873824913177182,False
2024-09-10,Historical,0.95,2023-09-06,2024-09-09,-0.0013264265053325498,0.007559136959096561,0.009595741287728254,False
2024-09-10,Gaussian,0.95,2023-09-06,2024-09-09,-0.0013264265053325498,0.006793355484928157,0.008690809914909108,False
2024-09-11,Historical,0.95,2023-09-07,2024-09-10,-0.0017230626737233749,0.007559136959096561,0.009595741287728254,False
2024-09-11,Gaussian,0.95,2023-09-07,2024-09-10,-0.0017230626737233749,0.006757268484746575,0.008650881937527402,False
2024-09-12,Historical,0.95,2023-09-08,2024-09-11,-0.007298114804143425,0.007559136959096561,0.009595741287728254,False
2024-09-12,Gaussian,0.95,2023-09-08,2024-09-11,-0.007298114804143425,0.0067545173484232605,0.008648321023188486,False
2024-09-13,Historical,0.95,2023-09-11,2024-09-12,-0.005292933977595175,0.007559136959096561,0.009595741287728254,False
2024-09-13,Gaussian,0.95,2023-09-11,2024-09-12,-0.005292933977595175,0.006763019371274299,0.00866465053271593,False
2024-09-16,Historical,0.95,2023-09-12,2024-09-13,-0.0011107286893539913,0.007559136959096561,0.009595741287728254,False
2024-09-16,Gaussian,0.95,2023-09-12,2024-09-13,-0.0011107286893539913,0.006764434862371614,0.008669424698595283,False
2024-09-17,Historical,0.95,2023-09-13,2024-09-16,0.0008193033461168249,0.007559136959096561,0.009595741287728254,False
2024-09-17,Gaussian,0.95,2023-09-13,2024-09-16,0.0008193033461168249,0.0067515670762667715,0.008655782954172665,False
2024-09-18,Historical,0.95,2023-09-14,2024-09-17,0.00542868779046305,0.007559136959096561,0.009595741287728254,False
2024-09-18,Gaussian,0.95,2023-09-14,2024-09-17,0.00542868779046305,0.00675609693797826,0.008660654114632198,False
2024-09-19,Historical,0.95,2023-09-15,2024-09-18,-0.01019807995595855,0.007559136959096561,0.009595741287728254,False
2024-09-19,Gaussian,0.95,2023-09-15,2024-09-18,-0.01019807995595855,0.0068066808858828,0.008711906016299014,False
2024-09-20,Historical,0.95,2023-09-18,2024-09-19,0.0003463948569293499,0.007559136959096561,0.009595741287728254,False
2024-09-20,Gaussian,0.95,2023-09-18,2024-09-19,0.0003463948569293499,0.006825165116953759,0.008746381155305568,False
2024-09-23,Historical,0.95,2023-09-19,2024-09-20,-0.0019371848790557498,0.007559136959096561,0.009595741287728254,False
2024-09-23,Gaussian,0.95,2023-09-19,2024-09-20,-0.0019371848790557498,0.0068269902099133035,0.008748320584779779,False
2024-09-24,Historical,0.95,2023-09-20,2024-09-23,-0.005098810385554876,0.007559136959096561,0.009595741287728254,False
2024-09-24,Gaussian,0.95,2023-09-20,2024-09-23,-0.005098810385554876,0.006811022804216152,0.008731737127636509,False
2024-09-25,Historical,0.95,2023-09-21,2024-09-24,0.002251913220670175,0.007559136959096561,0.009595741287728254,False
2024-09-25,Gaussian,0.95,2023-09-21,2024-09-24,0.002251913220670175,0.006803614871857134,0.008727651239077452,False
2024-09-26,Historical,0.95,2023-09-22,2024-09-25,-0.0025927886843002002,0.007528286914571662,0.009445780560540556,False
2024-09-26,Gaussian,0.95,2023-09-22,2024-09-25,-0.0025927886843002002,0.006705257406058147,0.008611660725639892,False
2024-09-27,Historical,0.95,2023-09-25,2024-09-26,0.00021903626861122466,0.007528286914571662,0.009445780560540556,False
2024-09-27,Gaussian,0.95,2023-09-25,2024-09-26,0.00021903626861122466,0.006702475153083847,0.008609407745035763,False
2024-09-30,Historical,0.95,2023-09-26,2024-09-27,0.004144560851384475,0.007528286914571662,0.009445780560540556,False
2024-09-30,Gaussian,0.95,2023-09-26,2024-09-27,0.004144560851384475,0.006670576039625387,0.00857331803673614,False
2024-10-01,Historical,0.95,2023-09-27,2024-09-30,-0.0024064390100682997,0.007528286914571662,0.009445780560540556,False
2024-10-01,Gaussian,0.95,2023-09-27,2024-09-30,-0.0024064390100682997,0.006651281412007309,0.008550709813201664,False
2024-10-02,Historical,0.95,2023-09-28,2024-10-01,0.000198505854384275,0.007528286914571662,0.009445780560540556,False
2024-10-02,Gaussian,0.95,2023-09-28,2024-10-01,0.000198505854384275,0.006595858497882311,0.008488954176296033,False
2024-10-03,Historical,0.95,2023-09-29,2024-10-02,0.00212330922124405,0.007528286914571662,0.009445780560540556,False
2024-10-03,Gaussian,0.95,2023-09-29,2024-10-02,0.00212330922124405,0.006602153428761405,0.00849543238707679,False
2024-10-04,Historical,0.95,2023-10-02,2024-10-03,0.0007263085009301248,0.007528286914571662,0.009445780560540556,False
2024-10-04,Gaussian,0.95,2023-10-02,2024-10-03,0.0007263085009301248,0.006594400101176943,0.00848658775586153,False
2024-10-07,Historical,0.95,2023-10-03,2024-10-04,0.00345606100680885,0.007382742082673225,0.009421298425554867,False
2024-10-07,Gaussian,0.95,2023-10-03,2024-10-04,0.00345606100680885,0.006512408135199573,0.008390988307234918,False
2024-10-08,Historical,0.95,2023-10-04,2024-10-07,0.0026147321580719,0.007144823257860807,0.00939404238303944,False
2024-10-08,Gaussian,0.95,2023-10-04,2024-10-07,0.0026147321580719,0.006457051131869396,0.008325754367597258,False
2024-10-09,Historical,0.95,2023-10-05,2024-10-08,-0.00110203736327265,0.007144823257860807,0.00939404238303944,False
2024-10-09,Gaussian,0.95,2023-10-05,2024-10-08,-0.00110203736327265,0.006482760061269118,0.008353658055045123,False
2024-10-10,Historical,0.95,2023-10-06,2024-10-09,-0.0011101599771976252,0.007144823257860807,0.00939404238303944,False
2024-10-10,Gaussian,0.95,2023-10-06,2024-10-09,-0.0011101599771976252,0.006482381540937751,0.008353285949660273,False
2024-10-11,Historical,0.95,2023-10-09,2024-10-10,-0.0048051205369991756,0.007144823257860807,0.00939404238303944,False
2024-10-11,Gaussian,0.95,2023-10-09,2024-10-10,-0.0048051205369991756,0.006486602279529368,0.008355413149403367,False
2024-10-14,Historical,0.95,2023-10-10,2024-10-11,-0.0022574950170108,0.007144823257860807,0.00939404238303944,False
2024-10-14,Gaussian,0.95,2023-10-10,2024-10-11,-0.0022574950170108,0.006463493123778468,0.008321881873180576,False
2024-10-15,Historical,0.95,2023-10-11,2024-10-14,0.001063513274001125,0.007144823257860807,0.00939404238303944,False
2024-10-15,Gaussian,0.95,2023-10-11,2024-10-14,0.001063513274001125,0.006463275442940788,0.008318896017207464,False
2024-10-16,Historical,0.95,2023-10-12,2024-10-15,-0.00522844230485865,0.007144823257860807,0.00939404238303944,False
2024-10-16,Gaussian,0.95,2023-10-12,2024-10-15,-0.00522844230485865,0.006478725858565576,0.00833312271847182,False
2024-10-17,Historical,0.95,2023-10-13,2024-10-16,-0.0018375697026489998,0.007144823257860807,0.00939404238303944,False
2024-10-17,Gaussian,0.95,2023-10-13,2024-10-16,-0.0018375697026489998,0.006439682203291007,0.008293450350278172,False
2024-10-18,Historical,0.95,2023-10-16,2024-10-17,-0.003135325114800475,0.007144823257860807,0.00939404238303944,False
2024-10-18,Gaussian,0.95,2023-10-16,2024-10-17,-0.003135325114800475,0.006433320146428153,0.008280324156995969,False
2024-10-21,Historical,0.95,2023-10-17,2024-10-18,0.0036330905576224,0.007144823257860807,0.00939404238303944,False
2024-10-21,Gaussian,0.95,2023-10-17,2024-10-18,0.0036330905576224,0.006428586688569508,0.00827658596682684,False
2024-10-22,Historical,0.95,2023-10-18,2024-10-21,-0.001990133138056725,0.007144823257860807,0.00939404238303944,False
2024-10-22,Gaussian,0.95,2023-10-18,2024-10-21,-0.001990133138056725,0.006454387703415716,0.008305811500106845,False
2024-10-23,Historical,0.95,2023-10-19,2024-10-22,0.007330415763632025,0.007144823257860807,0.00939404238303944,True
2024-10-23,Gaussian,0.95,2023-10-19,2024-10-22,0.007330415763632025,0.0064167401258591415,0.008264424409793558,True
2024-10-24,Historical,0.95,2023-10-20,2024-10-23,-0.003340031074131125,0.0072812385725226575,0.009402448740494031,False
2024-10-24,Gaussian,0.95,2023-10-20,2024-10-23,-0.003340031074131125,0.006470901967748754,0.00832814690605893,False
2024-10-25,Historical,0.95,2023-10-23,2024-10-24,0.000735508411330725,0.0072812385725226575,0.009402448740494031,False
2024-10-25,Gaussian,0.95,2023-10-23,2024-10-24,0.000735508411330725,0.006425760251815089,0.008279249023135727,False
2024-10-28,Historical,0.95,2023-10-24,2024-10-25,-0.0012084204922544915,0.0072812385725226575,0.009402448740494031,False
2024-10-28,Gaussian,0.95,2023-10-24,2024-10-25,-0.0012084204922544915,0.006423921354842873,0.008277226102021841,False
2024-10-29,Historical,0.95,2023-10-25,2024-10-28,-0.0012414934360452498,0.0072812385725226575,0.009402448740494031,False
2024-10-29,Gaussian,0.95,2023-10-25,2024-10-28,-0.0012414934360452498,0.0064275236448183256,0.008280187975572529,False
2024-10-30,Historical,0.95,2023-10-26,2024-10-29,0.0016430778535318,0.0072812385725226575,0.009402448740494031,False
2024-10-30,Gaussian,0.95,2023-10-26,2024-10-29,0.0016430778535318,0.006390119020165715,0.008238499213306882,False
2024-10-31,Historical,0.95,2023-10-27,2024-10-30,0.010176212895971249,0.0072812385725226575,0.009402448740494031,True
2024-10-31,Gaussian,0.95,2023-10-27,2024-10-30,0.010176212895971249,0.006381321841093975,0.00822851280512943,True
2024-11-01,Historical,0.95,2023-10-30,2024-10-31,-0.0005854830205898249,0.0074319192737825925,0.009621356212212433,False
2024-11-01,Gaussian,0.95,2023-10-30,2024-10-31,-0.0005854830205898249,0.006511773758362355,0.008381820064051252,False
2024-11-04,Historical,0.95,2023-10-31,2024-11-01,-0.00120192689624345,0.0074319192737825925,0.009621356212212433,False
2024-11-04,Gaussian,0.95,2023-10-31,2024-11-01,-0.00120192689624345,0.00651649465127649,0.008386305374019168,False
2024-11-05,Historical,0.95,2023-11-01,2024-11-04,-0.0034022669907276754,0.0074319192737825925,0.009621356212212433,False
2024-11-05,Gaussian,0.95,2023-11-01,2024-11-04,-0.0034022669907276754,0.0065086252421330225,0.008378134735737813,False
2024-11-06,Historical,0.95,2023-11-02,2024-11-05,0.004020797609623775,0.0074319192737825925,0.009621356212212433,False
2024-11-06,Gaussian,0.95,2023-11-02,2024-11-05,0.004020797609623775,0.006506054761032127,0.008372855790247324,False
2024-11-07,Historical,0.95,2023-11-03,2024-11-06,-0.0070917448009910995,0.0074319192737825925,0.009621356212212433,False
2024-11-07,Gaussian,0.95,2023-11-03,2024-11-06,-0.0070917448009910995,0.006510384984834361,0.008363389038428322,False
2024-11-08,Historical,0.95,2023-11-06,2024-11-07,0.002318698667864425,0.0074319192737825925,0.009621356212212433,False
2024-11-08,Gaussian,0.95,2023-11-06,2024-11-07,0.002318698667864425,0.006519690586122557,0.008377980984376341,False
2024-11-11,Historical,0.95,2023-11-07,2024-11-08,0.004680441891429575,0.0074319192737825925,0.009621356212212433,False
2024-11-11,Gaussian,0.95,2023-11-07,2024-11-08,0.004680441891429575,0.006513923034465919,0.008371392335522386,False
2024-11-12,Historical,0.95,2023-11-08,2024-11-11,0.007509519510403625,0.0074319192737825925,0.009621356212212433,True
2024-11-12,Gaussian,0.95,2023-11-08,2024-11-11,0.007509519510403625,0.00655816994438113,0.00842127226967555,True
2024-11-13,Historical,0.95,2023-11-09,2024-11-12,0.0024827836385369253,0.0075125159598298154,0.009621356212212433,False
2024-11-13,Gaussian,0.95,2023-11-09,2024-11-12,0.0024827836385369253,0.006628885472125205,0.008503857018773656,False
2024-11-14,Historical,0.95,2023-11-10,2024-11-13,0.00091821706289365,0.0075125159598298154,0.009621356212212433,False
2024-11-14,Gaussian,0.95,2023-11-10,2024-11-13,0.00091821706289365,0.006635484448689305,0.008511310980131196,False
2024-11-15,Historical,0.95,2023-11-13,2024-11-14,0.003872100635804375,0.0075125159598298154,0.009621356212212433,False
2024-11-15,Gaussian,0.95,2023-11-13,2024-11-14,0.003872100635804375,0.006629700699909769,0.008504890581914809,False
2024-11-18,Historical,0.95,2023-11-14,2024-11-15,-0.0077139909538894245,0.0075125159598298154,0.009621356212212433,False
2024-11-18,Gaussian,0.95,2023-11-14,2024-11-15,-0.0077139909538894245,0.006669177068272963,0.008547147048312827,False
2024-11-19,Historical,0.95,2023-11-15,2024-11-18,-0.0034477496291681004,0.0075125159598298154,0.009621356212212433,False
2024-11-19,Gaussian,0.95,2023-11-15,2024-11-18,-0.0034477496291681004,0.006637600011437992,0.008503953179131904,False
2024-11-20,Historical,0.95,2023-11-16,2024-11-19,-0.0006109949445541739,0.0075125159598298154,0.009621356212212433,False
2024-11-20,Gaussian,0.95,2023-11-16,2024-11-19,-0.0006109949445541739,0.0066253592274128645,0.008492763256986809,False
2024-11-21,Historical,0.95,2023-11-17,2024-11-20,-0.0052715673321906496,0.0075125159598298154,0.009621356212212433,False
2024-11-21,Gaussian,0.95,2023-11-17,2024-11-20,-0.0052715673321906496,0.006630536928204829,0.008497373085725932,False
2024-11-22,Historical,0.95,2023-11-20,2024-11-21,-0.007710815800096025,0.0075125159598298154,0.009621356212212433,False
2024-11-22,Gaussian,0.95,2023-11-20,2024-11-21,-0.007710815800096025,0.006633024691146644,0.008502188616114374,False
2024-11-25,Historical,0.95,2023-11-21,2024-11-22,0.0030162814296780245,0.0075125159598298154,0.009621356212212433,False
2024-11-25,Gaussian,0.95,2023-11-21,2024-11-22,0.0030162814296780245,0.006643654379608084,0.008521802051417204,False
2024-11-26,Historical,0.95,2023-11-22,2024-11-25,-0.00038862430802995003,0.0075125159598298154,0.009621356212212433,False
2024-11-26,Gaussian,0.95,2023-11-22,2024-11-25,-0.00038862430802995003,0.006672990837448648,0.008553455462811525,False
2024-11-27,Historical,0.95,2023-11-24,2024-11-26,-0.0011020094226364995,0.0075125159598298154,0.009621356212212433,False
2024-11-27,Gaussian,0.95,2023-11-24,2024-11-26,-0.0011020094226364995,0.0066681249392722556,0.008548305983559951,False
2024-11-29,Historical,0.95,2023-11-27,2024-11-27,-0.00499071457918775,0.0075125159598298154,0.009621356212212433,False
2024-11-29,Gaussian,0.95,2023-11-27,2024-11-27,-0.00499071457918775,0.006666941540708378,0.008547147460446046,False
2024-12-02,Historical,0.95,2023-11-28,2024-11-29,0.0008253341035151221,0.0075125159598298154,0.009621356212212433,False
2024-12-02,Gaussian,0.95,2023-11-28,2024-11-29,0.0008253341035151221,0.006667420195941639,0.008550609553339791,False
2024-12-03,Historical,0.95,2023-11-29,2024-12-02,-0.00130313161795405,0.0075125159598298154,0.009621356212212433,False
2024-12-03,Gaussian,0.95,2023-11-29,2024-12-02,-0.00130313161795405,0.006680116957400332,0.008561124235308363,False
2024-12-04,Historical,0.95,2023-11-30,2024-12-03,-0.0025167128237855753,0.0075125159598298154,0.009621356212212433,False
2024-12-04,Gaussian,0.95,2023-11-30,2024-12-03,-0.0025167128237855753,0.006676590432228498,0.008557637722809134,False
2024-12-05,Historical,0.95,2023-12-01,2024-12-04,0.00193531297698785,0.0075125159598298154,0.009621356212212433,False
2024-12-05,Gaussian,0.95,2023-12-01,2024-12-04,0.00193531297698785,0.006666869176226001,0.008548309732363321,False
2024-12-06,Historical,0.95,2023-12-04,2024-12-05,-0.0002845319016954749,0.0075125159598298154,0.009621356212212433,False
2024-12-06,Gaussian,0.95,2023-12-04,2024-12-05,-0.0002845319016954749,0.006649301235318908,0.00851345899965498,False
2024-12-09,Historical,0.95,2023-12-05,2024-12-06,-0.0013868283416776247,0.007428922824356402,0.009557723794310764,False
2024-12-09,Gaussian,0.95,2023-12-05,2024-12-06,-0.0013868283416776247,0.006554156788648388,0.00840290462952396,False
2024-12-10,Historical,0.95,2023-12-06,2024-12-09,4.37074661668751e-05,0.007428922824356402,0.009557723794310764,False
2024-12-10,Gaussian,0.95,2023-12-06,2024-12-09,4.37074661668751e-05,0.006548040364890103,0.00839674239937632,False
2024-12-11,Historical,0.95,2023-12-07,2024-12-10,-0.004326332571890775,0.007428922824356402,0.009557723794310764,False
2024-12-11,Gaussian,0.95,2023-12-07,2024-12-10,-0.004326332571890775,0.006555074210015858,0.008403655537381838,False
2024-12-12,Historical,0.95,2023-12-08,2024-12-11,0.005664733022916125,0.007428922824356402,0.009557723794310764,False
2024-12-12,Gaussian,0.95,2023-12-08,2024-12-11,0.005664733022916125,0.0065541831284957565,0.008404923906314947,False
2024-12-13,Historical,0.95,2023-12-11,2024-12-12,0.004544025376414475,0.007428922824356402,0.009557723794310764,False
2024-12-13,Gaussian,0.95,2023-12-11,2024-12-12,0.004544025376414475,0.006588909991517528,0.008445324387191066,False
2024-12-16,Historical,0.95,2023-12-12,2024-12-13,-0.00048309284187212503,0.007428922824356402,0.009557723794310764,False
2024-12-16,Gaussian,0.95,2023-12-12,2024-12-13,-0.00048309284187212503,0.006613576156653761,0.008473743462741714,False
2024-12-17,Historical,0.95,2023-12-13,2024-12-16,0.003949941037175275,0.007428922824356402,0.009557723794310764,False
2024-12-17,Gaussian,0.95,2023-12-13,2024-12-16,0.003949941037175275,0.006617146348525945,0.008477211502735414,False
2024-12-18,Historical,0.95,2023-12-14,2024-12-17,0.0139828207946751,0.007428922824356402,0.009557723794310764,True
2024-12-18,Gaussian,0.95,2023-12-14,2024-12-17,0.0139828207946751,0.0065879915399403716,0.008423471060259657,True
2024-12-19,Historical,0.95,2023-12-15,2024-12-18,0.0038538507586947496,0.0075125159598298154,0.01005567004694703,False
2024-12-19,Gaussian,0.95,2023-12-15,2024-12-18,0.0038538507586947496,0.00679655960117257,0.008663155749928302,False
2024-12-20,Historical,0.95,2023-12-18,2024-12-19,-0.005608549217580425,0.0075125159598298154,0.01005567004694703,False
2024-12-20,Gaussian,0.95,2023-12-18,2024-12-19,-0.005608549217580425,0.006784843671578842,0.008649518165918177,False
2024-12-23,Historical,0.95,2023-12-19,2024-12-20,-9.753430678657491e-05,0.0075125159598298154,0.01005567004694703,False
2024-12-23,Gaussian,0.95,2023-12-19,2024-12-20,-9.753430678657491e-05,0.006788843079031376,0.008657205885283622,False
2024-12-24,Historical,0.95,2023-12-20,2024-12-23,-0.00445256056502865,0.0075125159598298154,0.01005567004694703,False
2024-12-24,Gaussian,0.95,2023-12-20,2024-12-23,-0.00445256056502865,0.006795272801567922,0.008660885374846836,False
2024-12-27,Historical,0.95,2023-12-21,2024-12-24,0.002973135451051675,0.0075125159598298154,0.01005567004694703,False
2024-12-27,Gaussian,0.95,2023-12-21,2024-12-24,0.002973135451051675,0.006781143871498592,0.008648977002257965,False
2024-12-30,Historical,0.95,2023-12-22,2024-12-27,0.0028902101994514747,0.0075125159598298154,0.01005567004694703,False
2024-12-30,Gaussian,0.95,2023-12-22,2024-12-27,0.0028902101994514747,0.006809902173910084,0.00867869325247569,False
2024-12-31,Historical,0.95,2023-12-27,2024-12-30,-0.0016290974451369004,0.0075125159598298154,0.01005567004694703,False
2024-12-31,Gaussian,0.95,2023-12-27,2024-12-30,-0.0016290974451369004,0.006835135909996855,0.00870599726391555,False
2025-01-02,Historical,0.95,2023-12-28,2024-12-31,-0.005640422727931925,0.0075125159598298154,0.01005567004694703,False
2025-01-02,Gaussian,0.95,2023-12-28,2024-12-31,-0.005640422727931925,0.006823710731936074,0.008685740764032448,False
2025-01-03,Historical,0.95,2023-12-29,2025-01-02,0.0003149833947995997,0.0075125159598298154,0.01005567004694703,False
2025-01-03,Gaussian,0.95,2023-12-29,2025-01-02,0.0003149833947995997,0.006804715782348324,0.008670079864797441,False
2025-01-06,Historical,0.95,2024-01-02,2025-01-03,-0.00161412272409335,0.0075125159598298154,0.01005567004694703,False
2025-01-06,Gaussian,0.95,2024-01-02,2025-01-03,-0.00161412272409335,0.00679827259089326,0.008663081451510348,False
2025-01-07,Historical,0.95,2024-01-03,2025-01-06,0.0026390960770739003,0.0075125159598298154,0.01005567004694703,False
2025-01-07,Gaussian,0.95,2024-01-03,2025-01-06,0.0026390960770739003,0.0067683100164309,0.00863051649927359,False
2025-01-08,Historical,0.95,2024-01-04,2025-01-07,-0.002327381543485825,0.0075125159598298154,0.01005567004694703,False
2025-01-08,Gaussian,0.95,2024-01-04,2025-01-07,-0.002327381543485825,0.006746418935258774,0.008605218046839495,False
2025-01-10,Historical,0.95,2024-01-05,2025-01-08,0.0033596896601071503,0.0075125159598298154,0.01005567004694703,False
2025-01-10,Gaussian,0.95,2024-01-05,2025-01-08,0.0033596896601071503,0.006734870900792955,0.00859389854444738,False
2025-01-13,Historical,0.95,2024-01-08,2025-01-10,0.0032684160099071247,0.0075125159598298154,0.01005567004694703,False
2025-01-13,Gaussian,0.95,2024-01-08,2025-01-10,0.0032684160099071247,0.006750593467196755,0.008611728471939644,False
2025-01-14,Historical,0.95,2024-01-09,2025-01-13,-0.0009911046631058248,0.0075125159598298154,0.01005567004694703,False
2025-01-14,Gaussian,0.95,2024-01-09,2025-01-13,-0.0009911046631058248,0.006781842665494859,0.008644990131495783,False
2025-01-15,Historical,0.95,2024-01-10,2025-01-14,-0.012118083429413125,0.0075125159598298154,0.01005567004694703,False
2025-01-15,Gaussian,0.95,2024-01-10,2025-01-14,-0.012118083429413125,0.006773899542107074,0.008636773694049225,False
2025-01-16,Historical,0.95,2024-01-11,2025-01-15,-0.00453093850993075,0.0075125159598298154,0.01005567004694703,False
2025-01-16,Gaussian,0.95,2024-01-11,2025-01-15,-0.00453093850993075,0.006819927875665413,0.008707413990292838,False
2025-01-17,Historical,0.95,2024-01-12,2025-01-16,-0.004735628996731574,0.0075125159598298154,0.01005567004694703,False
2025-01-17,Gaussian,0.95,2024-01-12,2025-01-16,-0.004735628996731574,0.00680832908238112,0.00869828136072522,False
2025-01-21,Historical,0.95,2024-01-16,2025-01-17,-0.0081685185860235,0.0075125159598298154,0.01005567004694703,False
2025-01-21,Gaussian,0.95,2024-01-16,2025-01-17,-0.0081685185860235,0.00680796511686556,0.008697650541442243,False
2025-01-22,Historical,0.95,2024-01-17,2025-01-21,-0.0020779666429995253,0.007428922824356402,0.0100552509631112,False
2025-01-22,Gaussian,0.95,2024-01-17,2025-01-21,-0.0020779666429995253,0.006737549139624729,0.008625283018026697,False
2025-01-23,Historical,0.95,2024-01-18,2025-01-22,-0.0009142736814493,0.0072812385725226575,0.00995184686387192,False
2025-01-23,Gaussian,0.95,2024-01-18,2025-01-22,-0.0009142736814493,0.006631170133555853,0.00850280586577253,False
2025-01-24,Historical,0.95,2024-01-19,2025-01-23,0.0004773828266543249,0.0072812385725226575,0.00995184686387192,False
2025-01-24,Gaussian,0.95,2024-01-19,2025-01-23,0.0004773828266543249,0.006635520415153386,0.00850498600050827,False
2025-01-27,Historical,0.95,2024-01-22,2025-01-24,0.004586010801619875,0.0072812385725226575,0.00995184686387192,False
2025-01-27,Gaussian,0.95,2024-01-22,2025-01-24,0.004586010801619875,0.006646550937004424,0.008514324091362668,False
2025-01-28,Historical,0.95,2024-01-23,2025-01-27,-0.005383238445116401,0.0072812385725226575,0.00995184686387192,False
2025-01-28,Gaussian,0.95,2024-01-23,2025-01-27,-0.005383238445116401,0.00669018234759907,0.008563127465498567,False
2025-01-29,Historical,0.95,2024-01-24,2025-01-28,0.0017251084628128,0.0072812385725226575,0.00995184686387192,False
2025-01-29,Gaussian,0.95,2024-01-24,2025-01-28,0.0017251084628128,0.0066888135928229045,0.008565856660126483,False
2025-01-30,Historical,0.95,2024-01-25,2025-01-29,-0.0082459622379339,0.0072812385725226575,0.00995184686387192,False
2025-01-30,Gaussian,0.95,2024-01-25,2025-01-29,-0.0082459622379339,0.006692808547844033,0.008570299012058974,False
2025-01-31,Historical,0.95,2024-01-26,2025-01-30,0.000386617659651975,0.0072812385725226575,0.00995184686387192,False
2025-01-31,Gaussian,0.95,2024-01-26,2025-01-30,0.000386617659651975,0.006709783566893468,0.00859645361701244,False
2025-02-03,Historical,0.95,2024-01-29,2025-01-31,0.0029953699060209504,0.0072812385725226575,0.00995184686387192,False
2025-02-03,Gaussian,0.95,2024-01-29,2025-01-31,0.0029953699060209504,0.006720132912625614,0.008606279236819645,False
2025-02-04,Historical,0.95,2024-01-30,2025-02-03,-0.004515192119636699,0.0072812385725226575,0.00995184686387192,False
2025-02-04,Gaussian,0.95,2024-01-30,2025-02-03,-0.004515192119636699,0.006748259773175571,0.008633349804313658,False
2025-02-05,Historical,0.95,2024-01-31,2025-02-04,-0.005512198229274225,0.0072812385725226575,0.00995184686387192,False
2025-02-05,Gaussian,0.95,2024-01-31,2025-02-04,-0.005512198229274225,0.006746843904768482,0.008634500232551462,False
2025-02-06,Historical,0.95,2024-02-01,2025-02-05,-0.0029696822510570002,0.0072812385725226575,0.00995184686387192,False
2025-02-06,Gaussian,0.95,2024-02-01,2025-02-05,-0.0029696822510570002,0.006716952114194815,0.008605954621882142,False
2025-02-07,Historical,0.95,2024-02-02,2025-02-06,0.003517125436518875,0.0072812385725226575,0.00995184686387192,False
2025-02-07,Gaussian,0.95,2024-02-02,2025-02-06,0.003517125436518875,0.006707876026154319,0.008590480576435203,False
2025-02-10,Historical,0.95,2024-02-05,2025-02-07,-0.007792754038962475,0.0072812385725226575,0.00995184686387192,False
2025-02-10,Gaussian,0.95,2024-02-05,2025-02-07,-0.007792754038962475,0.006711366838155925,0.00859450088769991,False
2025-02-11,Historical,0.95,2024-02-06,2025-02-10,0.0011985690520749,0.0072812385725226575,0.00995184686387192,False
2025-02-11,Gaussian,0.95,2024-02-06,2025-02-10,0.0011985690520749,0.006676476189176599,0.008563434525325661,False
2025-02-12,Historical,0.95,2024-02-07,2025-02-11,0.0012873595394692502,0.0072812385725226575,0.00995184686387192,False
2025-02-12,Gaussian,0.95,2024-02-07,2025-02-11,0.0012873595394692502,0.006689510476766786,0.008573006293489806,False
2025-02-13,Historical,0.95,2024-02-08,2025-02-12,-0.0057303509355956005,0.0072812385725226575,0.00995184686387192,False
2025-02-13,Gaussian,0.95,2024-02-08,2025-02-12,-0.0057303509355956005,0.006696452767100495,0.008580558150160135,False
2025-02-14,Historical,0.95,2024-02-09,2025-02-13,0.0036051919582010617,0.0072812385725226575,0.00995184686387192,False
2025-02-14,Gaussian,0.95,2024-02-09,2025-02-13,0.0036051919582010617,0.006678392690309496,0.00856575533838573,False
2025-02-18,Historical,0.95,2024-02-12,2025-02-14,-0.004391093700100724,0.0072812385725226575,0.00995184686387192,False
2025-02-18,Gaussian,0.95,2024-02-12,2025-02-14,-0.004391093700100724,0.006702093993980892,0.008592562340229403,False
2025-02-19,Historical,0.95,2024-02-13,2025-02-18,0.0004088521805895249,0.0072812385725226575,0.00995184686387192,False
2025-02-19,Gaussian,0.95,2024-02-13,2025-02-18,0.0004088521805895249,0.006690382228275437,0.00858296311864595,False
2025-02-20,Historical,0.95,2024-02-14,2025-02-19,0.0018637999029896,0.007144823257860807,0.009611819742252455,False
2025-02-20,Gaussian,0.95,2024-02-14,2025-02-19,0.0018637999029896,0.006533084502111657,0.008397119592393424,False
2025-02-21,Historical,0.95,2024-02-15,2025-02-20,0.0031246169081680496,0.007144823257860807,0.009611819742252455,False
2025-02-21,Gaussian,0.95,2024-02-15,2025-02-20,0.0031246169081680496,0.0065525234316726605,0.008414472995335279,False
2025-02-24,Historical,0.95,2024-02-16,2025-02-21,-0.0006371249464128591,0.007144823257860807,0.009611819742252455,False
2025-02-24,Gaussian,0.95,2024-02-16,2025-02-21,-0.0006371249464128591,0.006583340972779246,0.008445077099688393,False
2025-02-25,Historical,0.95,2024-02-20,2025-02-24,0.00221697354669855,0.007144823257860807,0.009611819742252455,False
2025-02-25,Gaussian,0.95,2024-02-20,2025-02-24,0.00221697354669855,0.006588336623627473,0.008449566832756366,False
2025-02-26,Historical,0.95,2024-02-21,2025-02-25,-0.0029134041846424754,0.007144823257860807,0.009611819742252455,False
2025-02-26,Gaussian,0.95,2024-02-21,2025-02-25,-0.0029134041846424754,0.006606388661388001,0.008469256356242613,False
2025-02-27,Historical,0.95,2024-02-22,2025-02-26,0.0073586269272696,0.007144823257860807,0.009611819742252455,True
2025-02-27,Gaussian,0.95,2024-02-22,2025-02-26,0.0073586269272696,0.006582161271340918,0.008444177733501038,True
2025-02-28,Historical,0.95,2024-02-23,2025-02-27,-0.0052958526576869,0.0072812385725226575,0.00962239618921763,False
2025-02-28,Gaussian,0.95,2024-02-23,2025-02-27,-0.0052958526576869,0.006662749884881379,0.0085315305294485,False
2025-03-03,Historical,0.95,2024-02-26,2025-02-28,-0.001551451467330725,0.0072812385725226575,0.00962239618921763,False
2025-03-03,Gaussian,0.95,2024-02-26,2025-02-28,-0.001551451467330725,0.006665380126616998,0.00853679872678691,False
2025-03-04,Historical,0.95,2024-02-27,2025-03-03,0.004835206637816525,0.0072812385725226575,0.00962239618921763,False
2025-03-04,Gaussian,0.95,2024-02-27,2025-03-03,0.004835206637816525,0.006641311767635568,0.008510823562732014,False
2025-03-05,Historical,0.95,2024-02-28,2025-03-04,-0.0018253515742528252,0.0072812385725226575,0.00962239618921763,False
2025-03-05,Gaussian,0.95,2024-02-28,2025-03-04,-0.0018253515742528252,0.006680575407269984,0.008555596044547358,False
2025-03-06,Historical,0.95,2024-02-29,2025-03-05,0.007941537498318375,0.0072812385725226575,0.00962239618921763,True
2025-03-06,Gaussian,0.95,2024-02-29,2025-03-05,0.007941537498318375,0.006668427279465528,0.008543174317658315,True
2025-03-07,Historical,0.95,2024-03-01,2025-03-06,-0.001109731050583675,0.00734593190363269,0.009669405553424272,False
2025-03-07,Gaussian,0.95,2024-03-01,2025-03-06,-0.001109731050583675,0.006763033595386903,0.008650427925825767,False
2025-03-10,Historical,0.95,2024-03-04,2025-03-07,0.009479748779737524,0.00734593190363269,0.009669405553424272,True
2025-03-10,Gaussian,0.95,2024-03-04,2025-03-07,0.009479748779737524,0.006738417400740738,0.008610939665620508,True
2025-03-11,Historical,0.95,2024-03-05,2025-03-10,0.0028833637756115506,0.007441617847993311,0.009832568772844882,False
2025-03-11,Gaussian,0.95,2024-03-05,2025-03-10,0.0028833637756115506,0.006857194903048898,0.008748413118696428,False
2025-03-12,Historical,0.95,2024-03-06,2025-03-11,-0.002893522993847675,0.007441617847993311,0.009832568772844882,False
2025-03-12,Gaussian,0.95,2024-03-06,2025-03-11,-0.002893522993847675,0.006880226434776973,0.00877366516622635,False
2025-03-13,Historical,0.95,2024-03-07,2025-03-12,-0.002019097924807775,0.007441617847993311,0.009832568772844882,False
2025-03-13,Gaussian,0.95,2024-03-07,2025-03-12,-0.002019097924807775,0.006878201895764484,0.00876895725876716,False
2025-03-14,Historical,0.95,2024-03-08,2025-03-13,-0.0071713188749193,0.007441617847993311,0.009832568772844882,False
2025-03-14,Gaussian,0.95,2024-03-08,2025-03-13,-0.0071713188749193,0.006877636422882632,0.008765373750570724,False
2025-03-17,Historical,0.95,2024-03-11,2025-03-14,-0.0045592314942764,0.007441617847993311,0.009832568772844882,False
2025-03-17,Gaussian,0.95,2024-03-11,2025-03-14,-0.0045592314942764,0.006878470393155143,0.008774114374073208,False
2025-03-18,Historical,0.95,2024-03-12,2025-03-17,-0.0012626086268383752,0.007441617847993311,0.009832568772844882,False
2025-03-18,Gaussian,0.95,2024-03-12,2025-03-17,-0.0012626086268383752,0.006872247366284246,0.008770767319415625,False
2025-03-19,Historical,0.95,2024-03-13,2025-03-18,-0.0045354357414537,0.007441617847993311,0.009832568772844882,False
2025-03-19,Gaussian,0.95,2024-03-13,2025-03-18,-0.0045354357414537,0.006873195269066491,0.008771610805821336,False
2025-03-20,Historical,0.95,2024-03-14,2025-03-19,0.0006327269712413,0.007441617847993311,0.009832568772844882,False
2025-03-20,Gaussian,0.95,2024-03-14,2025-03-19,0.0006327269712413,0.006871701559132107,0.008772818244249093,False
2025-03-21,Historical,0.95,2024-03-15,2025-03-20,0.0036025090672722245,0.007441617847993311,0.009832568772844882,False
2025-03-21,Gaussian,0.95,2024-03-15,2025-03-20,0.0036025090672722245,0.006837792109884102,0.008734271031273428,False
2025-03-24,Historical,0.95,2024-03-18,2025-03-21,-0.0015968772474395246,0.007441617847993311,0.009832568772844882,False
2025-03-24,Gaussian,0.95,2024-03-18,2025-03-21,-0.0015968772474395246,0.0068402527949788395,0.008737106180060617,False
2025-03-25,Historical,0.95,2024-03-19,2025-03-24,-0.002663810875152425,0.007441617847993311,0.009832568772844882,False
2025-03-25,Gaussian,0.95,2024-03-19,2025-03-24,-0.002663810875152425,0.006840079476741936,0.008736955646961666,False
2025-03-26,Historical,0.95,2024-03-20,2025-03-25,0.0028324553151038,0.007441617847993311,0.009832568772844882,False
2025-03-26,Gaussian,0.95,2024-03-20,2025-03-25,0.0028324553151038,0.006839689494893893,0.008736780693371296,False
2025-03-27,Historical,0.95,2024-03-21,2025-03-26,-0.0016367268003940252,0.007441617847993311,0.009832568772844882,False
2025-03-27,Gaussian,0.95,2024-03-21,2025-03-26,-0.0016367268003940252,0.006863383375990668,0.008757761215861932,False
2025-03-28,Historical,0.95,2024-03-22,2025-03-27,0.0012747261895015003,0.007441617847993311,0.009832568772844882,False
2025-03-28,Gaussian,0.95,2024-03-22,2025-03-27,0.0012747261895015003,0.006862729851830802,0.008753252190339083,False
2025-03-31,Historical,0.95,2024-03-25,2025-03-28,-0.003514391438114,0.007441617847993311,0.009832568772844882,False
2025-03-31,Gaussian,0.95,2024-03-25,2025-03-28,-0.003514391438114,0.006871901469584132,0.008763052967644295,False
2025-04-01,Historical,0.95,2024-03-26,2025-03-31,-0.0028437442764812,0.007441617847993311,0.009832568772844882,False
2025-04-01,Gaussian,0.95,2024-03-26,2025-03-31,-0.0028437442764812,0.006858004605252968,0.008750259590351207,False
2025-04-02,Historical,0.95,2024-03-27,2025-04-01,-0.001197652307628375,0.007441617847993311,0.009832568772844882,False
2025-04-02,Gaussian,0.95,2024-03-27,2025-04-01,-0.001197652307628375,0.006853861393011715,0.008747035901891305,False
2025-04-03,Historical,0.95,2024-03-28,2025-04-02,0.014923589277575325,0.007441617847993311,0.009832568772844882,True
2025-04-03,Gaussian,0.95,2024-03-28,2025-04-02,0.014923589277575325,0.0068552675190807506,0.008744983422442175,True
2025-04-04,Historical,0.95,2024-04-02,2025-04-03,0.03246543157345722,0.007525835274132051,0.010402881831858087,True
2025-04-04,Gaussian,0.95,2024-04-02,2025-04-03,0.03246543157345722,0.007095279694078617,0.00902682439844471,True
2025-04-07,Historical,0.95,2024-04-03,2025-04-04,0.019884591271907722,0.007592145406190793,0.012320285450172922,True
2025-04-07,Gaussian,0.95,2024-04-03,2025-04-04,0.019884591271907722,0.007965592302179919,0.0100845998861648,True
2025-04-08,Historical,0.95,2024-04-04,2025-04-07,-0.0029425047404237495,0.00763680297169615,0.01326252500741382,False
2025-04-08,Gaussian,0.95,2024-04-04,2025-04-07,-0.0029425047404237495,0.008314544664567016,0.010499115457843827,False
2025-04-09,Historical,0.95,2024-04-05,2025-04-08,-0.024945760211119473,0.00763680297169615,0.01326252500741382,False
2025-04-09,Gaussian,0.95,2024-04-05,2025-04-08,-0.024945760211119473,0.008292650205278697,0.010477137023372605,False
2025-04-10,Historical,0.95,2024-04-08,2025-04-09,-0.0035064821307247244,0.00763680297169615,0.01326252500741382,False
2025-04-10,Gaussian,0.95,2024-04-08,2025-04-09,-0.0035064821307247244,0.008574908838605956,0.010853022957057383,False
2025-04-11,Historical,0.95,2024-04-09,2025-04-10,-0.009493815135667525,0.00763680297169615,0.01326252500741382,False
2025-04-11,Gaussian,0.95,2024-04-09,2025-04-10,-0.009493815135667525,0.00857301773668156,0.010852263024351723,False
2025-04-14,Historical,0.95,2024-04-10,2025-04-11,-0.0079042732903153,0.00763680297169615,0.01326252500741382,False
2025-04-14,Gaussian,0.95,2024-04-10,2025-04-11,-0.0079042732903153,0.008592148909139431,0.01088340461138837,False
2025-04-15,Historical,0.95,2024-04-11,2025-04-14,-0.0051470628118711,0.00763680297169615,0.01326252500741382,False
2025-04-15,Gaussian,0.95,2024-04-11,2025-04-14,-0.0051470628118711,0.008529537115819599,0.010820256750343097,False
2025-04-16,Historical,0.95,2024-04-12,2025-04-15,-0.00442041835112625,0.00763680297169615,0.01326252500741382,False
2025-04-16,Gaussian,0.95,2024-04-12,2025-04-15,-0.00442041835112625,0.00852946308762449,0.01082011810253293,False
2025-04-17,Historical,0.95,2024-04-15,2025-04-16,0.0014738282126560563,0.00763680297169615,0.01326252500741382,False
2025-04-17,Gaussian,0.95,2024-04-15,2025-04-16,0.0014738282126560563,0.00849604080500755,0.010786404870240913,False
2025-04-22,Historical,0.95,2024-04-16,2025-04-17,-0.004750887269285801,0.00763680297169615,0.01326252500741382,False
2025-04-22,Gaussian,0.95,2024-04-16,2025-04-17,-0.004750887269285801,0.008499717097651701,0.010790395961828377,False
2025-04-23,Historical,0.95,2024-04-17,2025-04-22,-0.0006751690894112746,0.00763680297169615,0.01326252500741382,False
2025-04-23,Gaussian,0.95,2024-04-17,2025-04-22,-0.0006751690894112746,0.008444642464731924,0.010731994537268124,False
2025-04-24,Historical,0.95,2024-04-18,2025-04-23,-0.010180329126699798,0.00763680297169615,0.01326252500741382,False
2025-04-24,Gaussian,0.95,2024-04-18,2025-04-23,-0.010180329126699798,0.00843752923274157,0.010724591324551558,False
2025-04-25,Historical,0.95,2024-04-19,2025-04-24,-0.00031660080086352523,0.00763680297169615,0.01326252500741382,False
2025-04-25,Gaussian,0.95,2024-04-19,2025-04-24,-0.00031660080086352523,0.00845360410349119,0.010754730228751808,False
2025-04-28,Historical,0.95,2024-04-22,2025-04-25,-0.0047779080647673,0.00763680297169615,0.01326252500741382,False
2025-04-28,Gaussian,0.95,2024-04-22,2025-04-25,-0.0047779080647673,0.008449746086388174,0.010750704343340257,False
2025-04-29,Historical,0.95,2024-04-23,2025-04-28,-0.0012511316066615502,0.00763680297169615,0.01326252500741382,False
2025-04-29,Gaussian,0.95,2024-04-23,2025-04-28,-0.0012511316066615502,0.008441193440196709,0.010744745482980149,False
2025-04-30,Historical,0.95,2024-04-24,2025-04-29,0.00018207215434419988,0.00763680297169615,0.01326252500741382,False
2025-04-30,Gaussian,0.95,2024-04-24,2025-04-29,0.00018207215434419988,0.008445370273808043,0.01074784593607405,False
2025-05-01,Historical,0.95,2024-04-25,2025-04-30,0.004651122752866675,0.00763680297169615,0.01326252500741382,False
2025-05-01,Gaussian,0.95,2024-04-25,2025-04-30,0.004651122752866675,0.008439008102365197,0.010741014104806929,False
2025-05-02,Historical,0.95,2024-04-26,2025-05-01,-0.005371015901891975,0.00763680297169615,0.01326252500741382,False
2025-05-02,Gaussian,0.95,2024-04-26,2025-05-01,-0.005371015901891975,0.008476559226831033,0.010782780443412762,False
2025-05-06,Historical,0.95,2024-04-29,2025-05-02,-0.01138962754835715,0.00763680297169615,0.01326252500741382,False
2025-05-06,Gaussian,0.95,2024-04-29,2025-05-02,-0.01138962754835715,0.008475410329411685,0.010780769313471612,False
2025-05-07,Historical,0.95,2024-04-30,2025-05-06,0.0031100654049470255,0.00763680297169615,0.01326252500741382,False
2025-05-07,Gaussian,0.95,2024-04-30,2025-05-06,0.0031100654049470255,0.008504631436524844,0.010827443905591774,False
2025-05-08,Historical,0.95,2024-05-01,2025-05-07,0.006229638352548825,0.007592145406190793,0.013067088068579388,False
2025-05-08,Gaussian,0.95,2024-05-01,2025-05-07,0.006229638352548825,0.008414895321968346,0.010722091487243506,False
2025-05-09,Historical,0.95,2024-05-02,2025-05-08,-0.0025012202754382995,0.007592145406190793,0.013067088068579388,False
2025-05-09,Gaussian,0.95,2024-05-02,2025-05-08,-0.0025012202754382995,0.008474219482559858,0.010788434911044444,False
2025-05-12,Historical,0.95,2024-05-03,2025-05-09,-0.0009692675832384994,0.007592145406190793,0.013067088068579388,False
2025-05-12,Gaussian,0.95,2024-05-03,2025-05-09,-0.0009692675832384994,0.00847548819188892,0.010788243868527909,False
2025-05-13,Historical,0.95,2024-05-07,2025-05-12,-0.0026291588998704502,0.007592145406190793,0.013067088068579388,False
2025-05-13,Gaussian,0.95,2024-05-07,2025-05-12,-0.0026291588998704502,0.008479287465653622,0.010788313144520178,False
2025-05-14,Historical,0.95,2024-05-08,2025-05-13,0.006457622586729449,0.007592145406190793,0.013067088068579388,False
2025-05-14,Gaussian,0.95,2024-05-08,2025-05-13,0.006457622586729449,0.008468905585839624,0.010769527932645222,False
2025-05-15,Historical,0.95,2024-05-09,2025-05-14,-0.0080791742620923,0.007592145406190793,0.013067088068579388,False
2025-05-15,Gaussian,0.95,2024-05-09,2025-05-14,-0.0080791742620923,0.008523085754582493,0.010831136099434186,False
2025-05-16,Historical,0.95,2024-05-10,2025-05-15,-0.00028034030502090005,0.007592145406190793,0.013067088068579388,False
2025-05-16,Gaussian,0.95,2024-05-10,2025-05-15,-0.00028034030502090005,0.008528510979380125,0.010839248505698531,False
2025-05-19,Historical,0.95,2024-05-13,2025-05-16,-0.003729320750017875,0.007592145406190793,0.013067088068579388,False
2025-05-19,Gaussian,0.95,2024-05-13,2025-05-16,-0.003729320750017875,0.008536074083445571,0.010845771031561022,False
2025-05-20,Historical,0.95,2024-05-14,2025-05-19,-0.005716845669692876,0.007592145406190793,0.013067088068579388,False
2025-05-20,Gaussian,0.95,2024-05-14,2025-05-19,-0.005716845669692876,0.00850650206437233,0.010815647362627185,False
2025-05-21,Historical,0.95,2024-05-15,2025-05-20,0.003767793425994075,0.007592145406190793,0.013067088068579388,False
2025-05-21,Gaussian,0.95,2024-05-15,2025-05-20,0.003767793425994075,0.008508247563294448,0.010819130718282447,False
2025-05-22,Historical,0.95,2024-05-16,2025-05-21,0.0027301662973445748,0.007592145406190793,0.013067088068579388,False
2025-05-22,Gaussian,0.95,2024-05-16,2025-05-21,0.0027301662973445748,0.008530602757145083,0.010834650364715087,False
2025-05-23,Historical,0.95,2024-05-17,2025-05-22,-0.00391209174086865,0.007592145406190793,0.013067088068579388,False
2025-05-23,Gaussian,0.95,2024-05-17,2025-05-22,-0.00391209174086865,0.008534741259322264,0.010839286010557907,False
2025-05-27,Historical,0.95,2024-05-20,2025-05-23,-0.0036407063446673247,0.007592145406190793,0.013067088068579388,False
2025-05-27,Gaussian,0.95,2024-05-20,2025-05-23,-0.0036407063446673247,0.008534373661872006,0.01083965603031315,False
2025-05-28,Historical,0.95,2024-05-21,2025-05-27,0.004133446069198075,0.007592145406190793,0.013067088068579388,False
2025-05-28,Gaussian,0.95,2024-05-21,2025-05-27,0.004133446069198075,0.008529334473982873,0.010836045488483655,False
2025-05-29,Historical,0.95,2024-05-22,2025-05-28,-0.0032501378917996256,0.007592145406190793,0.013067088068579388,False
2025-05-29,Gaussian,0.95,2024-05-22,2025-05-28,-0.0032501378917996256,0.008561622409355242,0.010871649745816893,False
2025-05-30,Historical,0.95,2024-05-23,2025-05-29,-0.0006811274196583195,0.007592145406190793,0.013067088068579388,False
2025-05-30,Gaussian,0.95,2024-05-23,2025-05-29,-0.0006811274196583195,0.008491314926018267,0.010793860728427248,False
2025-06-02,Historical,0.95,2024-05-24,2025-05-30,-0.006876227972667475,0.007525835274132051,0.01298191224900201,False
2025-06-02,Gaussian,0.95,2024-05-24,2025-05-30,-0.006876227972667475,0.008402716177753613,0.010692232668117863,False
2025-06-03,Historical,0.95,2024-05-28,2025-06-02,0.0006414851984486753,0.007525835274132051,0.01298191224900201,False
2025-06-03,Gaussian,0.95,2024-05-28,2025-06-02,0.0006414851984486753,0.008404757916177624,0.010700095760733956,False
2025-06-04,Historical,0.95,2024-05-29,2025-06-03,-0.003873783790483311,0.007525835274132051,0.01298191224900201,False
2025-06-04,Gaussian,0.95,2024-05-29,2025-06-03,-0.003873783790483311,0.008404905233751139,0.010700253352181024,False
2025-06-05,Historical,0.95,2024-05-30,2025-06-04,0.003046700287051325,0.007441617847993311,0.012979630324005028,False
2025-06-05,Gaussian,0.95,2024-05-30,2025-06-04,0.003046700287051325,0.00832506883560177,0.010611732705594117,False
2025-06-06,Historical,0.95,2024-05-31,2025-06-05,0.0020097228251963247,0.007441617847993311,0.012979630324005028,False
2025-06-06,Gaussian,0.95,2024-05-31,2025-06-05,0.0020097228251963247,0.008351725066252647,0.010640339210158367,False
2025-06-09,Historical,0.95,2024-06-03,2025-06-06,-0.0017056848702550753,0.007441617847993311,0.012979630324005028,False
2025-06-09,Gaussian,0.95,2024-06-03,2025-06-06,-0.0017056848702550753,0.008372738530573944,0.01066154914289798,False
2025-06-10,Historical,0.95,2024-06-04,2025-06-09,-0.0024597909142073,0.007441617847993311,0.012979630324005028,False
2025-06-10,Gaussian,0.95,2024-06-04,2025-06-09,-0.0024597909142073,0.008375752505196345,0.010663236056084652,False
2025-06-11,Historical,0.95,2024-06-05,2025-06-10,-0.0020252729779843505,0.007441617847993311,0.012979630324005028,False
2025-06-11,Gaussian,0.95,2024-06-05,2025-06-10,-0.0020252729779843505,0.008359613682757921,0.010646951405563824,False
2025-06-12,Historical,0.95,2024-06-06,2025-06-11,-0.0057265675019568,0.007441617847993311,0.012979630324005028,False
2025-06-12,Gaussian,0.95,2024-06-06,2025-06-11,-0.0057265675019568,0.008355084477837673,0.010635925246924409,False
2025-06-13,Historical,0.95,2024-06-07,2025-06-12,0.001438650900624425,0.007441617847993311,0.012979630324005028,False
2025-06-13,Gaussian,0.95,2024-06-07,2025-06-12,0.001438650900624425,0.008356311638460656,0.010640384700252447,False
2025-06-16,Historical,0.95,2024-06-10,2025-06-13,0.001237599038686375,0.00734593190363269,0.012542741505006456,False
2025-06-16,Gaussian,0.95,2024-06-10,2025-06-13,0.001237599038686375,0.008198532871861891,0.010454310756606295,False
2025-06-17,Historical,0.95,2024-06-11,2025-06-16,0.0018971504650608254,0.00734593190363269,0.012542741505006456,False
2025-06-17,Gaussian,0.95,2024-06-11,2025-06-16,0.0018971504650608254,0.008212369701420268,0.010468487659878248,False
2025-06-18,Historical,0.95,2024-06-12,2025-06-17,0.00099613127884895,0.00734593190363269,0.012542741505006456,False
2025-06-18,Gaussian,0.95,2024-06-12,2025-06-17,0.00099613127884895,0.008224913866588293,0.010482025881895986,False
2025-06-20,Historical,0.95,2024-06-13,2025-06-18,0.0024356458307453997,0.00734593190363269,0.012542741505006456,False
2025-06-20,Gaussian,0.95,2024-06-13,2025-06-18,0.0024356458307453997,0.008236284772052658,0.010488909164614106,False
2025-06-23,Historical,0.95,2024-06-14,2025-06-20,-0.00356372055206255,0.00734593190363269,0.012542741505006456,False
2025-06-23,Gaussian,0.95,2024-06-14,2025-06-20,-0.00356372055206255,0.008243823390252564,0.010497284621431747,False
2025-06-24,Historical,0.95,2024-06-17,2025-06-23,0.0002518355177958745,0.00734593190363269,0.012542741505006456,False
2025-06-24,Gaussian,0.95,2024-06-17,2025-06-23,0.0002518355177958745,0.008243603788646317,0.010497368995874137,False
2025-06-25,Historical,0.95,2024-06-18,2025-06-24,0.00028390568348867927,0.00734593190363269,0.012542741505006456,False
2025-06-25,Gaussian,0.95,2024-06-18,2025-06-24,0.00028390568348867927,0.0082412673605036,0.01049488309229848,False
2025-06-26,Historical,0.95,2024-06-20,2025-06-25,-0.003101927280507475,0.00734593190363269,0.012542741505006456,False
2025-06-26,Gaussian,0.95,2024-06-20,2025-06-25,-0.003101927280507475,0.008251844251683549,0.010503561781695021,False
2025-06-27,Historical,0.95,2024-06-21,2025-06-26,0.0020681199113158494,0.00734593190363269,0.012542741505006456,False
2025-06-27,Gaussian,0.95,2024-06-21,2025-06-26,0.0020681199113158494,0.008252076464542993,0.01050260161546729,False
2025-06-30,Historical,0.95,2024-06-24,2025-06-27,-0.004206280200790725,0.00734593190363269,0.012542741505006456,False
2025-06-30,Gaussian,0.95,2024-06-24,2025-06-27,-0.004206280200790725,0.008222519915872306,0.010468782510029391,False
2025-07-01,Historical,0.95,2024-06-25,2025-06-30,-0.0021810180238423745,0.00734593190363269,0.012542741505006456,False
2025-07-01,Gaussian,0.95,2024-06-25,2025-06-30,-0.0021810180238423745,0.00821984139405749,0.010467901869946315,False
2025-07-02,Historical,0.95,2024-06-26,2025-07-01,-0.001741842907252975,0.00734593190363269,0.012542741505006456,False
2025-07-02,Gaussian,0.95,2024-06-26,2025-07-01,-0.001741842907252975,0.008206542565868419,0.010454523813579426,False
2025-07-03,Historical,0.95,2024-06-27,2025-07-02,-0.0008932096839693998,0.00734593190363269,0.012542741505006456,False
2025-07-03,Gaussian,0.95,2024-06-27,2025-07-02,-0.0008932096839693998,0.008169979025869599,0.010414611714416107,False
2025-07-07,Historical,0.95,2024-06-28,2025-07-03,0.003043043553761525,0.00734593190363269,0.012542741505006456,False
2025-07-07,Gaussian,0.95,2024-06-28,2025-07-03,0.003043043553761525,0.008173857240723092,0.01041811269559589,False
2025-07-08,Historical,0.95,2024-07-01,2025-07-07,0.0018062115177496746,0.00734593190363269,0.012542741505006456,False
2025-07-08,Gaussian,0.95,2024-07-01,2025-07-07,0.0018062115177496746,0.008175882721409683,0.01042040787878157,False
2025-07-09,Historical,0.95,2024-07-02,2025-07-08,-0.004293518781372025,0.00734593190363269,0.012542741505006456,False
2025-07-09,Gaussian,0.95,2024-07-02,2025-07-08,-0.004293518781372025,0.00818423931252335,0.01042951770165486,False
2025-07-10,Historical,0.95,2024-07-03,2025-07-09,-0.004175878571491575,0.00734593190363269,0.012542741505006456,False
2025-07-10,Gaussian,0.95,2024-07-03,2025-07-09,-0.004175878571491575,0.008179406106300679,0.010426716498203883,False
2025-07-11,Historical,0.95,2024-07-05,2025-07-10,0.0005485237236170753,0.00734593190363269,0.012542741505006456,False
2025-07-11,Gaussian,0.95,2024-07-05,2025-07-10,0.0005485237236170753,0.00817243231016605,0.010414804808166025,False
2025-07-14,Historical,0.95,2024-07-08,2025-07-11,-0.0009257393956455501,0.00734593190363269,0.012542741505006456,False
2025-07-14,Gaussian,0.95,2024-07-08,2025-07-11,-0.0009257393956455501,0.008178063793525264,0.010414068608424577,False
2025-07-15,Historical,0.95,2024-07-09,2025-07-14,0.0046705577098051995,0.00734593190363269,0.012542741505006456,False
2025-07-15,Gaussian,0.95,2024-07-09,2025-07-14,0.0046705577098051995,0.008153555442942625,0.010387408294757693,False
2025-07-16,Historical,0.95,2024-07-10,2025-07-15,-0.00241033712191995,0.00734593190363269,0.012542741505006456,False
2025-07-16,Gaussian,0.95,2024-07-10,2025-07-15,-0.00241033712191995,0.008181616926777574,0.010419249074167941,False
2025-07-17,Historical,0.95,2024-07-11,2025-07-16,-0.0020086851921470254,0.00734593190363269,0.012542741505006456,False
2025-07-17,Gaussian,0.95,2024-07-11,2025-07-16,-0.0020086851921470254,0.008181537255128995,0.010416156276546974,False
2025-07-18,Historical,0.95,2024-07-12,2025-07-17,-0.0018613869951256603,0.00734593190363269,0.012542741505006456,False
2025-07-18,Gaussian,0.95,2024-07-12,2025-07-17,-0.0018613869951256603,0.008183123084743744,0.010415364347073516,False
2025-07-21,Historical,0.95,2024-07-15,2025-07-18,-0.005647345781673749,0.00734593190363269,0.012542741505006456,False
2025-07-21,Gaussian,0.95,2024-07-15,2025-07-18,-0.005647345781673749,0.008184665024711523,0.010416496629845937,False
2025-07-22,Historical,0.95,2024-07-16,2025-07-21,-0.003542744726944325,0.00734593190363269,0.012542741505006456,False
2025-07-22,Gaussian,0.95,2024-07-16,2025-07-21,-0.003542744726944325,0.00816965684053094,0.010404830858145303,False
2025-07-23,Historical,0.95,2024-07-17,2025-07-22,0.0009976015883124247,0.00734593190363269,0.012542741505006456,False
2025-07-23,Gaussian,0.95,2024-07-17,2025-07-22,0.0009976015883124247,0.008163073501701201,0.010392924578221368,False
2025-07-24,Historical,0.95,2024-07-18,2025-07-23,-0.000396826122623525,0.00734593190363269,0.012542741505006456,False
2025-07-24,Gaussian,0.95,2024-07-18,2025-07-23,-0.000396826122623525,0.008141947886740131,0.010369219350560633,False
2025-07-25,Historical,0.95,2024-07-19,2025-07-24,0.0012321974349132246,0.00734593190363269,0.012542741505006456,False
2025-07-25,Gaussian,0.95,2024-07-19,2025-07-24,0.0012321974349132246,0.00811369181780398,0.010337976045797484,False
2025-07-28,Historical,0.95,2024-07-22,2025-07-25,0.0031946031510102,0.00720492871366114,0.01244822625721556,False
2025-07-28,Gaussian,0.95,2024-07-22,2025-07-25,0.0031946031510102,0.008033753273011299,0.01024517521521055,False
2025-07-29,Historical,0.95,2024-07-23,2025-07-28,-0.00309872717000535,0.00720492871366114,0.01244822625721556,False
2025-07-29,Gaussian,0.95,2024-07-23,2025-07-28,-0.00309872717000535,0.008064828120041547,0.010276975493502774,False
2025-07-30,Historical,0.95,2024-07-24,2025-07-29,0.005481345760390266,0.00720492871366114,0.01244822625721556,False
2025-07-30,Gaussian,0.95,2024-07-24,2025-07-29,0.005481345760390266,0.008054501500026484,0.010267461474429047,False
2025-07-31,Historical,0.95,2024-07-25,2025-07-30,-0.0008363843356658249,0.006784285772950336,0.012403123781652644,False
2025-07-31,Gaussian,0.95,2024-07-25,2025-07-30,-0.0008363843356658249,0.008026430973327508,0.010234451296240897,False
2025-08-01,Historical,0.95,2024-07-26,2025-07-31,-0.0021976630507108998,0.006784285772950336,0.012403123781652644,False
2025-08-01,Gaussian,0.95,2024-07-26,2025-07-31,-0.0021976630507108998,0.00799692114401059,0.01020199128678037,False
2025-08-04,Historical,0.95,2024-07-29,2025-08-01,-0.0071255288433485255,0.006784285772950336,0.012403123781652644,False
2025-08-04,Gaussian,0.95,2024-07-29,2025-08-01,-0.0071255288433485255,0.007977719452854873,0.010170360692708,False
2025-08-05,Historical,0.95,2024-07-30,2025-08-04,0.0008017215492251249,0.006784285772950336,0.012403123781652644,False
2025-08-05,Gaussian,0.95,2024-07-30,2025-08-04,0.0008017215492251249,0.007977314117421015,0.01017661017517406,False
2025-08-06,Historical,0.95,2024-07-31,2025-08-05,-0.0016980650740462,0.006784285772950336,0.012403123781652644,False
2025-08-06,Gaussian,0.95,2024-07-31,2025-08-05,-0.0016980650740462,0.007986648183927176,0.010186241723097652,False
2025-08-07,Historical,0.95,2024-08-01,2025-08-06,5.0520574345500275e-06,0.006784285772950336,0.012403123781652644,False
2025-08-07,Gaussian,0.95,2024-08-01,2025-08-06,5.0520574345500275e-06,0.007934666419753234,0.010109428712052872,False
2025-08-08,Historical,0.95,2024-08-02,2025-08-07,-0.00117862617300675,0.006784285772950336,0.012403123781652644,False
2025-08-08,Gaussian,0.95,2024-08-02,2025-08-07,-0.00117862617300675,0.007886089791772122,0.01005434338701218,False
2025-08-11,Historical,0.95,2024-08-05,2025-08-08,0.00320656407858715,0.006784285772950336,0.012403123781652644,False
2025-08-11,Gaussian,0.95,2024-08-05,2025-08-08,0.00320656407858715,0.007846793698940056,0.010010814340105811,False
2025-08-12,Historical,0.95,2024-08-06,2025-08-11,-0.00305271625627825,0.006359055937008345,0.011707473043079912,False
2025-08-12,Gaussian,0.95,2024-08-06,2025-08-11,-0.00305271625627825,0.007638523030029323,0.009762127733323647,False
2025-08-13,Historical,0.95,2024-08-07,2025-08-12,-0.00293645200681315,0.006359055937008345,0.011707473043079912,False
2025-08-13,Gaussian,0.95,2024-08-07,2025-08-12,-0.00293645200681315,0.007623510625005135,0.009747479237386886,False
2025-08-14,Historical,0.95,2024-08-08,2025-08-13,0.0019911629239014505,0.006359055937008345,0.011707473043079912,False
2025-08-14,Gaussian,0.95,2024-08-08,2025-08-13,0.0019911629239014505,0.007620089204762394,0.009744790383131367,False
2025-08-15,Historical,0.95,2024-08-09,2025-08-14,0.002118953527448725,0.006359055937008345,0.011707473043079912,False
2025-08-15,Gaussian,0.95,2024-08-09,2025-08-14,0.002118953527448725,0.007628909613539111,0.009745433287771893,False
2025-08-18,Historical,0.95,2024-08-12,2025-08-15,0.0001374860942859,0.006359055937008345,0.011707473043079912,False
2025-08-18,Gaussian,0.95,2024-08-12,2025-08-15,0.0001374860942859,0.007651392270011816,0.009767914018901192,False
2025-08-19,Historical,0.95,2024-08-13,2025-08-18,0.0013422823100711,0.006359055937008345,0.011707473043079912,False
2025-08-19,Gaussian,0.95,2024-08-13,2025-08-18,0.0013422823100711,0.007656894384037484,0.009768285793632314,False
2025-08-20,Historical,0.95,2024-08-14,2025-08-19,-0.0049802083156164495,0.006359055937008345,0.011707473043079912,False
2025-08-20,Gaussian,0.95,2024-08-14,2025-08-19,-0.0049802083156164495,0.007670896425324112,0.009778692793669169,False
2025-08-21,Historical,0.95,2024-08-15,2025-08-20,0.0020333955711412752,0.006359055937008345,0.011707473043079912,False
2025-08-21,Gaussian,0.95,2024-08-15,2025-08-20,0.0020333955711412752,0.00766590653499594,0.009776841417922667,False
2025-08-22,Historical,0.95,2024-08-16,2025-08-21,-0.00819208052351545,0.006359055937008345,0.011707473043079912,False
2025-08-22,Gaussian,0.95,2024-08-16,2025-08-21,-0.00819208052351545,0.0076856966355019676,0.00979425241734378,False
2025-08-26,Historical,0.95,2024-08-19,2025-08-22,0.0001646655633295999,0.006359055937008345,0.011707473043079912,False
2025-08-26,Gaussian,0.95,2024-08-19,2025-08-22,0.0001646655633295999,0.0076968266696195,0.00981093893307596,False
2025-08-27,Historical,0.95,2024-08-20,2025-08-26,-0.0012941282446415,0.006359055937008345,0.011707473043079912,False
2025-08-27,Gaussian,0.95,2024-08-20,2025-08-26,-0.0012941282446415,0.007706477809908814,0.009819089875015778,False
2025-08-28,Historical,0.95,2024-08-21,2025-08-27,-0.002171473673261275,0.006359055937008345,0.011707473043079912,False
2025-08-28,Gaussian,0.95,2024-08-21,2025-08-27,-0.002171473673261275,0.007695429687166786,0.009807643977639077,False
2025-08-29,Historical,0.95,2024-08-22,2025-08-28,0.00019511637519885002,0.006359055937008345,0.011707473043079912,False
2025-08-29,Gaussian,0.95,2024-08-22,2025-08-28,0.00019511637519885002,0.007693934588669403,0.009806406618816555,False
2025-09-02,Historical,0.95,2024-08-23,2025-08-29,-0.0015129023687928751,0.006355029681348164,0.011707473043079912,False
2025-09-02,Gaussian,0.95,2024-08-23,2025-08-29,-0.0015129023687928751,0.007639298128836147,0.009744031433935057,False
2025-09-03,Historical,0.95,2024-08-27,2025-09-02,-0.0057774024231847,0.006355029681348164,0.011707473043079912,False
2025-09-03,Gaussian,0.95,2024-08-27,2025-09-02,-0.0057774024231847,0.007629419351131312,0.009724933749356455,False
2025-09-04,Historical,0.95,2024-08-28,2025-09-03,-0.0031627047986945,0.006355029681348164,0.011707473043079912,False
2025-09-04,Gaussian,0.95,2024-08-28,2025-09-03,-0.0031627047986945,0.007628362173951235,0.009728251729272473,False
2025-09-05,Historical,0.95,2024-08-29,2025-09-04,-0.0035292248167060245,0.006355029681348164,0.011707473043079912,False
2025-09-05,Gaussian,0.95,2024-08-29,2025-09-04,-0.0035292248167060245,0.007595222555714343,0.00969338909209442,False
2025-09-08,Historical,0.95,2024-08-30,2025-09-05,-0.004506844961794449,0.006355029681348164,0.011707473043079912,False
2025-09-08,Gaussian,0.95,2024-08-30,2025-09-05,-0.004506844961794449,0.007593137210001405,0.009692410516490746,False
2025-09-09,Historical,0.95,2024-09-03,2025-09-08,-8.43198738508e-05,0.006355029681348164,0.011707473043079912,False
2025-09-09,Gaussian,0.95,2024-09-03,2025-09-08,-8.43198738508e-05,0.007583319391492965,0.009684902181330345,False
2025-09-10,Historical,0.95,2024-09-04,2025-09-09,-0.0018525184190688751,0.0059754309542141,0.011644248635384775,False
2025-09-10,Gaussian,0.95,2024-09-04,2025-09-09,-0.0018525184190688751,0.007515437498939923,0.009607026750551558,False
2025-09-11,Historical,0.95,2024-09-05,2025-09-10,-0.004091330307211601,0.0059754309542141,0.011644248635384775,False
2025-09-11,Gaussian,0.95,2024-09-05,2025-09-10,-0.004091330307211601,0.007510152456404209,0.009601932497424378,False
2025-09-12,Historical,0.95,2024-09-06,2025-09-11,0.0007320119254244,0.0059754309542141,0.011644248635384775,False
2025-09-12,Gaussian,0.95,2024-09-06,2025-09-11,0.0007320119254244,0.007505449372120975,0.009599102859698444,False
2025-09-15,Historical,0.95,2024-09-09,2025-09-12,-0.004020658188670425,0.005582208754779485,0.011492652942703243,False
2025-09-15,Gaussian,0.95,2024-09-09,2025-09-12,-0.004020658188670425,0.007432809305511385,0.009515024320194933,False
2025-09-16,Historical,0.95,2024-09-10,2025-09-15,0.0018568608903178753,0.005582208754779485,0.011492652942703243,False
2025-09-16,Gaussian,0.95,2024-09-10,2025-09-15,0.0018568608903178753,0.0074257995150364695,0.009503174685228655,False
2025-09-17,Historical,0.95,2024-09-11,2025-09-16,0.0023661918388254498,0.005582208754779485,0.011492652942703243,False
2025-09-17,Gaussian,0.95,2024-09-11,2025-09-16,0.0023661918388254498,0.007442805305335429,0.009521265898643263,False
2025-09-18,Historical,0.95,2024-09-12,2025-09-17,9.431325677677492e-05,0.005582208754779485,0.011492652942703243,False
2025-09-18,Gaussian,0.95,2024-09-12,2025-09-17,9.431325677677492e-05,0.007464874553230944,0.009544786283371381,False
2025-09-19,Historical,0.95,2024-09-13,2025-09-18,-0.003460900271646325,0.005582208754779485,0.011492652942703243,False
2025-09-19,Gaussian,0.95,2024-09-13,2025-09-18,-0.003460900271646325,0.007466000413035419,0.009538686257129005,False
2025-09-22,Historical,0.95,2024-09-16,2025-09-19,-0.00528640350336865,0.005582208754779485,0.011492652942703243,False
2025-09-22,Gaussian,0.95,2024-09-16,2025-09-19,-0.00528640350336865,0.007464326263469301,0.009534725164143323,False
2025-09-23,Historical,0.95,2024-09-17,2025-09-22,-0.0002536474880178753,0.005582208754779485,0.011492652942703243,False
2025-09-23,Gaussian,0.95,2024-09-17,2025-09-22,-0.0002536474880178753,0.007461555389239089,0.009535493535529597,False
2025-09-24,Historical,0.95,2024-09-18,2025-09-23,0.0029147775813861752,0.005582208754779485,0.011492652942703243,False
2025-09-24,Gaussian,0.95,2024-09-18,2025-09-23,0.0029147775813861752,0.0074558536516576525,0.009529433617768143,False
2025-09-25,Historical,0.95,2024-09-19,2025-09-24,0.0017388629314568998,0.005582208754779485,0.011492652942703243,False
2025-09-25,Gaussian,0.95,2024-09-19,2025-09-24,0.0017388629314568998,0.007429439769091784,0.009498864081852668,False
2025-09-26,Historical,0.95,2024-09-20,2025-09-25,-0.00470967177607825,0.005582208754779485,0.011492652942703243,False
2025-09-26,Gaussian,0.95,2024-09-20,2025-09-25,-0.00470967177607825,0.007420676891387469,0.009475745219395038,False
2025-09-29,Historical,0.95,2024-09-23,2025-09-26,-0.005914411905510026,0.005582208754779485,0.011492652942703243,False
2025-09-29,Gaussian,0.95,2024-09-23,2025-09-26,-0.005914411905510026,0.007410651064349231,0.009468310207429942,False
2025-09-30,Historical,0.95,2024-09-24,2025-09-29,-0.004414313037314675,0.005582208754779485,0.011492652942703243,False
2025-09-30,Gaussian,0.95,2024-09-24,2025-09-29,-0.004414313037314675,0.007411950522541684,0.009473981284909538,False
2025-10-01,Historical,0.95,2024-09-25,2025-09-30,-0.004652872914784025,0.005582208754779485,0.011492652942703243,False
2025-10-01,Gaussian,0.95,2024-09-25,2025-09-30,-0.004652872914784025,0.007410973981236647,0.009472061102949682,False
2025-10-02,Historical,0.95,2024-09-26,2025-10-01,0.0009519425774785752,0.005582208754779485,0.011492652942703243,False
2025-10-02,Gaussian,0.95,2024-09-26,2025-10-01,0.0009519425774785752,0.007387833114011704,0.009450057898833035,False
2025-10-03,Historical,0.95,2024-09-27,2025-10-02,-0.003219369753127553,0.005582208754779485,0.011492652942703243,False
2025-10-03,Gaussian,0.95,2024-09-27,2025-10-02,-0.003219369753127553,0.007401548758228561,0.009463655851028594,False
2025-10-06,Historical,0.95,2024-09-30,2025-10-03,-0.004575587680945301,0.005582208754779485,0.011492652942703243,False
2025-10-06,Gaussian,0.95,2024-09-30,2025-10-03,-0.004575587680945301,0.00739137331403752,0.009454389408887758,False
2025-10-07,Historical,0.95,2024-10-01,2025-10-06,-0.001079900351564825,0.005582208754779485,0.011492652942703243,False
2025-10-07,Gaussian,0.95,2024-10-01,2025-10-06,-0.001079900351564825,0.007350290522792215,0.009411731009356059,False
2025-10-08,Historical,0.95,2024-10-02,2025-10-07,-0.007352945949606775,0.005582208754779485,0.011492652942703243,False
2025-10-08,Gaussian,0.95,2024-10-02,2025-10-07,-0.007352945949606775,0.007353853098556332,0.00941485064574498,False
2025-10-09,Historical,0.95,2024-10-03,2025-10-08,0.006517818511141175,0.005582208754779485,0.011492652942703243,True
2025-10-09,Gaussian,0.95,2024-10-03,2025-10-08,0.006517818511141175,0.0073519476457920355,0.009420134624749476,False
2025-10-10,Historical,0.95,2024-10-04,2025-10-09,0.004849144295492901,0.0059754309542141,0.01155827490333594,False
2025-10-10,Gaussian,0.95,2024-10-04,2025-10-09,0.004849144295492901,0.007399389009162843,0.009475162477771902,False
2025-10-13,Historical,0.95,2024-10-07,2025-10-10,-0.010512286509182624,0.0059754309542141,0.01155827490333594,False
2025-10-13,Gaussian,0.95,2024-10-07,2025-10-10,-0.010512286509182624,0.007435326075079108,0.009516039541774006,False
2025-10-14,Historical,0.95,2024-10-08,2025-10-13,-0.0023009062812102254,0.0059754309542141,0.01155827490333594,False
2025-10-14,Gaussian,0.95,2024-10-08,2025-10-13,-0.0023009062812102254,0.007430162662169981,0.009523758508885042,False
2025-10-15,Historical,0.95,2024-10-09,2025-10-14,-0.00431617932220225,0.0059754309542141,0.01155827490333594,False
2025-10-15,Gaussian,0.95,2024-10-09,2025-10-14,-0.00431617932220225,0.007404160661840986,0.00949614603337072,False
2025-10-16,Historical,0.95,2024-10-10,2025-10-15,-0.005731553651038225,0.0059754309542141,0.01155827490333594,False
2025-10-16,Gaussian,0.95,2024-10-10,2025-10-15,-0.005731553651038225,0.007399239289410043,0.00949324052070691,False
2025-10-17,Historical,0.95,2024-10-11,2025-10-16,0.0059558817246117,0.0059754309542141,0.01155827490333594,False
2025-10-17,Gaussian,0.95,2024-10-11,2025-10-16,0.0059558817246117,0.0073963833214214505,0.009494355103376375,False
2025-10-20,Historical,0.95,2024-10-14,2025-10-17,-0.013411783965966775,0.006106447869977114,0.01155827490333594,False
2025-10-20,Gaussian,0.95,2024-10-14,2025-10-17,-0.013411783965966775,0.007459449716497985,0.009562507992279607,False
2025-10-21,Historical,0.95,2024-10-15,2025-10-20,0.014975494296656401,0.006106447869977114,0.01155827490333594,True
2025-10-21,Gaussian,0.95,2024-10-15,2025-10-20,0.014975494296656401,0.007516591362189788,0.009645500478865247,True
2025-10-22,Historical,0.95,2024-10-16,2025-10-21,-0.00107703714256015,0.006355029681348164,0.012231033052882674,False
2025-10-22,Gaussian,0.95,2024-10-16,2025-10-21,-0.00107703714256015,0.007730477526791386,0.00989958554045629,False
2025-10-23,Historical,0.95,2024-10-17,2025-10-22,-0.0033098085872839246,0.006355029681348164,0.012231033052882674,False
2025-10-23,Gaussian,0.95,2024-10-17,2025-10-22,-0.0033098085872839246,0.007734643010772913,0.00990059072784438,False
2025-10-24,Historical,0.95,2024-10-18,2025-10-23,-0.0031170926559155746,0.006355029681348164,0.012231033052882674,False
2025-10-24,Gaussian,0.95,2024-10-18,2025-10-23,-0.0031170926559155746,0.007732091960372028,0.009898887640011556,False
2025-10-27,Historical,0.95,2024-10-21,2025-10-24,0.003674832698447175,0.006355029681348164,0.012231033052882674,False
2025-10-27,Gaussian,0.95,2024-10-21,2025-10-24,0.003674832698447175,0.007732110795337742,0.009898892732697952,False
2025-10-28,Historical,0.95,2024-10-22,2025-10-27,-0.00012226186930902518,0.006355029681348164,0.012231033052882674,False
2025-10-28,Gaussian,0.95,2024-10-22,2025-10-27,-0.00012226186930902518,0.007732514450589562,0.009899356515917451,False
2025-10-29,Historical,0.95,2024-10-23,2025-10-28,0.0010403718602589316,0.006355029681348164,0.012231033052882674,False
2025-10-29,Gaussian,0.95,2024-10-23,2025-10-28,0.0010403718602589316,0.007739360286847695,0.009906043412135178,False
2025-10-30,Historical,0.95,2024-10-24,2025-10-29,-0.0021757767016734003,0.006106447869977114,0.012146357867414737,False
2025-10-30,Gaussian,0.95,2024-10-24,2025-10-29,-0.0021757767016734003,0.007674139197504578,0.009830645234503416,False
2025-10-31,Historical,0.95,2024-10-25,2025-10-30,0.001696160013621475,0.006106447869977114,0.012146357867414737,False
2025-10-31,Gaussian,0.95,2024-10-25,2025-10-30,0.001696160013621475,0.0076758964079177,0.009831665776930407,False
2025-11-03,Historical,0.95,2024-10-28,2025-10-31,-0.00035025571277927495,0.006106447869977114,0.012146357867414737,False
2025-11-03,Gaussian,0.95,2024-10-28,2025-10-31,-0.00035025571277927495,0.0076822282010872486,0.009838629923959837,False
2025-11-04,Historical,0.95,2024-10-29,2025-11-03,0.006652177106042975,0.006106447869977114,0.012146357867414737,True
2025-11-04,Gaussian,0.95,2024-10-29,2025-11-03,0.006652177106042975,0.007685688476031216,0.009842097214437748,False
2025-11-05,Historical,0.95,2024-10-30,2025-11-04,-0.004212276472651125,0.006355029681348164,0.012178860848452749,False
2025-11-05,Gaussian,0.95,2024-10-30,2025-11-04,-0.004212276472651125,0.007752477485543875,0.009917832083768457,False
2025-11-06,Historical,0.95,2024-10-31,2025-11-05,0.0028767750436668503,0.006355029681348164,0.012178860848452749,False
2025-11-06,Gaussian,0.95,2024-10-31,2025-11-05,0.0028767750436668503,0.007732800037901397,0.009899105755465393,False
2025-11-07,Historical,0.95,2024-11-01,2025-11-06,-0.000582576012986675,0.006106447869977114,0.011875278191266407,False
2025-11-07,Gaussian,0.95,2024-11-01,2025-11-06,-0.000582576012986675,0.007635098102540124,0.009784000993675173,False
2025-11-10,Historical,0.95,2024-11-04,2025-11-07,-0.013050128194302475,0.006106447869977114,0.011875278191266407,False
2025-11-10,Gaussian,0.95,2024-11-04,2025-11-07,-0.013050128194302475,0.00763511062590061,0.009784013744485618,False
2025-11-11,Historical,0.95,2024-11-05,2025-11-10,-0.0051510966562121,0.006106447869977114,0.011875278191266407,False
2025-11-11,Gaussian,0.95,2024-11-05,2025-11-10,-0.0051510966562121,0.007682738788151093,0.009855781065954078,False
2025-11-12,Historical,0.95,2024-11-06,2025-11-11,-0.0045347078839646495,0.006106447869977114,0.011875278191266407,False
2025-11-12,Gaussian,0.95,2024-11-06,2025-11-11,-0.0045347078839646495,0.007683297511625239,0.009858258820888014,False
2025-11-13,Historical,0.95,2024-11-07,2025-11-12,0.009498210161508473,0.006106447869977114,0.011875278191266407,True
2025-11-13,Gaussian,0.95,2024-11-07,2025-11-12,0.009498210161508473,0.007642141569865171,0.009815341383763117,True
2025-11-14,Historical,0.95,2024-11-08,2025-11-13,0.007837544112956726,0.006355029681348164,0.012126706791955611,True
2025-11-14,Gaussian,0.95,2024-11-08,2025-11-13,0.007837544112956726,0.0077522707180729495,0.009936589707185872,True
2025-11-17,Historical,0.95,2024-11-11,2025-11-14,0.0054643003257272005,0.006490730345155898,0.012232854601665403,False
2025-11-17,Gaussian,0.95,2024-11-11,2025-11-14,0.0054643003257272005,0.007815486601864475,0.010010256938244026,False
2025-11-18,Historical,0.95,2024-11-12,2025-11-17,0.0030143599128501,0.006490730345155898,0.012232854601665403,False
2025-11-18,Gaussian,0.95,2024-11-12,2025-11-17,0.0030143599128501,0.007824431384795855,0.010020677530240768,False
2025-11-19,Historical,0.95,2024-11-13,2025-11-18,1.0225464159174954e-05,0.006355029681348164,0.012151939453690471,False
2025-11-19,Gaussian,0.95,2024-11-13,2025-11-18,1.0225464159174954e-05,0.007771965600631299,0.009959451127794738,False
2025-11-20,Historical,0.95,2024-11-14,2025-11-19,0.00283636632175945,0.006355029681348164,0.012151939453690471,False
2025-11-20,Gaussian,0.95,2024-11-14,2025-11-19,0.00283636632175945,0.007755551203248641,0.009941379329373789,False
2025-11-21,Historical,0.95,2024-11-15,2025-11-20,-0.00320965643118895,0.006355029681348164,0.012151939453690471,False
2025-11-21,Gaussian,0.95,2024-11-15,2025-11-20,-0.00320965643118895,0.007769815108121553,0.009957317692354473,False
2025-11-24,Historical,0.95,2024-11-18,2025-11-21,-0.00808790353108505,0.006355029681348164,0.012151939453690471,False
2025-11-24,Gaussian,0.95,2024-11-18,2025-11-21,-0.00808790353108505,0.007730879541778221,0.009915687129353425,False
2025-11-25,Historical,0.95,2024-11-19,2025-11-24,-0.004784552973233925,0.006355029681348164,0.012151939453690471,False
2025-11-25,Gaussian,0.95,2024-11-19,2025-11-24,-0.004784552973233925,0.007732704656376546,0.009918355852209753,False
2025-11-26,Historical,0.95,2024-11-20,2025-11-25,-0.006067101107786475,0.006355029681348164,0.012151939453690471,False
2025-11-26,Gaussian,0.95,2024-11-20,2025-11-25,-0.006067101107786475,0.00773283015845595,0.009919871644803919,False
2025-11-28,Historical,0.95,2024-11-21,2025-11-26,-0.00475513076122085,0.006355029681348164,0.012151939453690471,False
2025-11-28,Gaussian,0.95,2024-11-21,2025-11-26,-0.00475513076122085,0.007727873871304862,0.009919200545099625,False
2025-12-01,Historical,0.95,2024-11-22,2025-11-28,0.0019309254146822,0.006355029681348164,0.012151939453690471,False
2025-12-01,Gaussian,0.95,2024-11-22,2025-11-28,0.0019309254146822,0.0077272613866488865,0.00991790768173546,False
2025-12-02,Historical,0.95,2024-11-25,2025-12-01,0.0008069119468079087,0.006355029681348164,0.012151939453690471,False
2025-12-02,Gaussian,0.95,2024-11-25,2025-12-01,0.0008069119468079087,0.007741334341149841,0.009925758169428981,False
2025-12-03,Historical,0.95,2024-11-26,2025-12-02,-0.0007792905881021249,0.006355029681348164,0.012151939453690471,False
2025-12-03,Gaussian,0.95,2024-11-26,2025-12-02,-0.0007792905881021249,0.007724750481174626,0.009907206415897747,False
2025-12-04,Historical,0.95,2024-11-27,2025-12-03,-0.00014314978752442493,0.006355029681348164,0.012151939453690471,False
2025-12-04,Gaussian,0.95,2024-11-27,2025-12-03,-0.00014314978752442493,0.00772304795629502,0.009905468360996829,False
2025-12-05,Historical,0.95,2024-11-29,2025-12-04,0.00160885164130525,0.006355029681348164,0.012151939453690471,False
2025-12-05,Gaussian,0.95,2024-11-29,2025-12-04,0.00160885164130525,0.007727178449804818,0.009909673810372421,False
2025-12-08,Historical,0.95,2024-12-02,2025-12-05,0.00261383916754085,0.006355029681348164,0.012151939453690471,False
2025-12-08,Gaussian,0.95,2024-12-02,2025-12-05,0.00261383916754085,0.007746561102370704,0.009927274214374993,False
2025-12-09,Historical,0.95,2024-12-03,2025-12-08,-0.0006213064659765999,0.006355029681348164,0.012151939453690471,False
2025-12-09,Gaussian,0.95,2024-12-03,2025-12-08,-0.0006213064659765999,0.0077594941009254135,0.009941675306562313,False
2025-12-10,Historical,0.95,2024-12-04,2025-12-09,-0.003908428666059775,0.006355029681348164,0.012151939453690471,False
2025-12-10,Gaussian,0.95,2024-12-04,2025-12-09,-0.003908428666059775,0.007762106541014195,0.00994425856744535,False
2025-12-11,Historical,0.95,2024-12-05,2025-12-10,-0.0044732565607163,0.006355029681348164,0.012151939453690471,False
2025-12-11,Gaussian,0.95,2024-12-05,2025-12-10,-0.0044732565607163,0.0077607322347595965,0.009943949339840667,False
2025-12-12,Historical,0.95,2024-12-06,2025-12-11,0.003337655495478225,0.006355029681348164,0.012151939453690471,False
2025-12-12,Gaussian,0.95,2024-12-06,2025-12-11,0.003337655495478225,0.007738523917222344,0.00992261135451483,False
2025-12-15,Historical,0.95,2024-12-09,2025-12-12,-0.0026869018614921244,0.006355029681348164,0.012151939453690471,False
2025-12-15,Gaussian,0.95,2024-12-09,2025-12-12,-0.0026869018614921244,0.007763892742989966,0.0099507441585733,False
2025-12-16,Historical,0.95,2024-12-10,2025-12-15,0.0015428455903595249,0.006355029681348164,0.012151939453690471,False
2025-12-16,Gaussian,0.95,2024-12-10,2025-12-15,0.0015428455903595249,0.0077606448009324884,0.009947992192694254,False
2025-12-17,Historical,0.95,2024-12-11,2025-12-16,-0.0015075190036262748,0.006355029681348164,0.012151939453690471,False
2025-12-17,Gaussian,0.95,2024-12-11,2025-12-16,-0.0015075190036262748,0.007769743146944829,0.009957878519397051,False
2025-12-18,Historical,0.95,2024-12-12,2025-12-17,-0.0038044623989783753,0.006355029681348164,0.012151939453690471,False
2025-12-18,Gaussian,0.95,2024-12-12,2025-12-17,-0.0038044623989783753,0.007773622613858957,0.009959879157949356,False
2025-12-19,Historical,0.95,2024-12-13,2025-12-18,-0.0034389065532137,0.006355029681348164,0.012151939453690471,False
2025-12-19,Gaussian,0.95,2024-12-13,2025-12-18,-0.0034389065532137,0.0077144218632253705,0.009895261258917893,False
2025-12-22,Historical,0.95,2024-12-16,2025-12-19,-0.006326617653997576,0.006355029681348164,0.012151939453690471,False
2025-12-22,Gaussian,0.95,2024-12-16,2025-12-19,-0.006326617653997576,0.0076679408524737685,0.00984508414330549,False
2025-12-23,Historical,0.95,2024-12-17,2025-12-22,-0.004934544979074425,0.006355029681348164,0.012151939453690471,False
2025-12-23,Gaussian,0.95,2024-12-17,2025-12-22,-0.004934544979074425,0.007663002450363992,0.009844829152031267,False
2025-12-24,Historical,0.95,2024-12-18,2025-12-23,4.5455127431949884e-05,0.006355029681348164,0.012151939453690471,False
2025-12-24,Gaussian,0.95,2024-12-18,2025-12-23,4.5455127431949884e-05,0.007622394072408522,0.00980293267930808,False
2025-12-29,Historical,0.95,2024-12-19,2025-12-24,0.008548384592064525,0.006106447869977114,0.01155554080429614,True
2025-12-29,Gaussian,0.95,2024-12-19,2025-12-24,0.008548384592064525,0.007424265111635702,0.009568633581915927,True
2025-12-30,Historical,0.95,2024-12-20,2025-12-29,-0.0014592335479139253,0.006355029681348164,0.011733905899643503,False
2025-12-30,Gaussian,0.95,2024-12-20,2025-12-29,-0.0014592335479139253,0.007486492331264157,0.009641898621847611,False
2025-12-31,Historical,0.95,2024-12-23,2025-12-30,0.00451948557096305,0.006355029681348164,0.011733905899643503,False
2025-12-31,Gaussian,0.95,2024-12-23,2025-12-30,0.00451948557096305,0.007489559551102674,0.009641528664954149,False
2026-01-02,Historical,0.95,2024-12-24,2025-12-31,-0.00200427661368425,0.006355029681348164,0.011733905899643503,False
2026-01-02,Gaussian,0.95,2024-12-24,2025-12-31,-0.00200427661368425,0.007526858008917813,0.009683610798543714,False
2026-01-05,Historical,0.95,2024-12-27,2026-01-02,-0.01026547526898945,0.006355029681348164,0.011733905899643503,False
2026-01-05,Gaussian,0.95,2024-12-27,2026-01-02,-0.01026547526898945,0.007529534131385119,0.009684478912497239,False
2026-01-06,Historical,0.95,2024-12-30,2026-01-05,-0.0070220416471305,0.006355029681348164,0.011733905899643503,False
2026-01-06,Gaussian,0.95,2024-12-30,2026-01-05,-0.0070220416471305,0.007521677890395432,0.009688079434211374,False
2026-01-07,Historical,0.95,2024-12-31,2026-01-06,0.0046226002227503496,0.006355029681348164,0.011733905899643503,False
2026-01-07,Gaussian,0.95,2024-12-31,2026-01-06,0.0046226002227503496,0.007495153410619511,0.009664889113939132,False
2026-01-08,Historical,0.95,2025-01-02,2026-01-07,-0.0005612169756721312,0.006355029681348164,0.011733905899643503,False
2026-01-08,Gaussian,0.95,2025-01-02,2026-01-07,-0.0005612169756721312,0.007540258514319397,0.00971509999998644,False
2026-01-09,Historical,0.95,2025-01-03,2026-01-08,-0.005703875143938325,0.006355029681348164,0.011733905899643503,False
2026-01-09,Gaussian,0.95,2025-01-03,2026-01-08,-0.005703875143938325,0.007547089994077275,0.009718505658511283,False
2026-01-12,Historical,0.95,2025-01-06,2026-01-09,-0.0051611097114001,0.006355029681348164,0.011733905899643503,False
2026-01-12,Gaussian,0.95,2025-01-06,2026-01-09,-0.0051611097114001,0.0075358739997752645,0.009710556480727965,False
2026-01-13,Historical,0.95,2025-01-07,2026-01-12,0.000609460728819325,0.006355029681348164,0.011733905899643503,False
2026-01-13,Gaussian,0.95,2025-01-07,2026-01-12,0.000609460728819325,0.0075322866560833,0.009709662118183842,False
2026-01-14,Historical,0.95,2025-01-08,2026-01-13,-0.0029004878972853244,0.006355029681348164,0.011733905899643503,False
2026-01-14,Gaussian,0.95,2025-01-08,2026-01-13,-0.0029004878972853244,0.007517303043162792,0.009692934500133681,False
2026-01-15,Historical,0.95,2025-01-10,2026-01-14,6.722429071214983e-05,0.006355029681348164,0.011733905899643503,False
2026-01-15,Gaussian,0.95,2025-01-10,2026-01-14,6.722429071214983e-05,0.0075161491971698175,0.009692069899248337,False
2026-01-16,Historical,0.95,2025-01-13,2026-01-15,0.0024137591611504503,0.006355029681348164,0.011733905899643503,False
2026-01-16,Gaussian,0.95,2025-01-13,2026-01-15,0.0024137591611504503,0.007491405538053895,0.009664386028603663,False
2026-01-20,Historical,0.95,2025-01-14,2026-01-16,-0.0006619168664048752,0.006355029681348164,0.011733905899643503,False
2026-01-20,Gaussian,0.95,2025-01-14,2026-01-16,-0.0006619168664048752,0.0074837462770605745,0.009655649475593964,False
2026-01-21,Historical,0.95,2025-01-15,2026-01-20,-0.007472238613436675,0.006355029681348164,0.011733905899643503,False
2026-01-21,Gaussian,0.95,2025-01-15,2026-01-20,-0.007472238613436675,0.007485162820190976,0.009657091369904006,False
2026-01-22,Historical,0.95,2025-01-16,2026-01-21,-0.0062573376942316504,0.006355029681348164,0.011733905899643503,False
2026-01-22,Gaussian,0.95,2025-01-16,2026-01-21,-0.0062573376942316504,0.00745198446848102,0.009610763450272322,False
2026-01-23,Historical,0.95,2025-01-17,2026-01-22,-0.0037706010009737,0.006355029681348164,0.011733905899643503,False
2026-01-23,Gaussian,0.95,2025-01-17,2026-01-22,-0.0037706010009737,0.007454664592453972,0.0096158787340281,False
2026-01-26,Historical,0.95,2025-01-21,2026-01-23,-0.005409060432157925,0.006355029681348164,0.011733905899643503,False
2026-01-26,Gaussian,0.95,2025-01-21,2026-01-23,-0.005409060432157925,0.007454576781133889,0.009614787990915603,False
2026-01-27,Historical,0.95,2025-01-22,2026-01-26,-0.008318176741475575,0.006355029681348164,0.011733905899643503,False
2026-01-27,Gaussian,0.95,2025-01-22,2026-01-26,-0.008318176741475575,0.007445331759356298,0.009600390305838891,False
2026-01-28,Historical,0.95,2025-01-23,2026-01-27,-0.008156710096048351,0.006355029681348164,0.011733905899643503,False
2026-01-28,Gaussian,0.95,2025-01-23,2026-01-27,-0.008156710096048351,0.007453458757839673,0.0096169229502795,False
2026-01-29,Historical,0.95,2025-01-24,2026-01-28,-0.0010432627106411248,0.006355029681348164,0.011733905899643503,False
2026-01-29,Gaussian,0.95,2025-01-24,2026-01-28,-0.0010432627106411248,0.007456384981329456,0.009627952036731016,False
2026-01-30,Historical,0.95,2025-01-27,2026-01-29,0.02564665127071425,0.006355029681348164,0.011733905899643503,True
2026-01-30,Gaussian,0.95,2025-01-27,2026-01-29,0.02564665127071425,0.007448733047154201,0.009619901423827834,True
2026-02-02,Historical,0.95,2025-01-28,2026-01-30,0.007079506557838324,0.006490730345155898,0.013209985029180792,True
2026-02-02,Gaussian,0.95,2025-01-28,2026-01-30,0.007079506557838324,0.007955541601036158,0.010234058787510894,False
2026-02-03,Historical,0.95,2025-01-29,2026-02-02,-0.013378844068206799,0.006591715738337163,0.013253191802003648,False
2026-02-03,Gaussian,0.95,2025-01-29,2026-02-02,-0.013378844068206799,0.008033081572490417,0.010318632879865017,False
2026-02-04,Historical,0.95,2025-01-30,2026-02-03,-0.0006291094184032002,0.006591715738337163,0.013253191802003648,False
2026-02-04,Gaussian,0.95,2025-01-30,2026-02-03,-0.0006291094184032002,0.008060397408193512,0.010368236093018296,False
2026-02-05,Historical,0.95,2025-01-31,2026-02-04,0.0104923491281774,0.006591715738337163,0.013253191802003648,True
2026-02-05,Gaussian,0.95,2025-01-31,2026-02-04,0.0104923491281774,0.008059575418561069,0.010359465333227616,True
2026-02-06,Historical,0.95,2025-02-03,2026-02-05,-0.0140765745401558,0.00688720830453041,0.013548589649860145,False
2026-02-06,Gaussian,0.95,2025-02-03,2026-02-05,-0.0140765745401558,0.008177448489730108,0.010497013865918944,False
2026-02-09,Historical,0.95,2025-02-04,2026-02-06,-0.00797091455424055,0.00688720830453041,0.013548589649860145,False
2026-02-09,Gaussian,0.95,2025-02-04,2026-02-06,-0.00797091455424055,0.008201199002822035,0.010544145818049166,False
2026-02-10,Historical,0.95,2025-02-05,2026-02-09,0.002991508271762875,0.00688720830453041,0.013548589649860145,False
2026-02-10,Gaussian,0.95,2025-02-05,2026-02-09,0.002991508271762875,0.008208582015305076,0.01055691598521881,False
2026-02-11,Historical,0.95,2025-02-06,2026-02-10,-0.0049724153308351275,0.00688720830453041,0.013548589649860145,False
2026-02-11,Gaussian,0.95,2025-02-06,2026-02-10,-0.0049724153308351275,0.008240177670854408,0.010587897073874582,False
2026-02-12,Historical,0.95,2025-02-07,2026-02-11,0.012728608088332025,0.00688720830453041,0.013548589649860145,True
2026-02-12,Gaussian,0.95,2025-02-07,2026-02-11,0.012728608088332025,0.008239147420122226,0.01058864019789128,True
2026-02-13,Historical,0.95,2025-02-10,2026-02-12,-0.0083829772148923,0.007233022761025521,0.013983135921436582,False
2026-02-13,Gaussian,0.95,2025-02-10,2026-02-12,-0.0083829772148923,0.008374103799464567,0.010748520589340642,False
2026-02-17,Historical,0.95,2025-02-11,2026-02-13,0.004932757149349125,0.007233022761025521,0.013983135921436582,False
2026-02-17,Gaussian,0.95,2025-02-11,2026-02-13,0.004932757149349125,0.008376623003149439,0.010752279534388856,False
2026-02-18,Historical,0.95,2025-02-12,2026-02-17,-0.0095783695124242,0.007233022761025521,0.013983135921436582,False
2026-02-18,Gaussian,0.95,2025-02-12,2026-02-17,-0.0095783695124242,0.008409042106838543,0.010789139860609078,False
2026-02-19,Historical,0.95,2025-02-13,2026-02-18,0.001160286701175775,0.007233022761025521,0.013983135921436582,False
2026-02-19,Gaussian,0.95,2025-02-13,2026-02-18,0.001160286701175775,0.008405363822608338,0.01079556847795625,False
2026-02-20,Historical,0.95,2025-02-14,2026-02-19,-0.0080727129746963,0.007233022761025521,0.013983135921436582,False
2026-02-20,Gaussian,0.95,2025-02-14,2026-02-19,-0.0080727129746963,0.008422612307062783,0.010810196773516646,False
2026-02-23,Historical,0.95,2025-02-18,2026-02-20,-0.005007223954734224,0.007233022761025521,0.013983135921436582,False
2026-02-23,Gaussian,0.95,2025-02-18,2026-02-20,-0.005007223954734224,0.008392553803340747,0.010784368833107622,False
2026-02-24,Historical,0.95,2025-02-19,2026-02-23,0.0016990840139754747,0.007233022761025521,0.013983135921436582,False
2026-02-24,Gaussian,0.95,2025-02-19,2026-02-23,0.0016990840139754747,0.00839270231553063,0.010785181161151599,False
2026-02-25,Historical,0.95,2025-02-20,2026-02-24,-0.0041465758311726,0.007233022761025521,0.013983135921436582,False
2026-02-25,Gaussian,0.95,2025-02-20,2026-02-24,-0.0041465758311726,0.008400953657533839,0.010794217593159343,False
2026-02-26,Historical,0.95,2025-02-21,2026-02-25,-0.00240266674651125,0.007233022761025521,0.013983135921436582,False
2026-02-26,Gaussian,0.95,2025-02-21,2026-02-25,-0.00240266674651125,0.008377671322546793,0.010771128117459063,False
2026-02-27,Historical,0.95,2025-02-24,2026-02-26,-0.004669767209485775,0.007233022761025521,0.013983135921436582,False
2026-02-27,Gaussian,0.95,2025-02-24,2026-02-26,-0.004669767209485775,0.008346532121508203,0.010737694915244475,False
2026-03-02,Historical,0.95,2025-02-25,2026-02-27,0.0011625829243811499,0.007233022761025521,0.013983135921436582,False
2026-03-02,Gaussian,0.95,2025-02-25,2026-02-27,0.0011625829243811499,0.008337751019599318,0.010730780874493947,False
2026-03-03,Historical,0.95,2025-02-26,2026-03-02,0.020661718525840974,0.007233022761025521,0.013983135921436582,True
2026-03-03,Gaussian,0.95,2025-02-26,2026-03-02,0.020661718525840974,0.00833015904424772,0.01072233166213937,True
2026-03-04,Historical,0.95,2025-02-27,2026-03-03,-0.005371627815765525,0.00762203137939751,0.015006450659788225,False
2026-03-04,Gaussian,0.95,2025-02-27,2026-03-03,-0.005371627815765525,0.008690379322447263,0.011150106294488227,False
2026-03-05,Historical,0.95,2025-02-28,2026-03-04,0.00882926059498405,0.007496427213153432,0.015006450659788225,True
2026-03-05,Gaussian,0.95,2025-02-28,2026-03-04,0.00882926059498405,0.00861068647634918,0.011063104243541183,True
2020-01-07,Historical,0.99,2019-01-03,2020-01-06,0.00012246886760655,0.007739511114038642,0.008285840769606383,False
2020-01-07,Gaussian,0.99,2019-01-03,2020-01-06,0.00012246886760655,0.007427285272470018,0.008607974297134086,False
2020-01-08,Historical,0.99,2019-01-04,2020-01-07,0.001201342471587975,0.007739511114038642,0.008285840769606383,False
2020-01-08,Gaussian,0.99,2019-01-04,2020-01-07,0.001201342471587975,0.0073914995635078135,0.008568929923517843,False
2020-01-09,Historical,0.99,2019-01-07,2020-01-08,-0.001196899146558775,0.007739511114038642,0.008285840769606383,False
2020-01-09,Gaussian,0.99,2019-01-07,2020-01-08,-0.001196899146558775,0.007324271501979908,0.008485412568868637,False
2020-01-10,Historical,0.99,2019-01-08,2020-01-09,-0.00099765816711295,0.007739511114038642,0.008285840769606383,False
2020-01-10,Gaussian,0.99,2019-01-08,2020-01-09,-0.00099765816711295,0.0073235833507174315,0.008484765694441551,False
2020-01-13,Historical,0.99,2019-01-09,2020-01-10,-0.0005755776857910753,0.007739511114038642,0.008285840769606383,False
2020-01-13,Gaussian,0.99,2019-01-09,2020-01-10,-0.0005755776857910753,0.007324233173855089,0.008484353183323742,False
2020-01-14,Historical,0.99,2019-01-10,2020-01-13,-5.0868029417675085e-05,0.007739511114038642,0.008285840769606383,False
2020-01-14,Gaussian,0.99,2019-01-10,2020-01-13,-5.0868029417675085e-05,0.007320061034021157,0.008477337412261135,False
2020-01-15,Historical,0.99,2019-01-11,2020-01-14,-0.00322395636211415,0.007739511114038642,0.008285840769606383,False
2020-01-15,Gaussian,0.99,2019-01-11,2020-01-14,-0.00322395636211415,0.0073236409061620805,0.008480972126826835,False
2020-01-16,Historical,0.99,2019-01-14,2020-01-15,-0.00010468694435725005,0.007739511114038642,0.008285840769606383,False
2020-01-16,Gaussian,0.99,2019-01-14,2020-01-15,-0.00010468694435725005,0.007320776013750963,0.0084794215793115,False
2020-01-17,Historical,0.99,2019-01-15,2020-01-16,-0.003353753877959375,0.007739511114038642,0.008285840769606383,False
2020-01-17,Gaussian,0.99,2019-01-15,2020-01-16,-0.003353753877959375,0.007288546185108065,0.008444391563843906,False
2020-01-21,Historical,0.99,2019-01-16,2020-01-17,0.00148337313267245,0.007739511114038642,0.008285840769606383,False
2020-01-21,Gaussian,0.99,2019-01-16,2020-01-17,0.00148337313267245,0.007288134433197549,0.008443852714433457,False
2020-01-22,Historical,0.99,2019-01-17,2020-01-21,0.0010723439811791751,0.007739511114038642,0.008285840769606383,False
2020-01-22,Gaussian,0.99,2019-01-17,2020-01-21,0.0010723439811791751,0.0072999214122294554,0.008456468943312864,False
2020-01-23,Historical,0.99,2019-01-18,2020-01-22,0.0006460480990589251,0.007739511114038642,0.008285840769606383,False
2020-01-23,Gaussian,0.99,2019-01-18,2020-01-22,0.0006460480990589251,0.007308221743302554,0.008465294667226808,False
2020-01-24,Historical,0.99,2019-01-22,2020-01-23,-0.0027007763546049507,0.007739511114038642,0.008285840769606383,False
2020-01-24,Gaussian,0.99,2019-01-22,2020-01-23,-0.0027007763546049507,0.007305552463519513,0.008458860355162008,False
2020-01-27,Historical,0.99,2019-01-23,2020-01-24,0.006267484618150801,0.007739511114038642,0.008285840769606383,False
2020-01-27,Gaussian,0.99,2019-01-23,2020-01-24,0.006267484618150801,0.0072521786041967965,0.008401721587789271,False
2020-01-28,Historical,0.99,2019-01-24,2020-01-27,-0.00175624330279525,0.007739511114038642,0.008285840769606383,False
2020-01-28,Gaussian,0.99,2019-01-24,2020-01-27,-0.00175624330279525,0.007324617379902549,0.00848224817342665,False
2020-01-29,Historical,0.99,2019-01-25,2020-01-28,-0.0024311823988835,0.007739511114038642,0.008285840769606383,False
2020-01-29,Gaussian,0.99,2019-01-25,2020-01-28,-0.0024311823988835,0.0073180608579454035,0.00847583321029776,False
2020-01-30,Historical,0.99,2019-01-28,2020-01-29,0.0023510028319482313,0.007739511114038642,0.008285840769606383,False
2020-01-30,Gaussian,0.99,2019-01-28,2020-01-29,0.0023510028319482313,0.007307837138411215,0.008462716296589548,False
2020-01-31,Historical,0.99,2019-01-29,2020-01-30,0.004973727977871875,0.007739511114038642,0.008285840769606383,False
2020-01-31,Gaussian,0.99,2019-01-29,2020-01-30,0.004973727977871875,0.007295148497792985,0.008448729062198056,False
2020-02-03,Historical,0.99,2019-01-30,2020-01-31,-0.0013596446133427751,0.007739511114038642,0.008285840769606383,False
2020-02-03,Gaussian,0.99,2019-01-30,2020-01-31,-0.0013596446133427751,0.007351424571267178,0.008507406839939988,False
2020-02-04,Historical,0.99,2019-01-31,2020-02-03,-0.002915847159301775,0.007739511114038642,0.008285840769606383,False
2020-02-04,Gaussian,0.99,2019-01-31,2020-02-03,-0.002915847159301775,0.007267705705411036,0.008406554924211525,False
2020-02-05,Historical,0.99,2019-02-01,2020-02-04,-0.003471981545735925,0.007739511114038642,0.008285840769606383,False
2020-02-05,Gaussian,0.99,2019-02-01,2020-02-04,-0.003471981545735925,0.007260783738650558,0.008397758592762905,False
2020-02-06,Historical,0.99,2019-02-04,2020-02-05,-0.003101067858736175,0.007739511114038642,0.008285840769606383,False
2020-02-06,Gaussian,0.99,2019-02-04,2020-02-05,-0.003101067858736175,0.00725952338123657,0.008398205742061834,False
2020-02-07,Historical,0.99,2019-02-05,2020-02-06,0.0007601933307221,0.007739511114038642,0.008285840769606383,False
2020-02-07,Gaussian,0.99,2019-02-05,2020-02-06,0.0007601933307221,0.007258280684498067,0.008398267016152719,False
2020-02-10,Historical,0.99,2019-02-06,2020-02-07,-0.0022970967764369497,0.007739511114038642,0.008285840769606383,False
2020-02-10,Gaussian,0.99,2019-02-06,2020-02-07,-0.0022970967764369497,0.007228704465222367,0.008359657794496685,False
2020-02-11,Historical,0.99,2019-02-07,2020-02-10,-0.0007292340738379748,0.007739511114038642,0.008285840769606383,False
2020-02-11,Gaussian,0.99,2019-02-07,2020-02-10,-0.0007292340738379748,0.007204429792329726,0.008334469504918545,False
2020-02-12,Historical,0.99,2019-02-08,2020-02-11,-0.0019388672532635002,0.007739511114038642,0.008285840769606383,False
2020-02-12,Gaussian,0.99,2019-02-08,2020-02-11,-0.0019388672532635002,0.007161483623994915,0.008287840250567157,False
2020-02-13,Historical,0.99,2019-02-11,2020-02-12,0.0014969447977770001,0.007739511114038642,0.008285840769606383,False
2020-02-13,Gaussian,0.99,2019-02-11,2020-02-12,0.0014969447977770001,0.007158992371583137,0.008285728834023435,False
2020-02-14,Historical,0.99,2019-02-12,2020-02-13,-0.00068559348102345,0.007739511114038642,0.008285840769606383,False
2020-02-14,Gaussian,0.99,2019-02-12,2020-02-13,-0.00068559348102345,0.0071734448835980855,0.008301056583986373,False
2020-02-18,Historical,0.99,2019-02-13,2020-02-14,-0.0019575116531093998,0.007739511114038642,0.008285840769606383,False
2020-02-18,Gaussian,0.99,2019-02-13,2020-02-14,-0.0019575116531093998,0.0071723638716268655,0.008298147001109089,False
2020-02-19,Historical,0.99,2019-02-14,2020-02-18,-0.0051300501443024,0.007739511114038642,0.008285840769606383,False
2020-02-19,Gaussian,0.99,2019-02-14,2020-02-18,-0.0051300501443024,0.00717143298030877,0.008297541485104596,False
2020-02-20,Historical,0.99,2019-02-15,2020-02-19,-0.00011060837761114992,0.007739511114038642,0.008285840769606383,False
2020-02-20,Gaussian,0.99,2019-02-15,2020-02-19,-0.00011060837761114992,0.00718523854657792,0.008315107180026161,False
2020-02-21,Historical,0.99,2019-02-19,2020-02-20,-0.001038139846442025,0.007739511114038642,0.008285840769606383,False
2020-02-21,Gaussian,0.99,2019-02-19,2020-02-20,-0.001038139846442025,0.007174274060154889,0.00829949230659099,False
2020-02-24,Historical,0.99,2019-02-20,2020-02-21,0.012528242801143251,0.007739511114038642,0.008285840769606383,True
2020-02-24,Gaussian,0.99,2019-02-20,2020-02-21,0.012528242801143251,0.007174884641425384,0.008299267053022015,True
2020-02-25,Historical,0.99,2019-02-21,2020-02-24,0.016195780440823374,0.008045772088779013,0.009804266919132075,True
2020-02-25,Gaussian,0.99,2019-02-21,2020-02-24,0.016195780440823374,0.007465800812854753,0.008624279337930548,True
2020-02-26,Historical,0.99,2019-02-22,2020-02-25,-0.0008943340730834,0.008448810065296007,0.01249761885952314,False
2020-02-26,Gaussian,0.99,2019-02-22,2020-02-25,-0.0008943340730834,0.007810267558221316,0.009013311591423467,False
2020-02-27,Historical,0.99,2019-02-25,2020-02-26,0.018515120230692,0.008448810065296007,0.01249761885952314,True
2020-02-27,Gaussian,0.99,2019-02-25,2020-02-26,0.018515120230692,0.007808077830137517,0.009009205338472251,True
2020-02-28,Historical,0.99,2019-02-26,2020-02-27,0.016318245574261897,0.010686132163518396,0.015746381157552874,True
2020-02-28,Gaussian,0.99,2019-02-26,2020-02-27,0.016318245574261897,0.008339938945808907,0.009607842540383583,True
2020-03-02,Historical,0.99,2019-02-27,2020-02-28,-0.015543179934037825,0.01439868699738008,0.01700971541525909,False
2020-03-02,Gaussian,0.99,2019-02-27,2020-02-28,-0.015543179934037825,0.008743724443030726,0.010061037128770472,False
2020-03-03,Historical,0.99,2019-02-28,2020-03-02,-0.006114576932669899,0.01439868699738008,0.01700971541525909,False
2020-03-03,Gaussian,0.99,2019-02-28,2020-03-02,-0.006114576932669899,0.008912460441089782,0.010265928657316572,False
2020-03-04,Historical,0.99,2019-03-01,2020-03-03,-0.01406486771890765,0.01439868699738008,0.01700971541525909,False
2020-03-04,Gaussian,0.99,2019-03-01,2020-03-03,-0.01406486771890765,0.008888977860332001,0.01024486039157561,False
2020-03-05,Historical,0.99,2019-03-04,2020-03-04,0.0049005725102108,0.01439868699738008,0.01700971541525909,False
2020-03-05,Gaussian,0.99,2019-03-04,2020-03-04,0.0049005725102108,0.00902957972602033,0.010415431603678289,False
2020-03-06,Historical,0.99,2019-03-05,2020-03-05,0.0106826845949749,0.01439868699738008,0.01700971541525909,False
2020-03-06,Gaussian,0.99,2019-03-05,2020-03-05,0.0106826845949749,0.00908246312140785,0.010473092747076352,True
2020-03-09,Historical,0.99,2019-03-06,2020-03-06,0.03555561266307535,0.01439868699738008,0.01700971541525909,True
2020-03-09,Gaussian,0.99,2019-03-06,2020-03-06,0.03555561266307535,0.009270185618948082,0.010680823918584992,True
2020-03-10,Historical,0.99,2019-03-07,2020-03-09,-0.0022498868842467518,0.01625823765887702,0.023462992822676415,False
2020-03-10,Gaussian,0.99,2019-03-07,2020-03-09,-0.0022498868842467518,0.01076030031253991,0.012367698811206649,False
2020-03-11,Historical,0.99,2019-03-08,2020-03-10,0.019112807061163577,0.01625823765887702,0.023462992822676415,True
2020-03-11,Gaussian,0.99,2019-03-08,2020-03-10,0.019112807061163577,0.01073521737311903,0.012341864695589662,True
2020-03-12,Historical,0.99,2019-03-11,2020-03-11,0.06080775167200888,0.01743865164904123,0.024394513318310312,True
2020-03-12,Gaussian,0.99,2019-03-11,2020-03-11,0.06080775167200888,0.011177870213196541,0.012837452071786484,True
2020-03-13,Historical,0.99,2019-03-12,2020-03-12,-0.0200975168197321,0.018819940514232497,0.0384920571320826,False
2020-03-13,Gaussian,0.99,2019-03-12,2020-03-12,-0.0200975168197321,0.014538670535026953,0.016650518735683364,False
2020-03-16,Historical,0.99,2019-03-13,2020-03-13,0.036234048956546826,0.018819940514232497,0.0384920571320826,True
2020-03-16,Gaussian,0.99,2019-03-13,2020-03-13,0.036234048956546826,0.014762919516339484,0.016917006369105383,True
2020-03-17,Historical,0.99,2019-03-14,2020-03-16,-0.019088466427216524,0.027498637918138433,0.04419913776387702,False
2020-03-17,Gaussian,0.99,2019-03-14,2020-03-16,-0.019088466427216524,0.01584544462700908,0.0181339665946902,False
2020-03-18,Historical,0.99,2019-03-15,2020-03-17,0.031526598638407545,0.027498637918138433,0.04419913776387702,True
2020-03-18,Gaussian,0.99,2019-03-15,2020-03-17,0.031526598638407545,0.016007224363637555,0.018331917613468748,True
2020-03-19,Historical,0.99,2019-03-18,2020-03-18,-0.0007647426752529498,0.03358139579098809,0.04419913776387702,False
2020-03-19,Gaussian,0.99,2019-03-18,2020-03-18,-0.0007647426752529498,0.0167950728867689,0.019213437474953698,False
2020-03-20,Historical,0.99,2019-03-19,2020-03-19,-0.0011807298747260001,0.03358139579098809,0.04419913776387702,False
2020-03-20,Gaussian,0.99,2019-03-19,2020-03-19,-0.0011807298747260001,0.016797867745442563,0.019215227462766073,False
2020-03-23,Historical,0.99,2019-03-20,2020-03-20,0.0028029016059664498,0.03358139579098809,0.04419913776387702,False
2020-03-23,Gaussian,0.99,2019-03-20,2020-03-20,0.0028029016059664498,0.016798201123335393,0.01921551615932574,False
2020-03-24,Historical,0.99,2019-03-21,2020-03-23,-0.056521588479391774,0.03358139579098809,0.04419913776387702,False
2020-03-24,Gaussian,0.99,2019-03-21,2020-03-23,-0.056521588479391774,0.016817888245687865,0.019235564671775236,False
2020-03-25,Historical,0.99,2019-03-22,2020-03-24,-0.0107257310276383,0.03358139579098809,0.04419913776387702,False
2020-03-25,Gaussian,0.99,2019-03-22,2020-03-24,-0.0107257310276383,0.01857994445523898,0.021285012785057893,False
2020-03-26,Historical,0.99,2019-03-25,2020-03-25,-0.0250179546262842,0.03358139579098809,0.04419913776387702,False
2020-03-26,Gaussian,0.99,2019-03-25,2020-03-25,-0.0250179546262842,0.018542998590695775,0.02125320573995813,False
2020-03-27,Historical,0.99,2019-03-26,2020-03-26,0.021312495699841675,0.03358139579098809,0.04419913776387702,False
2020-03-27,Gaussian,0.99,2019-03-26,2020-03-26,0.021312495699841675,0.018806213614516884,0.021568581130780643,True
2020-03-30,Historical,0.99,2019-03-27,2020-03-27,-0.012480569434185601,0.03358139579098809,0.04419913776387702,False
2020-03-30,Gaussian,0.99,2019-03-27,2020-03-27,-0.012480569434185601,0.019156266039216253,0.021956626039331406,False
2020-03-31,Historical,0.99,2019-03-28,2020-03-30,0.0066449307451254495,0.03358139579098809,0.04419913776387702,False
2020-03-31,Gaussian,0.99,2019-03-28,2020-03-30,0.0066449307451254495,0.019183524108470833,0.021996183457525343,False
2020-04-01,Historical,0.99,2019-03-29,2020-03-31,0.017235842861033177,0.03358139579098809,0.04419913776387702,False
2020-04-01,Gaussian,0.99,2019-03-29,2020-03-31,0.017235842861033177,0.01922990050225845,0.022046156638758394,False
2020-04-02,Historical,0.99,2019-04-01,2020-04-01,-0.01102005749317695,0.03358139579098809,0.04419913776387702,False
2020-04-02,Gaussian,0.99,2019-04-01,2020-04-01,-0.01102005749317695,0.019473566321797302,0.022313488595822994,False
2020-04-03,Historical,0.99,2019-04-02,2020-04-02,0.005316868761017725,0.03358139579098809,0.04419913776387702,False
2020-04-03,Gaussian,0.99,2019-04-02,2020-04-02,0.005316868761017725,0.01950137219193759,0.022350890883729414,False
2020-04-06,Historical,0.99,2019-04-03,2020-04-03,-0.0310875654953564,0.03358139579098809,0.04419913776387702,False
2020-04-06,Gaussian,0.99,2019-04-03,2020-04-03,-0.0310875654953564,0.019545934562628167,0.022396589451886422,False
2020-04-07,Historical,0.99,2019-04-04,2020-04-06,-0.002616628736967325,0.03358139579098809,0.04419913776387702,False
2020-04-07,Gaussian,0.99,2019-04-04,2020-04-06,-0.002616628736967325,0.01994941999021056,0.02287678169657351,False
2020-04-08,Historical,0.99,2019-04-05,2020-04-07,-0.004802311617795825,0.03358139579098809,0.04419913776387702,False
2020-04-08,Gaussian,0.99,2019-04-05,2020-04-07,-0.004802311617795825,0.019945426600282628,0.022873227027484632,False
2020-04-09,Historical,0.99,2019-04-08,2020-04-08,-0.017956510144799775,0.03358139579098809,0.04419913776387702,False
2020-04-09,Gaussian,0.99,2019-04-08,2020-04-08,-0.017956510144799775,0.019944955380308344,0.02287401048785431,False
2020-04-14,Historical,0.99,2019-04-09,2020-04-09,-0.0089195079374636,0.03358139579098809,0.04419913776387702,False
2020-04-14,Gaussian,0.99,2019-04-09,2020-04-09,-0.0089195079374636,0.02004687327466688,0.02300058766628047,False
2020-04-15,Historical,0.99,2019-04-10,2020-04-14,0.012906408373479075,0.03358139579098809,0.04419913776387702,False
2020-04-15,Gaussian,0.99,2019-04-10,2020-04-14,0.012906408373479075,0.020048438741131543,0.02300795293997706,False
2020-04-16,Historical,0.99,2019-04-11,2020-04-15,-0.002875540299978975,0.03358139579098809,0.04419913776387702,False
2020-04-16,Gaussian,0.99,2019-04-11,2020-04-15,-0.002875540299978975,0.020198851217748507,0.02317152726219441,False
2020-04-17,Historical,0.99,2019-04-12,2020-04-16,-0.008233369021517325,0.03358139579098809,0.04419913776387702,False
2020-04-17,Gaussian,0.99,2019-04-12,2020-04-16,-0.008233369021517325,0.020166568818894646,0.023138481857392493,False
2020-04-20,Historical,0.99,2019-04-15,2020-04-17,0.0009171528361873755,0.03358139579098809,0.04419913776387702,False
2020-04-20,Gaussian,0.99,2019-04-15,2020-04-17,0.0009171528361873755,0.020170898584622,0.02314771994065766,False
2020-04-21,Historical,0.99,2019-04-16,2020-04-20,0.016067566005388324,0.03358139579098809,0.04419913776387702,False
2020-04-21,Gaussian,0.99,2019-04-16,2020-04-20,0.016067566005388324,0.020173923452460066,0.023150827921340374,False
2020-04-22,Historical,0.99,2019-04-17,2020-04-21,-0.015617915066630276,0.03358139579098809,0.04419913776387702,False
2020-04-22,Gaussian,0.99,2019-04-17,2020-04-21,-0.015617915066630276,0.020369279026032062,0.023366360549302523,False
2020-04-23,Historical,0.99,2019-04-18,2020-04-22,-0.00494387496353375,0.03358139579098809,0.04419913776387702,False
2020-04-23,Gaussian,0.99,2019-04-18,2020-04-22,-0.00494387496353375,0.020426798044734098,0.023441912257303927,False
2020-04-24,Historical,0.99,2019-04-23,2020-04-23,0.0007227902851831246,0.03358139579098809,0.04419913776387702,False
2020-04-24,Gaussian,0.99,2019-04-23,2020-04-23,0.0007227902851831246,0.020421478782449536,0.02343823538786993,False
2020-04-27,Historical,0.99,2019-04-24,2020-04-24,-0.0047994232543233754,0.03358139579098809,0.04419913776387702,False
2020-04-27,Gaussian,0.99,2019-04-24,2020-04-24,-0.0047994232543233754,0.020433632089958777,0.023449314468848514,False
2020-04-28,Historical,0.99,2019-04-25,2020-04-27,-0.003442040578588426,0.03358139579098809,0.04419913776387702,False
2020-04-28,Gaussian,0.99,2019-04-25,2020-04-27,-0.003442040578588426,0.02042246906453222,0.02343965686504838,False
2020-04-29,Historical,0.99,2019-04-26,2020-04-28,-0.014485225987355424,0.03358139579098809,0.04419913776387702,False
2020-04-29,Gaussian,0.99,2019-04-26,2020-04-28,-0.014485225987355424,0.020406450620320513,0.023424157464875382,False
2020-04-30,Historical,0.99,2019-04-29,2020-04-29,0.0161792703700106,0.03358139579098809,0.04419913776387702,False
2020-04-30,Gaussian,0.99,2019-04-29,2020-04-29,0.0161792703700106,0.020461909464180205,0.023494215144123257,False
2020-05-01,Historical,0.99,2019-04-30,2020-04-30,0.010976947732931525,0.03358139579098809,0.04419913776387702,False
2020-05-01,Gaussian,0.99,2019-04-30,2020-04-30,0.010976947732931525,0.020663730771145236,0.023716557169580058,False
2020-05-04,Historical,0.99,2019-05-01,2020-05-01,-0.0015763606944929,0.03358139579098809,0.04419913776387702,False
2020-05-04,Gaussian,0.99,2019-05-01,2020-05-01,-0.0015763606944929,0.020775996342712044,0.02383834644919972,False
2020-05-05,Historical,0.99,2019-05-02,2020-05-04,-0.007289258819784426,0.03358139579098809,0.04419913776387702,False
2020-05-05,Gaussian,0.99,2019-05-02,2020-05-04,-0.007289258819784426,0.02073862675088055,0.023799218398826427,False
2020-05-06,Historical,0.99,2019-05-03,2020-05-05,0.005695466550433575,0.03358139579098809,0.04419913776387702,False
2020-05-06,Gaussian,0.99,2019-05-03,2020-05-05,0.005695466550433575,0.020714527084413677,0.02377780558862487,False
2020-05-07,Historical,0.99,2019-05-07,2020-05-06,-0.011750913680659376,0.03358139579098809,0.04419913776387702,False
2020-05-07,Gaussian,0.99,2019-05-07,2020-05-06,-0.011750913680659376,0.020764181109441133,0.0238283335024376,False
2020-05-11,Historical,0.99,2019-05-08,2020-05-07,0.00016131759069437472,0.03358139579098809,0.04419913776387702,False
2020-05-11,Gaussian,0.99,2019-05-08,2020-05-07,0.00016131759069437472,0.020733255194394534,0.0238036194110966,False
2020-05-12,Historical,0.99,2019-05-09,2020-05-11,0.0010086286334534495,0.03358139579098809,0.04419913776387702,False
2020-05-12,Gaussian,0.99,2019-05-09,2020-05-11,0.0010086286334534495,0.020728390392393832,0.02379861023620448,False
2020-05-13,Historical,0.99,2019-05-10,2020-05-12,0.0052283618304663,0.03358139579098809,0.04419913776387702,False
2020-05-13,Gaussian,0.99,2019-05-10,2020-05-12,0.0052283618304663,0.02072452218206578,0.023794570654023274,False
2020-05-14,Historical,0.99,2019-05-13,2020-05-13,0.001401541456759851,0.03358139579098809,0.04419913776387702,False
2020-05-14,Gaussian,0.99,2019-05-13,2020-05-13,0.001401541456759851,0.020765504663666473,0.02383783705971533,False
2020-05-15,Historical,0.99,2019-05-14,2020-05-14,-0.004767195021584225,0.03358139579098809,0.04419913776387702,False
2020-05-15,Gaussian,0.99,2019-05-14,2020-05-14,-0.004767195021584225,0.02075025152661964,0.02382164619185327,False
2020-05-18,Historical,0.99,2019-05-15,2020-05-15,-0.01517128095579135,0.03358139579098809,0.04419913776387702,False
2020-05-18,Gaussian,0.99,2019-05-15,2020-05-15,-0.01517128095579135,0.020750394561037337,0.023822222100173696,False
2020-05-19,Historical,0.99,2019-05-16,2020-05-18,0.0014251409519553252,0.03358139579098809,0.04419913776387702,False
2020-05-19,Gaussian,0.99,2019-05-16,2020-05-18,0.0014251409519553252,0.020811667169114322,0.023898913108659645,False
2020-05-20,Historical,0.99,2019-05-17,2020-05-19,-0.007525542657508899,0.03358139579098809,0.04419913776387702,False
2020-05-20,Gaussian,0.99,2019-05-17,2020-05-19,-0.007525542657508899,0.020825368449691073,0.023912689786518743,False
2020-05-21,Historical,0.99,2019-05-20,2020-05-20,0.0075615155771096496,0.03358139579098809,0.04419913776387702,False
2020-05-21,Gaussian,0.99,2019-05-20,2020-05-20,0.0075615155771096496,0.020801341904326757,0.023891458255077894,False
2020-05-22,Historical,0.99,2019-05-21,2020-05-21,-0.00162590149981755,0.03358139579098809,0.04419913776387702,False
2020-05-22,Gaussian,0.99,2019-05-21,2020-05-21,-0.00162590149981755,0.020842967430124718,0.023936729587936353,False
2020-05-26,Historical,0.99,2019-05-22,2020-05-22,-0.0019698888621113003,0.03358139579098809,0.04419913776387702,False
2020-05-26,Gaussian,0.99,2019-05-22,2020-05-22,-0.0019698888621113003,0.02084362497201679,0.023937336235970864,False
2020-05-27,Historical,0.99,2019-05-23,2020-05-26,-0.00751491270450585,0.03358139579098809,0.04419913776387702,False
2020-05-27,Gaussian,0.99,2019-05-23,2020-05-26,-0.00751491270450585,0.020836825635160216,0.02393070756471375,False
2020-05-28,Historical,0.99,2019-05-24,2020-05-27,-0.0031158641849463754,0.03358139579098809,0.04419913776387702,False
2020-05-28,Gaussian,0.99,2019-05-24,2020-05-27,-0.0031158641849463754,0.020814180273541233,0.023910913694342038,False
2020-05-29,Historical,0.99,2019-05-28,2020-05-28,0.0018716230029852748,0.03358139579098809,0.04419913776387702,False
2020-05-29,Gaussian,0.99,2019-05-28,2020-05-28,0.0018716230029852748,0.0208124780793583,0.023909525553372474,False
2020-06-01,Historical,0.99,2019-05-29,2020-05-29,-0.0056846184754227,0.03358139579098809,0.04419913776387702,False
2020-06-01,Gaussian,0.99,2019-05-29,2020-05-29,-0.0056846184754227,0.020809877979710633,0.02390677711559584,False
2020-06-02,Historical,0.99,2019-05-30,2020-06-01,-0.002200071831607775,0.03358139579098809,0.04419913776387702,False
2020-06-02,Gaussian,0.99,2019-05-30,2020-06-01,-0.002200071831607775,0.020769334535014346,0.023866330007620017,False
2020-06-03,Historical,0.99,2019-05-31,2020-06-02,-0.0038422933508435756,0.03358139579098809,0.04419913776387702,False
2020-06-03,Gaussian,0.99,2019-05-31,2020-06-02,-0.0038422933508435756,0.020771799980561657,0.02386794863056683,False
2020-06-04,Historical,0.99,2019-06-03,2020-06-03,0.0008096280594466248,0.03358139579098809,0.04419913776387702,False
2020-06-04,Gaussian,0.99,2019-06-03,2020-06-03,0.0008096280594466248,0.020761017091376163,0.023857963704176307,False
2020-06-05,Historical,0.99,2019-06-04,2020-06-04,-0.005871581352071449,0.03358139579098809,0.04419913776387702,False
2020-06-05,Gaussian,0.99,2019-06-04,2020-06-04,-0.005871581352071449,0.02077475265524031,0.023870357911178676,False
2020-06-08,Historical,0.99,2019-06-05,2020-06-05,-0.005536276687824851,0.03358139579098809,0.04419913776387702,False
2020-06-08,Gaussian,0.99,2019-06-05,2020-06-05,-0.005536276687824851,0.020775188807481484,0.023871045643404785,False
2020-06-09,Historical,0.99,2019-06-06,2020-06-08,0.003930551277236625,0.03358139579098809,0.04419913776387702,False
2020-06-09,Gaussian,0.99,2019-06-06,2020-06-08,0.003930551277236625,0.02077468554120686,0.023872014343637345,False
2020-06-10,Historical,0.99,2019-06-07,2020-06-09,-0.0038623203411137,0.03358139579098809,0.04419913776387702,False
2020-06-10,Gaussian,0.99,2019-06-07,2020-06-09,-0.0038623203411137,0.020809785075940154,0.023907792607723622,False
2020-06-11,Historical,0.99,2019-06-10,2020-06-10,0.02562258995067465,0.03358139579098809,0.04419913776387702,False
2020-06-11,Gaussian,0.99,2019-06-10,2020-06-10,0.02562258995067465,0.020804878003101386,0.023900050110503827,True
2020-06-12,Historical,0.99,2019-06-11,2020-06-11,-0.0042369877546317245,0.03358139579098809,0.04419913776387702,False
2020-06-12,Gaussian,0.99,2019-06-11,2020-06-11,-0.0042369877546317245,0.02124540741013914,0.024390444732066002,False
2020-06-15,Historical,0.99,2019-06-12,2020-06-12,0.0002321313272757252,0.03358139579098809,0.04419913776387702,False
2020-06-15,Gaussian,0.99,2019-06-12,2020-06-12,0.0002321313272757252,0.021237620907671142,0.024383763786689657,False
2020-06-16,Historical,0.99,2019-06-13,2020-06-15,-0.011443797412915301,0.03358139579098809,0.04419913776387702,False
2020-06-16,Gaussian,0.99,2019-06-13,2020-06-15,-0.011443797412915301,0.021240279791244272,0.0243864482790713,False
2020-06-17,Historical,0.99,2019-06-14,2020-06-16,-0.0003904150410944,0.03358139579098809,0.04419913776387702,False
2020-06-17,Gaussian,0.99,2019-06-14,2020-06-16,-0.0003904150410944,0.021264866223443916,0.02441941498684613,False
2020-06-18,Historical,0.99,2019-06-17,2020-06-17,0.000954004534494625,0.03358139579098809,0.04419913776387702,False
2020-06-18,Gaussian,0.99,2019-06-17,2020-06-17,0.000954004534494625,0.0212579356323884,0.024412327153377884,False
2020-06-19,Historical,0.99,2019-06-18,2020-06-18,-0.0041794090671348995,0.03358139579098809,0.04419913776387702,False
2020-06-19,Gaussian,0.99,2019-06-18,2020-06-18,-0.0041794090671348995,0.02126434575318533,0.024418870149388733,False
2020-06-22,Historical,0.99,2019-06-19,2020-06-19,-0.001106159319258225,0.03358139579098809,0.04419913776387702,False
2020-06-22,Gaussian,0.99,2019-06-19,2020-06-19,-0.001106159319258225,0.0212606586276554,0.024412951830264498,False
2020-06-23,Historical,0.99,2019-06-20,2020-06-22,-0.006122000290888525,0.03358139579098809,0.04419913776387702,False
2020-06-23,Gaussian,0.99,2019-06-20,2020-06-22,-0.006122000290888525,0.02126220248700579,0.024414421963241208,False
2020-06-24,Historical,0.99,2019-06-21,2020-06-23,0.014629928064674301,0.03358139579098809,0.04419913776387702,False
2020-06-24,Gaussian,0.99,2019-06-21,2020-06-23,0.014629928064674301,0.02124897793681643,0.024397140842687064,False
2020-06-25,Historical,0.99,2019-06-24,2020-06-24,-0.003585580707605075,0.03358139579098809,0.04419913776387702,False
2020-06-25,Gaussian,0.99,2019-06-24,2020-06-24,-0.003585580707605075,0.021418646878071705,0.024583144706087457,False
2020-06-26,Historical,0.99,2019-06-25,2020-06-25,0.0037665505545989002,0.03358139579098809,0.04419913776387702,False
2020-06-26,Gaussian,0.99,2019-06-25,2020-06-25,0.0037665505545989002,0.021418891582306213,0.024582917025969025,False
2020-06-29,Historical,0.99,2019-06-26,2020-06-26,-0.006751731143777875,0.03358139579098809,0.04419913776387702,False
2020-06-29,Gaussian,0.99,2019-06-26,2020-06-26,-0.006751731143777875,0.021435686695092236,0.024600727309946432,False
2020-06-30,Historical,0.99,2019-06-27,2020-06-29,-0.002259444301402025,0.03358139579098809,0.04419913776387702,False
2020-06-30,Gaussian,0.99,2019-06-27,2020-06-29,-0.002259444301402025,0.021405549648853488,0.024572362221202716,False
2020-07-01,Historical,0.99,2019-06-28,2020-06-30,0.00072891264487325,0.03358139579098809,0.04419913776387702,False
2020-07-01,Gaussian,0.99,2019-06-28,2020-06-30,0.00072891264487325,0.021402100498804606,0.024569151173051793,False
2020-07-02,Historical,0.99,2019-07-01,2020-07-01,-0.005329214234451474,0.03358139579098809,0.04419913776387702,False
2020-07-02,Gaussian,0.99,2019-07-01,2020-07-01,-0.005329214234451474,0.021414045596018727,0.024580653397265388,False
2020-07-06,Historical,0.99,2019-07-02,2020-07-02,-0.006920673690515275,0.03358139579098809,0.04419913776387702,False
2020-07-06,Gaussian,0.99,2019-07-02,2020-07-02,-0.006920673690515275,0.02140124470338293,0.024569569441103317,False
2020-07-07,Historical,0.99,2019-07-03,2020-07-06,0.0041429245526924995,0.03358139579098809,0.04419913776387702,False
2020-07-07,Gaussian,0.99,2019-07-03,2020-07-06,0.0041429245526924995,0.021393649297526074,0.024559645513027542,False
2020-07-08,Historical,0.99,2019-07-05,2020-07-07,-0.0017590425314897749,0.03358139579098809,0.04419913776387702,False
2020-07-08,Gaussian,0.99,2019-07-05,2020-07-07,-0.0017590425314897749,0.021429483670715597,0.024595684655201674,False
2020-07-09,Historical,0.99,2019-07-08,2020-07-08,0.00561504406811475,0.03358139579098809,0.04419913776387702,False
2020-07-09,Gaussian,0.99,2019-07-08,2020-07-08,0.00561504406811475,0.021372307317100835,0.024535092265492782,False
2020-07-10,Historical,0.99,2019-07-09,2020-07-09,-0.0033694795110177254,0.03358139579098809,0.04419913776387702,False
2020-07-10,Gaussian,0.99,2019-07-09,2020-07-09,-0.0033694795110177254,0.02139347797665317,0.02455793595324782,False
2020-07-13,Historical,0.99,2019-07-10,2020-07-10,-0.0015501932494433996,0.03358139579098809,0.04419913776387702,False
2020-07-13,Gaussian,0.99,2019-07-10,2020-07-10,-0.0015501932494433996,0.021386972064633757,0.02455209521787387,False
2020-07-14,Historical,0.99,2019-07-11,2020-07-13,-0.004642762703085198,0.03358139579098809,0.04419913776387702,False
2020-07-14,Gaussian,0.99,2019-07-11,2020-07-13,-0.004642762703085198,0.02139061024907611,0.02455424206643271,False
2020-07-15,Historical,0.99,2019-07-12,2020-07-14,-0.0069762494563585745,0.03358139579098809,0.04419913776387702,False
2020-07-15,Gaussian,0.99,2019-07-12,2020-07-14,-0.0069762494563585745,0.0213601513519671,0.02452407139860245,False
2020-07-16,Historical,0.99,2019-07-15,2020-07-15,0.0046986087527754496,0.03358139579098809,0.04419913776387702,False
2020-07-16,Gaussian,0.99,2019-07-15,2020-07-15,0.0046986087527754496,0.021362428454557245,0.02452907412984903,False
2020-07-17,Historical,0.99,2019-07-16,2020-07-16,-0.0042939864135987495,0.03358139579098809,0.04419913776387702,False
2020-07-17,Gaussian,0.99,2019-07-16,2020-07-16,-0.0042939864135987495,0.02139917906218779,0.02456760876945204,False
2020-07-20,Historical,0.99,2019-07-17,2020-07-17,-0.0023260882199967253,0.03358139579098809,0.04419913776387702,False
2020-07-20,Gaussian,0.99,2019-07-17,2020-07-17,-0.0023260882199967253,0.021378887347406575,0.02454803156919059,False
2020-07-21,Historical,0.99,2019-07-18,2020-07-20,-0.004026058106702824,0.03358139579098809,0.04419913776387702,False
2020-07-21,Gaussian,0.99,2019-07-18,2020-07-20,-0.004026058106702824,0.021378785309139472,0.024547943277383043,False
2020-07-22,Historical,0.99,2019-07-19,2020-07-21,-0.00282304911298825,0.03358139579098809,0.04419913776387702,False
2020-07-22,Gaussian,0.99,2019-07-19,2020-07-21,-0.00282304911298825,0.021378569150713192,0.024547923828942258,False
2020-07-23,Historical,0.99,2019-07-22,2020-07-22,0.0004551576861151498,0.03358139579098809,0.04419913776387702,False
2020-07-23,Gaussian,0.99,2019-07-22,2020-07-22,0.0004551576861151498,0.021334154656686356,0.024501691620669962,False
2020-07-24,Historical,0.99,2019-07-23,2020-07-23,0.003051129194740625,0.03358139579098809,0.04419913776387702,False
2020-07-24,Gaussian,0.99,2019-07-23,2020-07-23,0.003051129194740625,0.021340140606273664,0.024507707185620578,False
2020-07-27,Historical,0.99,2019-07-24,2020-07-24,-0.005627301591346851,0.03358139579098809,0.04419913776387702,False
2020-07-27,Gaussian,0.99,2019-07-24,2020-07-24,-0.005627301591346851,0.021363033123385652,0.024531407508517723,False
2020-07-28,Historical,0.99,2019-07-25,2020-07-27,-0.0020597084143875754,0.03358139579098809,0.04419913776387702,False
2020-07-28,Gaussian,0.99,2019-07-25,2020-07-27,-0.0020597084143875754,0.02135792226711136,0.024528262208686407,False
2020-07-29,Historical,0.99,2019-07-26,2020-07-28,-0.0054010880463341,0.03358139579098809,0.04419913776387702,False
2020-07-29,Gaussian,0.99,2019-07-26,2020-07-28,-0.0054010880463341,0.021325867939090918,0.024495028370465126,False
2020-07-30,Historical,0.99,2019-07-29,2020-07-29,0.00821031070754205,0.03358139579098809,0.04419913776387702,False
2020-07-30,Gaussian,0.99,2019-07-29,2020-07-29,0.00821031070754205,0.021326307122278135,0.024496221794370634,False
2020-07-31,Historical,0.99,2019-07-30,2020-07-30,-0.0004025344105387254,0.03358139579098809,0.04419913776387702,False
2020-07-31,Gaussian,0.99,2019-07-30,2020-07-30,-0.0004025344105387254,0.021404529671166964,0.024577533921427235,False
2020-08-03,Historical,0.99,2019-07-31,2020-07-31,-0.0076828775818435745,0.03358139579098809,0.04419913776387702,False
2020-08-03,Gaussian,0.99,2019-07-31,2020-07-31,-0.0076828775818435745,0.021398028753778796,0.024570896658942493,False
2020-08-04,Historical,0.99,2019-08-01,2020-08-03,-0.007207080172145624,0.03358139579098809,0.04419913776387702,False
2020-08-04,Gaussian,0.99,2019-08-01,2020-08-03,-0.007207080172145624,0.02133450620774967,0.024506864131658698,False
2020-08-05,Historical,0.99,2019-08-02,2020-08-04,-0.00594069533189605,0.03358139579098809,0.04419913776387702,False
2020-08-05,Gaussian,0.99,2019-08-02,2020-08-04,-0.00594069533189605,0.02133613986726494,0.024509130882826746,False
2020-08-06,Historical,0.99,2019-08-05,2020-08-05,-0.0020247422860691,0.03358139579098809,0.04419913776387702,False
2020-08-06,Gaussian,0.99,2019-08-05,2020-08-05,-0.0020247422860691,0.021257990775799387,0.024427788328126202,False
2020-08-07,Historical,0.99,2019-08-06,2020-08-06,0.004122563016973775,0.03358139579098809,0.04419913776387702,False
2020-08-07,Gaussian,0.99,2019-08-06,2020-08-06,0.004122563016973775,0.021183051765169054,0.024347758607039405,False
2020-08-10,Historical,0.99,2019-08-07,2020-08-07,-0.0003181199990279998,0.03358139579098809,0.04419913776387702,False
2020-08-10,Gaussian,0.99,2019-08-07,2020-08-07,-0.0003181199990279998,0.02122025168328245,0.02438571371514397,False
2020-08-11,Historical,0.99,2019-08-08,2020-08-10,0.011988970017166898,0.03358139579098809,0.04419913776387702,False
2020-08-11,Gaussian,0.99,2019-08-08,2020-08-10,0.011988970017166898,0.021228907299936924,0.02439294279947745,False
2020-08-12,Historical,0.99,2019-08-09,2020-08-11,-0.006704500873729124,0.03358139579098809,0.04419913776387702,False
2020-08-12,Gaussian,0.99,2019-08-09,2020-08-11,-0.006704500873729124,0.021353673624559488,0.024523653862934123,False
2020-08-13,Historical,0.99,2019-08-12,2020-08-12,-0.0011169252862987498,0.03358139579098809,0.04419913776387702,False
2020-08-13,Gaussian,0.99,2019-08-12,2020-08-12,-0.0011169252862987498,0.02132105191866628,0.024492494005624872,False
2020-08-14,Historical,0.99,2019-08-13,2020-08-13,0.0048605587903576995,0.03358139579098809,0.04419913776387702,False
2020-08-14,Gaussian,0.99,2019-08-13,2020-08-13,0.0048605587903576995,0.02131666108554128,0.02448811962940122,False
2020-08-17,Historical,0.99,2019-08-14,2020-08-14,-0.00804801392455185,0.03358139579098809,0.04419913776387702,False
2020-08-17,Gaussian,0.99,2019-08-14,2020-08-14,-0.00804801392455185,0.02135748540380125,0.024530751082032728,False
2020-08-18,Historical,0.99,2019-08-15,2020-08-17,-0.0011867909118704,0.03358139579098809,0.04419913776387702,False
2020-08-18,Gaussian,0.99,2019-08-15,2020-08-17,-0.0011867909118704,0.021292474927959156,0.024465328040067326,False
2020-08-19,Historical,0.99,2019-08-16,2020-08-18,0.007864257232585175,0.03358139579098809,0.04419913776387702,False
2020-08-19,Gaussian,0.99,2019-08-16,2020-08-18,0.007864257232585175,0.021291981388875197,0.024464847754300308,False
2020-08-20,Historical,0.99,2019-08-19,2020-08-19,0.0007999892187622001,0.03358139579098809,0.04419913776387702,False
2020-08-20,Gaussian,0.99,2019-08-19,2020-08-19,0.0007999892187622001,0.021367030107513636,0.02454442635920655,False
2020-08-21,Historical,0.99,2019-08-20,2020-08-20,0.0014320358978043997,0.03358139579098809,0.04419913776387702,False
2020-08-21,Gaussian,0.99,2019-08-20,2020-08-20,0.0014320358978043997,0.021376323224284333,0.02455375596983475,False
2020-08-24,Historical,0.99,2019-08-21,2020-08-21,-0.005030373332405275,0.03358139579098809,0.04419913776387702,False
2020-08-24,Gaussian,0.99,2019-08-21,2020-08-21,-0.005030373332405275,0.021377802552235887,0.024555300442116477,False
2020-08-25,Historical,0.99,2019-08-22,2020-08-24,0.002164004520055975,0.03358139579098809,0.04419913776387702,False
2020-08-25,Gaussian,0.99,2019-08-22,2020-08-24,0.002164004520055975,0.021377394900960175,0.0245557938171754,False
2020-08-26,Historical,0.99,2019-08-23,2020-08-25,-0.005754582289730475,0.03358139579098809,0.04419913776387702,False
2020-08-26,Gaussian,0.99,2019-08-23,2020-08-25,-0.005754582289730475,0.021364071621423064,0.024541566697353304,False
2020-08-27,Historical,0.99,2019-08-27,2020-08-26,0.005242004198632775,0.03358139579098809,0.04419913776387702,False
2020-08-27,Gaussian,0.99,2019-08-27,2020-08-26,0.005242004198632775,0.021349532648256293,0.024528887695638327,False
2020-08-28,Historical,0.99,2019-08-28,2020-08-27,-0.004924144325728325,0.03358139579098809,0.04419913776387702,False
2020-08-28,Gaussian,0.99,2019-08-28,2020-08-27,-0.004924144325728325,0.021396385471334038,0.02457659277525898,False
2020-09-01,Historical,0.99,2019-08-29,2020-08-28,0.00094355703895365,0.03358139579098809,0.04419913776387702,False
2020-09-01,Gaussian,0.99,2019-08-29,2020-08-28,0.00094355703895365,0.02139324128917602,0.02457474972089898,False
2020-09-02,Historical,0.99,2019-08-30,2020-09-01,-0.004272237657921001,0.03358139579098809,0.04419913776387702,False
2020-09-02,Gaussian,0.99,2019-08-30,2020-09-01,-0.004272237657921001,0.021407146492033003,0.024588181817366297,False
2020-09-03,Historical,0.99,2019-09-03,2020-09-02,0.014271059681144,0.03358139579098809,0.04419913776387702,False
2020-09-03,Gaussian,0.99,2019-09-03,2020-09-02,0.014271059681144,0.021398893715218914,0.024580993876458988,False
2020-09-04,Historical,0.99,2019-09-04,2020-09-03,0.004948281845929849,0.03358139579098809,0.04419913776387702,False
2020-09-04,Gaussian,0.99,2019-09-04,2020-09-03,0.004948281845929849,0.021572637995705565,0.024769156891957272,False
2020-09-08,Historical,0.99,2019-09-05,2020-09-04,0.0012296105066089752,0.03358139579098809,0.04419913776387702,False
2020-09-08,Gaussian,0.99,2019-09-05,2020-09-04,0.0012296105066089752,0.02161427122496191,0.024810388976099516,False
2020-09-09,Historical,0.99,2019-09-06,2020-09-08,-0.010817955233830601,0.03358139579098809,0.04419913776387702,False
2020-09-09,Gaussian,0.99,2019-09-06,2020-09-08,-0.010817955233830601,0.021575139258326916,0.024768413398387767,False
2020-09-10,Historical,0.99,2019-09-09,2020-09-09,0.005288725388473175,0.03358139579098809,0.04419913776387702,False
2020-09-10,Gaussian,0.99,2019-09-09,2020-09-09,0.005288725388473175,0.021578937094233332,0.02477986413661029,False
2020-09-11,Historical,0.99,2019-09-10,2020-09-10,-0.0017088511775099808,0.03358139579098809,0.04419913776387702,False
2020-09-11,Gaussian,0.99,2019-09-10,2020-09-10,-0.0017088511775099808,0.02158970055419546,0.024791500925792846,False
2020-09-14,Historical,0.99,2019-09-11,2020-09-11,-0.004692749288617175,0.03358139579098809,0.04419913776387702,False
2020-09-14,Gaussian,0.99,2019-09-11,2020-09-11,-0.004692749288617175,0.02156769718141418,0.024768899370227783,False
2020-09-15,Historical,0.99,2019-09-12,2020-09-14,-0.0038692096769496,0.03358139579098809,0.04419913776387702,False
2020-09-15,Gaussian,0.99,2019-09-12,2020-09-14,-0.0038692096769496,0.021567197370069954,0.02476786494876158,False
2020-09-16,Historical,0.99,2019-09-13,2020-09-15,0.001695223166965025,0.03358139579098809,0.04419913776387702,False
2020-09-16,Gaussian,0.99,2019-09-13,2020-09-15,0.001695223166965025,0.021561124839753646,0.024762636181353978,False
2020-09-17,Historical,0.99,2019-09-16,2020-09-16,0.00456981659365725,0.03358139579098809,0.04419913776387702,False
2020-09-17,Gaussian,0.99,2019-09-16,2020-09-16,0.00456981659365725,0.021546423120841627,0.02474699681448435,False
2020-09-18,Historical,0.99,2019-09-17,2020-09-17,0.004462112917211025,0.03358139579098809,0.04419913776387702,False
2020-09-18,Gaussian,0.99,2019-09-17,2020-09-17,0.004462112917211025,0.021580205067872435,0.024782556363750943,False
2020-09-21,Historical,0.99,2019-09-18,2020-09-18,0.015902622467238975,0.03358139579098809,0.04419913776387702,False
2020-09-21,Gaussian,0.99,2019-09-18,2020-09-18,0.015902622467238975,0.021615811365647556,0.024819723957947498,False
2020-09-22,Historical,0.99,2019-09-19,2020-09-21,-0.0025033183490493997,0.03358139579098809,0.04419913776387702,False
2020-09-22,Gaussian,0.99,2019-09-19,2020-09-21,-0.0025033183490493997,0.021801224309130816,0.025023817778830837,False
2020-09-23,Historical,0.99,2019-09-20,2020-09-22,0.0083386008137071,0.03358139579098809,0.04419913776387702,False
2020-09-23,Gaussian,0.99,2019-09-20,2020-09-22,0.0083386008137071,0.021801356283070426,0.025023926759929857,False
2020-09-24,Historical,0.99,2019-09-23,2020-09-23,0.0014423516781243502,0.03358139579098809,0.04419913776387702,False
2020-09-24,Gaussian,0.99,2019-09-23,2020-09-23,0.0014423516781243502,0.021879432726550026,0.02510689950905032,False
2020-09-25,Historical,0.99,2019-09-24,2020-09-24,-0.004341057415898175,0.03358139579098809,0.04419913776387702,False
2020-09-25,Gaussian,0.99,2019-09-24,2020-09-24,-0.004341057415898175,0.02189068348449658,0.025118312293765203,False
2020-09-28,Historical,0.99,2019-09-25,2020-09-25,-0.01014736404025615,0.03358139579098809,0.04419913776387702,False
2020-09-28,Gaussian,0.99,2019-09-25,2020-09-25,-0.01014736404025615,0.02187805756459226,0.025106795081163757,False
2020-09-29,Historical,0.99,2019-09-26,2020-09-28,0.00019275724175392482,0.03358139579098809,0.04419913776387702,False
2020-09-29,Gaussian,0.99,2019-09-26,2020-09-28,0.00019275724175392482,0.021852902987105648,0.025086677409195735,False
2020-09-30,Historical,0.99,2019-09-27,2020-09-29,0.0014442339503353248,0.03358139579098809,0.04419913776387702,False
2020-09-30,Gaussian,0.99,2019-09-27,2020-09-29,0.0014442339503353248,0.021860358737668444,0.025093968666557213,False
2020-10-01,Historical,0.99,2019-09-30,2020-09-30,-0.00426607175628255,0.03358139579098809,0.04419913776387702,False
2020-10-01,Gaussian,0.99,2019-09-30,2020-09-30,-0.00426607175628255,0.02186886154639491,0.0251026971335767,False
2020-10-02,Historical,0.99,2019-10-01,2020-10-01,0.0019035154477902749,0.03358139579098809,0.04419913776387702,False
2020-10-02,Gaussian,0.99,2019-10-01,2020-10-01,0.0019035154477902749,0.021841654063743537,0.025075774740826243,False
2020-10-05,Historical,0.99,2019-10-02,2020-10-02,-0.005857647086251575,0.03358139579098809,0.04419913776387702,False
2020-10-05,Gaussian,0.99,2019-10-02,2020-10-02,-0.005857647086251575,0.021836944252011183,0.025070796622148703,False
2020-10-06,Historical,0.99,2019-10-03,2020-10-05,0.0055601548425529505,0.03358139579098809,0.04419913776387702,False
2020-10-06,Gaussian,0.99,2019-10-03,2020-10-05,0.0055601548425529505,0.021751951938888823,0.024981946181533387,False
2020-10-07,Historical,0.99,2019-10-04,2020-10-06,-0.00336310649982275,0.03358139579098809,0.04419913776387702,False
2020-10-07,Gaussian,0.99,2019-10-04,2020-10-06,-0.00336310649982275,0.021800108332349882,0.025032214076866195,False
2020-10-08,Historical,0.99,2019-10-07,2020-10-07,-0.004679134943531275,0.03358139579098809,0.04419913776387702,False
2020-10-08,Gaussian,0.99,2019-10-07,2020-10-07,-0.004679134943531275,0.021798058956720462,0.025027871505839853,False
2020-10-09,Historical,0.99,2019-10-08,2020-10-08,-0.008233313714342175,0.03358139579098809,0.04419913776387702,False
2020-10-09,Gaussian,0.99,2019-10-08,2020-10-08,-0.008233313714342175,0.021773572996474345,0.025004060697567512,False
2020-10-12,Historical,0.99,2019-10-09,2020-10-09,-0.0030188070876789753,0.03358139579098809,0.04419913776387702,False
2020-10-12,Gaussian,0.99,2019-10-09,2020-10-09,-0.0030188070876789753,0.0217521778166593,0.024986138210936846,False
2020-10-13,Historical,0.99,2019-10-10,2020-10-12,0.0062721538543185,0.03358139579098809,0.04419913776387702,False
2020-10-13,Gaussian,0.99,2019-10-10,2020-10-12,0.0062721538543185,0.021751623577815522,0.024985698998334666,False
2020-10-14,Historical,0.99,2019-10-11,2020-10-13,0.002248745648061475,0.03358139579098809,0.04419913776387702,False
2020-10-14,Gaussian,0.99,2019-10-11,2020-10-13,0.002248745648061475,0.021791212655285518,0.02502824496214978,False
2020-10-15,Historical,0.99,2019-10-14,2020-10-14,0.004059829775564025,0.03358139579098809,0.04419913776387702,False
2020-10-15,Gaussian,0.99,2019-10-14,2020-10-14,0.004059829775564025,0.021809846308024614,0.025047261240717735,False
2020-10-16,Historical,0.99,2019-10-15,2020-10-15,-0.002756620864203075,0.03358139579098809,0.04419913776387702,False
2020-10-16,Gaussian,0.99,2019-10-15,2020-10-15,-0.002756620864203075,0.021836561156129055,0.025075393310005065,False
2020-10-19,Historical,0.99,2019-10-16,2020-10-16,0.00584253421981365,0.03358139579098809,0.04419913776387702,False
2020-10-19,Gaussian,0.99,2019-10-16,2020-10-16,0.00584253421981365,0.021825726112382857,0.02506489073896576,False
2020-10-20,Historical,0.99,2019-10-17,2020-10-19,-0.002041249563847025,0.03358139579098809,0.04419913776387702,False
2020-10-20,Gaussian,0.99,2019-10-17,2020-10-19,-0.002041249563847025,0.021867671407329196,0.025109592026189415,False
2020-10-21,Historical,0.99,2019-10-18,2020-10-20,0.003781434155704575,0.03358139579098809,0.04419913776387702,False
2020-10-21,Gaussian,0.99,2019-10-18,2020-10-20,0.003781434155704575,0.021866107548001706,0.025108141287986233,False
2020-10-22,Historical,0.99,2019-10-21,2020-10-21,0.0016176603751145997,0.03358139579098809,0.04419913776387702,False
2020-10-22,Gaussian,0.99,2019-10-21,2020-10-21,0.0016176603751145997,0.02187812741621453,0.025120947694908764,False
2020-10-23,Historical,0.99,2019-10-22,2020-10-22,-0.0041728025974837255,0.03358139579098809,0.04419913776387702,False
2020-10-23,Gaussian,0.99,2019-10-22,2020-10-22,-0.0041728025974837255,0.021886755538338222,0.025129852655571893,False
2020-10-26,Historical,0.99,2019-10-23,2020-10-23,0.0070224421512073,0.03358139579098809,0.04419913776387702,False
2020-10-26,Gaussian,0.99,2019-10-23,2020-10-23,0.0070224421512073,0.021884108469318753,0.025128009995186464,False
2020-10-27,Historical,0.99,2019-10-24,2020-10-26,0.0022583018751012,0.03358139579098809,0.04419913776387702,False
2020-10-27,Gaussian,0.99,2019-10-24,2020-10-26,0.0022583018751012,0.021947517875309613,0.025194781082856624,False
2020-10-28,Historical,0.99,2019-10-25,2020-10-27,0.019258400819430626,0.03358139579098809,0.04419913776387702,False
2020-10-28,Gaussian,0.99,2019-10-25,2020-10-27,0.019258400819430626,0.02196934670061627,0.025215827328044463,False
2020-10-29,Historical,0.99,2019-10-28,2020-10-28,-0.0008518282974685496,0.03358139579098809,0.04419913776387702,False
2020-10-29,Gaussian,0.99,2019-10-28,2020-10-28,-0.0008518282974685496,0.022235235613345613,0.025508680987897776,False
2020-10-30,Historical,0.99,2019-10-29,2020-10-29,0.00290304940585675,0.03358139579098809,0.04419913776387702,False
2020-10-30,Gaussian,0.99,2019-10-29,2020-10-29,0.00290304940585675,0.022224746702482954,0.02549801336697064,False
2020-11-02,Historical,0.99,2019-10-30,2020-10-30,-0.0094177883097974,0.03358139579098809,0.04419913776387702,False
2020-11-02,Gaussian,0.99,2019-10-30,2020-10-30,-0.0094177883097974,0.02223351227050664,0.025507255111488845,False
2020-11-03,Historical,0.99,2019-10-31,2020-11-02,-0.01113413077339535,0.03358139579098809,0.04419913776387702,False
2020-11-03,Gaussian,0.99,2019-10-31,2020-11-02,-0.01113413077339535,0.02224571219070524,0.02552425045802501,False
2020-11-04,Historical,0.99,2019-11-01,2020-11-03,-0.011646657696073825,0.03358139579098809,0.04419913776387702,False
2020-11-04,Gaussian,0.99,2019-11-01,2020-11-03,-0.011646657696073825,0.022260014506381313,0.025546819669026388,False
2020-11-05,Historical,0.99,2019-11-04,2020-11-04,-0.011542834792897926,0.03358139579098809,0.04419913776387702,False
2020-11-05,Gaussian,0.99,2019-11-04,2020-11-04,-0.011542834792897926,0.022284645710855006,0.025579474023263077,False
2020-11-06,Historical,0.99,2019-11-05,2020-11-05,0.0004035786160652,0.03358139579098809,0.04419913776387702,False
2020-11-06,Gaussian,0.99,2019-11-05,2020-11-05,0.0004035786160652,0.022303113046631094,0.025606634351879678,False
2020-11-09,Historical,0.99,2019-11-06,2020-11-06,-0.0016985338385086491,0.03358139579098809,0.04419913776387702,False
2020-11-09,Gaussian,0.99,2019-11-06,2020-11-06,-0.0016985338385086491,0.022270557900472117,0.025572051170975836,False
2020-11-10,Historical,0.99,2019-11-07,2020-11-09,-0.0042371486206013755,0.03358139579098809,0.04419913776387702,False
2020-11-10,Gaussian,0.99,2019-11-07,2020-11-09,-0.0042371486206013755,0.022271950068525358,0.025573318935208998,False
2020-11-11,Historical,0.99,2019-11-08,2020-11-10,-0.004612205689946474,0.03358139579098809,0.04419913776387702,False
2020-11-11,Gaussian,0.99,2019-11-08,2020-11-10,-0.004612205689946474,0.02222917759088589,0.0255296220389929,False
2020-11-12,Historical,0.99,2019-11-11,2020-11-11,0.0012486072036078,0.03358139579098809,0.04419913776387702,False
2020-11-12,Gaussian,0.99,2019-11-11,2020-11-11,0.0012486072036078,0.02220226578520005,0.025503153822652343,False
2020-11-13,Historical,0.99,2019-11-12,2020-11-12,-0.003887252861872175,0.03358139579098809,0.04419913776387702,False
2020-11-13,Gaussian,0.99,2019-11-12,2020-11-12,-0.003887252861872175,0.022198585122883124,0.025499298297842147,False
2020-11-16,Historical,0.99,2019-11-13,2020-11-13,-0.0068621137828343975,0.03358139579098809,0.04419913776387702,False
2020-11-16,Gaussian,0.99,2019-11-13,2020-11-13,-0.0068621137828343975,0.02219653928850239,0.025497798825595087,False
2020-11-17,Historical,0.99,2019-11-14,2020-11-16,0.0036489710151960996,0.03358139579098809,0.04419913776387702,False
2020-11-17,Gaussian,0.99,2019-11-14,2020-11-16,0.0036489710151960996,0.02219374284359259,0.02549779176274211,False
2020-11-18,Historical,0.99,2019-11-15,2020-11-17,0.003623167417342075,0.03358139579098809,0.04419913776387702,False
2020-11-18,Gaussian,0.99,2019-11-15,2020-11-17,0.003623167417342075,0.022218660109408258,0.025523898626038415,False
2020-11-19,Historical,0.99,2019-11-18,2020-11-18,0.001201954377652275,0.03358139579098809,0.04419913776387702,False
2020-11-19,Gaussian,0.99,2019-11-18,2020-11-18,0.001201954377652275,0.0222464348410034,0.025552771174564122,False
2020-11-20,Historical,0.99,2019-11-19,2020-11-19,-0.00016955765042749992,0.03358139579098809,0.04419913776387702,False
2020-11-20,Gaussian,0.99,2019-11-19,2020-11-19,-0.00016955765042749992,0.02225788898339011,0.025564343344005876,False
2020-11-23,Historical,0.99,2019-11-20,2020-11-20,0.0047090770671847255,0.03358139579098809,0.04419913776387702,False
2020-11-23,Gaussian,0.99,2019-11-20,2020-11-20,0.0047090770671847255,0.022261096186530775,0.025567533706008207,False
2020-11-24,Historical,0.99,2019-11-21,2020-11-23,-0.00369728535485835,0.03358139579098809,0.04419913776387702,False
2020-11-24,Gaussian,0.99,2019-11-21,2020-11-23,-0.00369728535485835,0.02228183778264774,0.025589710401372073,False
2020-11-25,Historical,0.99,2019-11-22,2020-11-24,0.002028109923401575,0.03358139579098809,0.04419913776387702,False
2020-11-25,Gaussian,0.99,2019-11-22,2020-11-24,0.002028109923401575,0.022252883213608594,0.02556056446162803,False
2020-11-27,Historical,0.99,2019-11-25,2020-11-25,0.0021075527493415753,0.03358139579098809,0.04419913776387702,False
2020-11-27,Gaussian,0.99,2019-11-25,2020-11-25,0.0021075527493415753,0.02227290873497582,0.025580534024394842,False
2020-11-30,Historical,0.99,2019-11-26,2020-11-27,0.0069646057971862,0.03358139579098809,0.04419913776387702,False
2020-11-30,Gaussian,0.99,2019-11-26,2020-11-27,0.0069646057971862,0.022293465036658345,0.02560101418726213,False
2020-12-01,Historical,0.99,2019-11-27,2020-11-30,-0.011480436535666475,0.03358139579098809,0.04419913776387702,False
2020-12-01,Gaussian,0.99,2019-11-27,2020-11-30,-0.011480436535666475,0.022355010813622612,0.025666038171524762,False
2020-12-02,Historical,0.99,2019-11-29,2020-12-01,-0.004991921143334425,0.03358139579098809,0.04419913776387702,False
2020-12-02,Gaussian,0.99,2019-11-29,2020-12-01,-0.004991921143334425,0.022367531683920156,0.025687087980622032,False
2020-12-03,Historical,0.99,2019-12-02,2020-12-02,-0.00352235110018615,0.03358139579098809,0.04419913776387702,False
2020-12-03,Gaussian,0.99,2019-12-02,2020-12-02,-0.00352235110018615,0.022343644654870067,0.02566406115974249,False
2020-12-04,Historical,0.99,2019-12-03,2020-12-03,-0.0028267172601031,0.03358139579098809,0.04419913776387702,False
2020-12-04,Gaussian,0.99,2019-12-03,2020-12-03,-0.0028267172601031,0.0222974581092867,0.025616254925730168,False
2020-12-07,Historical,0.99,2019-12-04,2020-12-04,-0.004218335852651901,0.03358139579098809,0.04419913776387702,False
2020-12-07,Gaussian,0.99,2019-12-04,2020-12-04,-0.004218335852651901,0.022281454591350974,0.025600380762857564,False
2020-12-08,Historical,0.99,2019-12-05,2020-12-07,-0.001949035705899475,0.03358139579098809,0.04419913776387702,False
2020-12-08,Gaussian,0.99,2019-12-05,2020-12-07,-0.001949035705899475,0.022276098386185644,0.025595934997694077,False
2020-12-09,Historical,0.99,2019-12-06,2020-12-08,0.00640585268339675,0.03358139579098809,0.04419913776387702,False
2020-12-09,Gaussian,0.99,2019-12-06,2020-12-08,0.00640585268339675,0.022259355310699364,0.025578951072888798,False
2020-12-10,Historical,0.99,2019-12-09,2020-12-09,-0.001116675111673775,0.03358139579098809,0.04419913776387702,False
2020-12-10,Gaussian,0.99,2019-12-09,2020-12-09,-0.001116675111673775,0.0223161183579956,0.02563873292373002,False
2020-12-11,Historical,0.99,2019-12-10,2020-12-10,0.001358934566366125,0.03358139579098809,0.04419913776387702,False
2020-12-11,Gaussian,0.99,2019-12-10,2020-12-10,0.001358934566366125,0.0223075112125907,0.02563002423307872,False
2020-12-14,Historical,0.99,2019-12-11,2020-12-11,0.003185084712196625,0.03358139579098809,0.04419913776387702,False
2020-12-14,Gaussian,0.99,2019-12-11,2020-12-11,0.003185084712196625,0.022311853690119798,0.02563452961621055,False
2020-12-15,Historical,0.99,2019-12-12,2020-12-14,-0.005769945184396751,0.03358139579098809,0.04419913776387702,False
2020-12-15,Gaussian,0.99,2019-12-12,2020-12-14,-0.005769945184396751,0.02234075934063746,0.0256637088983707,False
2020-12-16,Historical,0.99,2019-12-13,2020-12-15,-0.0038255829371407497,0.03358139579098809,0.04419913776387702,False
2020-12-16,Gaussian,0.99,2019-12-13,2020-12-15,-0.0038255829371407497,0.022335782225476976,0.02566062952330913,False
2020-12-17,Historical,0.99,2019-12-16,2020-12-16,-0.00313461144301315,0.03358139579098809,0.04419913776387702,False
2020-12-17,Gaussian,0.99,2019-12-16,2020-12-16,-0.00313461144301315,0.022335923032835645,0.025659900007249565,False
2020-12-18,Historical,0.99,2019-12-17,2020-12-17,0.00234664943396655,0.03358139579098809,0.04419913776387702,False
2020-12-18,Gaussian,0.99,2019-12-17,2020-12-17,0.00234664943396655,0.022335899465564683,0.025658067732530623,False
2020-12-21,Historical,0.99,2019-12-18,2020-12-18,0.0059257693929346,0.03358139579098809,0.04419913776387702,False
2020-12-21,Gaussian,0.99,2019-12-18,2020-12-18,0.0059257693929346,0.022350069457500597,0.02567278373424459,False
2020-12-23,Historical,0.99,2019-12-19,2020-12-21,-0.0023339406045774,0.03358139579098809,0.04419913776387702,False
2020-12-23,Gaussian,0.99,2019-12-19,2020-12-21,-0.0023339406045774,0.022391879412612205,0.02571737866141863,False
2020-12-24,Historical,0.99,2019-12-20,2020-12-23,-0.0024781837853296,0.03358139579098809,0.04419913776387702,False
2020-12-24,Gaussian,0.99,2019-12-20,2020-12-23,-0.0024781837853296,0.02239320825351717,0.025718483003572375,False
2020-12-29,Historical,0.99,2019-12-23,2020-12-24,-0.005466030674196334,0.03358139579098809,0.04419913776387702,False
2020-12-29,Gaussian,0.99,2019-12-23,2020-12-24,-0.005466030674196334,0.0223915255879756,0.025716965248041443,False
2020-12-30,Historical,0.99,2019-12-24,2020-12-29,-0.0006404108090608252,0.03358139579098809,0.04419913776387702,False
2020-12-30,Gaussian,0.99,2019-12-24,2020-12-29,-0.0006404108090608252,0.022388794261089823,0.025715788367266953,False
2020-12-31,Historical,0.99,2019-12-27,2020-12-30,0.0009291191935882001,0.03358139579098809,0.04419913776387702,False
2020-12-31,Gaussian,0.99,2019-12-27,2020-12-30,0.0009291191935882001,0.022395182797529157,0.025721719670287125,False
2021-01-04,Historical,0.99,2019-12-30,2020-12-31,-0.0062493199549893495,0.03358139579098809,0.04419913776387702,False
2021-01-04,Gaussian,0.99,2019-12-30,2020-12-31,-0.0062493199549893495,0.022409859320495485,0.02573548304484767,False
2021-01-05,Historical,0.99,2019-12-31,2021-01-04,-0.003464381883978325,0.03358139579098809,0.04419913776387702,False
2021-01-05,Gaussian,0.99,2019-12-31,2021-01-04,-0.003464381883978325,0.022383539853084507,0.025710699473782798,False
2021-01-06,Historical,0.99,2020-01-02,2021-01-05,-0.0045860269384353,0.03358139579098809,0.04419913776387702,False
2021-01-06,Gaussian,0.99,2020-01-02,2021-01-05,-0.0045860269384353,0.022368018064644737,0.025695615263499817,False
2021-01-07,Historical,0.99,2020-01-03,2021-01-06,-0.0027976108073311003,0.03358139579098809,0.04419913776387702,False
2021-01-07,Gaussian,0.99,2020-01-03,2021-01-06,-0.0027976108073311003,0.02236512792259947,0.025690815912629048,False
2021-01-08,Historical,0.99,2020-01-06,2021-01-07,0.007302076721203399,0.03358139579098809,0.04419913776387702,False
2021-01-08,Gaussian,0.99,2020-01-06,2021-01-07,0.007302076721203399,0.02236644679422513,0.0256917324223587,False
2021-01-11,Historical,0.99,2020-01-07,2021-01-08,0.005336073791742824,0.03358139579098809,0.04419913776387702,False
2021-01-11,Gaussian,0.99,2020-01-07,2021-01-08,0.005336073791742824,0.02243022701348818,0.02575956280696934,False
2021-01-12,Historical,0.99,2020-01-08,2021-01-11,-4.7491847347075125e-05,0.03358139579098809,0.04419913776387702,False
2021-01-12,Gaussian,0.99,2020-01-08,2021-01-11,-4.7491847347075125e-05,0.02246666726872652,0.02579827336545987,False
2021-01-13,Historical,0.99,2020-01-09,2021-01-12,-4.2440570001699954e-05,0.03358139579098809,0.04419913776387702,False
2021-01-13,Gaussian,0.99,2020-01-09,2021-01-12,-4.2440570001699954e-05,0.02246050352162221,0.025791939422498786,False
2021-01-14,Historical,0.99,2020-01-10,2021-01-13,-0.0004557342884853999,0.03358139579098809,0.04419913776387702,False
2021-01-14,Gaussian,0.99,2020-01-10,2021-01-13,-0.0004557342884853999,0.02246488890332008,0.02579629094409904,False
2021-01-15,Historical,0.99,2020-01-13,2021-01-14,0.00665902116607425,0.03358139579098809,0.04419913776387702,False
2021-01-15,Gaussian,0.99,2020-01-13,2021-01-14,0.00665902116607425,0.02246689061331976,0.025798268475898386,False
2021-01-19,Historical,0.99,2020-01-14,2021-01-15,-0.0034575567200939,0.03358139579098809,0.04419913776387702,False
2021-01-19,Gaussian,0.99,2020-01-14,2021-01-15,-0.0034575567200939,0.022519403200249668,0.025854214986119582,False
2021-01-20,Historical,0.99,2020-01-15,2021-01-19,-0.008680376677298474,0.03358139579098809,0.04419913776387702,False
2021-01-20,Gaussian,0.99,2020-01-15,2021-01-19,-0.008680376677298474,0.022510216615909257,0.025845675177072227,False
2021-01-21,Historical,0.99,2020-01-16,2021-01-20,0.001363241226536675,0.03358139579098809,0.04419913776387702,False
2021-01-21,Gaussian,0.99,2020-01-16,2021-01-20,0.001363241226536675,0.02251713383561196,0.02585677921764569,False
2021-01-22,Historical,0.99,2020-01-17,2021-01-21,0.00309662895324385,0.03358139579098809,0.04419913776387702,False
2021-01-22,Gaussian,0.99,2020-01-17,2021-01-21,0.00309662895324385,0.02252444742019221,0.0258643028318036,False
2021-01-25,Historical,0.99,2020-01-21,2021-01-22,-3.3020513437475186e-05,0.03358139579098809,0.04419913776387702,False
2021-01-25,Gaussian,0.99,2020-01-21,2021-01-22,-3.3020513437475186e-05,0.02255185393213881,0.025891943132481995,False
2021-01-26,Historical,0.99,2020-01-22,2021-01-25,0.000505200843690925,0.03358139579098809,0.04419913776387702,False
2021-01-26,Gaussian,0.99,2020-01-22,2021-01-25,0.000505200843690925,0.022544198083376966,0.02588405563719551,False
2021-01-27,Historical,0.99,2020-01-23,2021-01-26,0.010963042510874375,0.03358139579098809,0.04419913776387702,False
2021-01-27,Gaussian,0.99,2020-01-23,2021-01-26,0.010963042510874375,0.02254129827621724,0.025881063881549378,False
2021-01-28,Historical,0.99,2020-01-24,2021-01-27,-0.00045324422484595023,0.03358139579098809,0.04419913776387702,False
2021-01-28,Gaussian,0.99,2020-01-24,2021-01-27,-0.00045324422484595023,0.022642833884129104,0.025991378344892162,False
2021-01-29,Historical,0.99,2020-01-27,2021-01-28,0.00991789791278485,0.03358139579098809,0.04419913776387702,False
2021-01-29,Gaussian,0.99,2020-01-27,2021-01-28,0.00991789791278485,0.02264919679761998,0.025997358566367156,False
2021-02-01,Historical,0.99,2020-01-28,2021-01-29,-0.00896937951231275,0.03358139579098809,0.04419913776387702,False
2021-02-01,Gaussian,0.99,2020-01-28,2021-01-29,-0.00896937951231275,0.022692849436457694,0.026045242903084943,False
2021-02-02,Historical,0.99,2020-01-29,2021-02-01,-0.0017455158404261503,0.03358139579098809,0.04419913776387702,False
2021-02-02,Gaussian,0.99,2020-01-29,2021-02-01,-0.0017455158404261503,0.022698213557448783,0.026055591178278267,False
2021-02-03,Historical,0.99,2020-01-30,2021-02-02,0.001079257799990625,0.03358139579098809,0.04419913776387702,False
2021-02-03,Gaussian,0.99,2020-01-30,2021-02-02,0.001079257799990625,0.022699831656292992,0.026057045467553518,False
2021-02-04,Historical,0.99,2020-01-31,2021-02-03,0.0029113902138526745,0.03358139579098809,0.04419913776387702,False
2021-02-04,Gaussian,0.99,2020-01-31,2021-02-03,0.0029113902138526745,0.022692267506686407,0.02604912048224398,False
2021-02-05,Historical,0.99,2020-02-03,2021-02-04,-0.0023595806561794753,0.03358139579098809,0.04419913776387702,False
2021-02-05,Gaussian,0.99,2020-02-03,2021-02-04,-0.0023595806561794753,0.0226756538608794,0.02603128845545737,False
2021-02-08,Historical,0.99,2020-02-04,2021-02-05,-0.00579095058070175,0.03358139579098809,0.04419913776387702,False
2021-02-08,Gaussian,0.99,2020-02-04,2021-02-05,-0.00579095058070175,0.022673065921331337,0.02602890616575202,False
2021-02-09,Historical,0.99,2020-02-05,2021-02-08,-0.0010391781627715998,0.03358139579098809,0.04419913776387702,False
2021-02-09,Gaussian,0.99,2020-02-05,2021-02-08,-0.0010391781627715998,0.022672365354577506,0.026029778753517016,False
2021-02-10,Historical,0.99,2020-02-06,2021-02-09,-0.0011891435535246252,0.03358139579098809,0.04419913776387702,False
2021-02-10,Gaussian,0.99,2020-02-06,2021-02-09,-0.0011891435535246252,0.02267777444828018,0.026034558267709614,False
2021-02-11,Historical,0.99,2020-02-07,2021-02-10,0.0017811606958286746,0.03358139579098809,0.04419913776387702,False
2021-02-11,Gaussian,0.99,2020-02-07,2021-02-10,0.0017811606958286746,0.022682208418294342,0.02603852411169297,False
2021-02-12,Historical,0.99,2020-02-10,2021-02-11,-0.0019331296856657753,0.03358139579098809,0.04419913776387702,False
2021-02-12,Gaussian,0.99,2020-02-10,2021-02-11,-0.0019331296856657753,0.02268785993531895,0.026044403979347465,False
2021-02-16,Historical,0.99,2020-02-11,2021-02-12,-0.0005010836855788499,0.03358139579098809,0.04419913776387702,False
2021-02-16,Gaussian,0.99,2020-02-11,2021-02-12,-0.0005010836855788499,0.02268871133923995,0.02604516733424568,False
2021-02-17,Historical,0.99,2020-02-12,2021-02-16,0.0041548845411136,0.03358139579098809,0.04419913776387702,False
2021-02-17,Gaussian,0.99,2020-02-12,2021-02-16,0.0041548845411136,0.022689567567795818,0.02604601535125598,False
2021-02-18,Historical,0.99,2020-02-13,2021-02-17,0.004630926319811116,0.03358139579098809,0.04419913776387702,False
2021-02-18,Gaussian,0.99,2020-02-13,2021-02-17,0.004630926319811116,0.02272226728844705,0.026079927687299064,False
2021-02-19,Historical,0.99,2020-02-14,2021-02-18,0.00017396763534032513,0.03358139579098809,0.04419913776387702,False
2021-02-19,Gaussian,0.99,2020-02-14,2021-02-18,0.00017396763534032513,0.02274480692926379,0.026103924514419452,False
2021-02-22,Historical,0.99,2020-02-18,2021-02-19,-0.0009562569700433247,0.03358139579098809,0.04419913776387702,False
2021-02-22,Gaussian,0.99,2020-02-18,2021-02-19,-0.0009562569700433247,0.022748292408101913,0.02610741687362979,False
2021-02-23,Historical,0.99,2020-02-19,2021-02-22,-0.0004502112670661999,0.03358139579098809,0.04419913776387702,False
2021-02-23,Gaussian,0.99,2020-02-19,2021-02-22,-0.0004502112670661999,0.02275121548963691,0.02611018235530234,False
2021-02-24,Historical,0.99,2020-02-20,2021-02-23,-0.003565924572801725,0.03358139579098809,0.04419913776387702,False
2021-02-24,Gaussian,0.99,2020-02-20,2021-02-23,-0.003565924572801725,0.02275894420296138,0.02611631012200908,False
2021-02-25,Historical,0.99,2020-02-21,2021-02-24,0.014419103286154478,0.03358139579098809,0.04419913776387702,False
2021-02-25,Gaussian,0.99,2020-02-21,2021-02-24,0.014419103286154478,0.022750145673392095,0.02610824322675321,False
2021-02-26,Historical,0.99,2020-02-24,2021-02-25,0.011325417128466625,0.03358139579098809,0.04419913776387702,False
2021-02-26,Gaussian,0.99,2020-02-24,2021-02-25,0.011325417128466625,0.022913223505558966,0.026286069425454337,False
2021-03-01,Historical,0.99,2020-02-25,2021-02-26,-0.009286888341831799,0.03358139579098809,0.04419913776387702,False
2021-03-01,Gaussian,0.99,2020-02-25,2021-02-26,-0.009286888341831799,0.022894666668479526,0.026265510351706732,False
2021-03-02,Historical,0.99,2020-02-26,2021-03-01,-0.0007560426366102499,0.03358139579098809,0.04419913776387702,False
2021-03-02,Gaussian,0.99,2020-02-26,2021-03-01,-0.0007560426366102499,0.022702764461412374,0.026060502484631026,False
2021-03-03,Historical,0.99,2020-02-27,2021-03-02,0.005028527682404875,0.03358139579098809,0.04419913776387702,False
2021-03-03,Gaussian,0.99,2020-02-27,2021-03-02,0.005028527682404875,0.022703255422529166,0.026060984384740384,False
2021-03-04,Historical,0.99,2020-02-28,2021-03-03,0.007972338193533251,0.03358139579098809,0.04419913776387702,False
2021-03-04,Gaussian,0.99,2020-02-28,2021-03-03,0.007972338193533251,0.02249432772539147,0.025829481407012363,False
2021-03-05,Historical,0.99,2020-03-02,2021-03-04,-0.0039152854770711995,0.03358139579098809,0.04419913776387702,False
2021-03-05,Gaussian,0.99,2020-03-02,2021-03-04,-0.0039152854770711995,0.02236119038424977,0.025681813489354645,False
2021-03-08,Historical,0.99,2020-03-03,2021-03-05,0.0015744382276252748,0.03358139579098809,0.04419913776387702,False
2021-03-08,Gaussian,0.99,2020-03-03,2021-03-05,0.0015744382276252748,0.02230417278305093,0.025609715359992232,False
2021-03-09,Historical,0.99,2020-03-04,2021-03-08,-0.010457607784568425,0.03358139579098809,0.04419913776387702,False
2021-03-09,Gaussian,0.99,2020-03-04,2021-03-08,-0.010457607784568425,0.022320956123166123,0.025624463370479637,False
2021-03-10,Historical,0.99,2020-03-05,2021-03-09,-0.0031316305008466,0.03358139579098809,0.04419913776387702,False
2021-03-10,Gaussian,0.99,2020-03-05,2021-03-09,-0.0031316305008466,0.022294172377181974,0.02559167638384763,False
2021-03-11,Historical,0.99,2020-03-06,2021-03-10,-0.00271895952651035,0.03358139579098809,0.04419913776387702,False
2021-03-11,Gaussian,0.99,2020-03-06,2021-03-10,-0.00271895952651035,0.022252447926534906,0.02554855418910988,False
2021-03-12,Historical,0.99,2020-03-09,2021-03-11,0.00069236894199725,0.03358139579098809,0.04419913776387702,False
2021-03-12,Gaussian,0.99,2020-03-09,2021-03-11,0.00069236894199725,0.02214233440578619,0.025430209611451385,False
2021-03-15,Historical,0.99,2020-03-10,2021-03-12,-0.0025932191953993997,0.028633634381418374,0.04285613308898775,False
2021-03-15,Gaussian,0.99,2020-03-10,2021-03-12,-0.0025932191953993997,0.02136879583299732,0.0245643072644376,False
2021-03-16,Historical,0.99,2020-03-11,2021-03-15,-0.0017912449265439748,0.028633634381418374,0.04285613308898775,False
2021-03-16,Gaussian,0.99,2020-03-11,2021-03-15,-0.0017912449265439748,0.021368052527955404,0.02456365573156872,False
2021-03-17,Historical,0.99,2020-03-12,2021-03-16,-0.0005866010638774249,0.028633634381418374,0.04285613308898775,False
2021-03-17,Gaussian,0.99,2020-03-12,2021-03-16,-0.0005866010638774249,0.021091551447757366,0.0242590581690495,False
2021-03-18,Historical,0.99,2020-03-13,2021-03-17,0.006073861812931574,0.023510643767766452,0.03112774584854301,False
2021-03-18,Gaussian,0.99,2020-03-13,2021-03-17,0.006073861812931574,0.018859922224646677,0.021738131662126986,False
2021-03-19,Historical,0.99,2020-03-16,2021-03-18,0.0018776790932666498,0.023510643767766452,0.03112774584854301,False
2021-03-19,Gaussian,0.99,2020-03-16,2021-03-18,0.0018776790932666498,0.018786329014310554,0.021638569566916146,False
2021-03-22,Historical,0.99,2020-03-17,2021-03-19,-0.0028555081236786503,0.02030598920844024,0.026153894762974625,False
2021-03-22,Gaussian,0.99,2020-03-17,2021-03-19,-0.0028555081236786503,0.017873950184761154,0.020613307529642626,False
2021-03-23,Historical,0.99,2020-03-18,2021-03-22,0.00349817014406065,0.02030598920844024,0.026153894762974625,False
2021-03-23,Gaussian,0.99,2020-03-18,2021-03-22,0.00349817014406065,0.017748954764302778,0.020460646446952935,False
2021-03-24,Historical,0.99,2020-03-19,2021-03-23,-0.00033869071239972515,0.01826734741981586,0.02206449548998232,False
2021-03-24,Gaussian,0.99,2020-03-19,2021-03-23,-0.00033869071239972515,0.01702345856562302,0.019645802183094294,False
2021-03-25,Historical,0.99,2020-03-20,2021-03-24,0.0013458999659282749,0.01826734741981586,0.02206449548998232,False
2021-03-25,Gaussian,0.99,2020-03-20,2021-03-24,0.0013458999659282749,0.01702538220132341,0.019647757781646975,False
2021-03-26,Historical,0.99,2020-03-23,2021-03-25,-0.00649952332014855,0.01826734741981586,0.02206449548998232,False
2021-03-26,Gaussian,0.99,2020-03-23,2021-03-25,-0.00649952332014855,0.017038706537749304,0.01966155083985067,False
2021-03-29,Historical,0.99,2020-03-24,2021-03-26,0.004212633281032575,0.01826734741981586,0.02206449548998232,False
2021-03-29,Gaussian,0.99,2020-03-24,2021-03-26,0.004212633281032575,0.0170111772711799,0.019635431668926773,False
2021-03-30,Historical,0.99,2020-03-25,2021-03-29,0.003950880446038925,0.01826734741981586,0.02206449548998232,False
2021-03-30,Gaussian,0.99,2020-03-25,2021-03-29,0.003950880446038925,0.015296051063404904,0.017635085140416774,False
2021-03-31,Historical,0.99,2020-03-26,2021-03-30,-0.0021843326514610502,0.01826734741981586,0.02206449548998232,False
2021-03-31,Gaussian,0.99,2020-03-26,2021-03-30,-0.0021843326514610502,0.015301925489101545,0.017633263815253365,False
2021-04-01,Historical,0.99,2020-03-27,2021-03-31,-0.008103356526299024,0.01826734741981586,0.02206449548998232,False
2021-04-01,Gaussian,0.99,2020-03-27,2021-03-31,-0.008103356526299024,0.014986733379971686,0.01725885520452103,False
2021-04-06,Historical,0.99,2020-03-30,2021-04-01,-0.0089860037844577,0.016718122340432105,0.020705611210379487,False
2021-04-06,Gaussian,0.99,2020-03-30,2021-04-01,-0.0089860037844577,0.01456797897699555,0.016796242526432692,False
2021-04-07,Historical,0.99,2020-03-31,2021-04-06,-0.0017707665814050248,0.016718122340432105,0.020705611210379487,False
2021-04-07,Gaussian,0.99,2020-03-31,2021-04-06,-0.0017707665814050248,0.014532170202748041,0.0167531815473633,False
2021-04-08,Historical,0.99,2020-04-01,2021-04-07,-0.0066679979944625,0.016718122340432105,0.020705611210379487,False
2021-04-08,Gaussian,0.99,2020-04-01,2021-04-07,-0.0066679979944625,0.014460441768950467,0.016675908299734355,False
2021-04-09,Historical,0.99,2020-04-02,2021-04-08,0.0015634943203429747,0.016124535231345685,0.020353420380038626,False
2021-04-09,Gaussian,0.99,2020-04-02,2021-04-08,0.0015634943203429747,0.01415567842553073,0.016340679516210085,False
2021-04-12,Historical,0.99,2020-04-03,2021-04-09,0.0026841481443295,0.016124535231345685,0.020353420380038626,False
2021-04-12,Gaussian,0.99,2020-04-03,2021-04-09,0.0026841481443295,0.014134572021493052,0.016309166749823776,False
2021-04-13,Historical,0.99,2020-04-06,2021-04-12,-0.00368093597671875,0.016124535231345685,0.020353420380038626,False
2021-04-13,Gaussian,0.99,2020-04-06,2021-04-12,-0.00368093597671875,0.014105631792764903,0.016277544932509897,False
2021-04-14,Historical,0.99,2020-04-07,2021-04-13,0.0006335416817111748,0.016124535231345685,0.020353420380038626,False
2021-04-14,Gaussian,0.99,2020-04-07,2021-04-13,0.0006335416817111748,0.013535208886861222,0.015608062953721294,False
2021-04-15,Historical,0.99,2020-04-08,2021-04-14,-0.009998338030294825,0.016124535231345685,0.020353420380038626,False
2021-04-15,Gaussian,0.99,2020-04-08,2021-04-14,-0.009998338030294825,0.013546705743894352,0.015619340756859917,False
2021-04-16,Historical,0.99,2020-04-09,2021-04-15,-0.003026800812657125,0.016124535231345685,0.020353420380038626,False
2021-04-16,Gaussian,0.99,2020-04-09,2021-04-15,-0.003026800812657125,0.01357906181669671,0.01565943746824651,False
2021-04-19,Historical,0.99,2020-04-14,2021-04-16,0.0029714896602464,0.016124535231345685,0.020353420380038626,False
2021-04-19,Gaussian,0.99,2020-04-14,2021-04-16,0.0029714896602464,0.013413929231893584,0.015461552008978871,False
2021-04-20,Historical,0.99,2020-04-15,2021-04-19,0.0050740267825652,0.016124535231345685,0.020353420380038626,False
2021-04-20,Gaussian,0.99,2020-04-15,2021-04-19,0.0050740267825652,0.013418136078713316,0.015459443258293985,False
2021-04-21,Historical,0.99,2020-04-16,2021-04-20,-0.006225480369749125,0.016124535231345685,0.020353420380038626,False
2021-04-21,Gaussian,0.99,2020-04-16,2021-04-20,-0.006225480369749125,0.013269682217863253,0.015293928537486696,False
2021-04-22,Historical,0.99,2020-04-17,2021-04-21,0.002171748084800725,0.016124535231345685,0.020353420380038626,False
2021-04-22,Gaussian,0.99,2020-04-17,2021-04-21,0.002171748084800725,0.01327678912878854,0.015304022542828706,False
2021-04-23,Historical,0.99,2020-04-20,2021-04-22,-0.0014616990292612006,0.016124535231345685,0.020353420380038626,False
2021-04-23,Gaussian,0.99,2020-04-20,2021-04-22,-0.0014616990292612006,0.013279171714658146,0.01530068956137205,False
2021-04-26,Historical,0.99,2020-04-21,2021-04-23,-0.001727412113242225,0.016124535231345685,0.020353420380038626,False
2021-04-26,Gaussian,0.99,2020-04-21,2021-04-23,-0.001727412113242225,0.013268422287871456,0.015289760381752792,False
2021-04-27,Historical,0.99,2020-04-22,2021-04-26,0.00231635202488225,0.016043712897652503,0.020353420380038626,False
2021-04-27,Gaussian,0.99,2020-04-22,2021-04-26,0.00231635202488225,0.012977719594018326,0.014967081007332425,False
2021-04-28,Historical,0.99,2020-04-23,2021-04-27,-0.0015269633039997751,0.016043712897652503,0.020353420380038626,False
2021-04-28,Gaussian,0.99,2020-04-23,2021-04-27,-0.0015269633039997751,0.012876912714941957,0.014841140596981866,False
2021-04-29,Historical,0.99,2020-04-24,2021-04-28,-0.00013999922749282517,0.016043712897652503,0.020353420380038626,False
2021-04-29,Gaussian,0.99,2020-04-24,2021-04-28,-0.00013999922749282517,0.012876062976677797,0.014838176190815008,False
2021-04-30,Historical,0.99,2020-04-27,2021-04-29,0.002123355630481275,0.016043712897652503,0.020353420380038626,False
2021-04-30,Gaussian,0.99,2020-04-27,2021-04-29,0.002123355630481275,0.012871376732318024,0.01483331003820093,False
2021-05-04,Historical,0.99,2020-04-28,2021-04-30,0.0005153528535080253,0.016043712897652503,0.020353420380038626,False
2021-05-04,Gaussian,0.99,2020-04-28,2021-04-30,0.0005153528535080253,0.01289063756509097,0.014851342877881701,False
2021-05-05,Historical,0.99,2020-04-29,2021-05-04,-0.005710130785691375,0.016043712897652503,0.020353420380038626,False
2021-05-05,Gaussian,0.99,2020-04-29,2021-05-04,-0.005710130785691375,0.012900705462011976,0.01486057150291646,False
2021-05-06,Historical,0.99,2020-04-30,2021-05-05,-0.007631016545688725,0.016043712897652503,0.020353420380038626,False
2021-05-06,Gaussian,0.99,2020-04-30,2021-05-05,-0.007631016545688725,0.012799583218241147,0.01473960645593045,False
2021-05-07,Historical,0.99,2020-05-01,2021-05-06,-0.006070145698293176,0.015279002209982273,0.020261204412448084,False
2021-05-07,Gaussian,0.99,2020-05-01,2021-05-06,-0.006070145698293176,0.012514907130185146,0.014427336418220638,False
2021-05-10,Historical,0.99,2020-05-04,2021-05-07,0.0025639640139576503,0.015279002209982273,0.020261204412448084,False
2021-05-10,Gaussian,0.99,2020-05-04,2021-05-07,0.0025639640139576503,0.012358895887634766,0.014258532499642308,False
2021-05-11,Historical,0.99,2020-05-05,2021-05-10,0.008706674619642776,0.015279002209982273,0.020261204412448084,False
2021-05-11,Gaussian,0.99,2020-05-05,2021-05-10,0.008706674619642776,0.01238351286860836,0.014284322907687651,False
2021-05-12,Historical,0.99,2020-05-06,2021-05-11,0.00701461374419085,0.015279002209982273,0.020261204412448084,False
2021-05-12,Gaussian,0.99,2020-05-06,2021-05-11,0.00701461374419085,0.012483213508190495,0.014389226233210739,False
2021-05-13,Historical,0.99,2020-05-07,2021-05-12,-0.0034328551554406,0.015279002209982273,0.020261204412448084,False
2021-05-13,Gaussian,0.99,2020-05-07,2021-05-12,-0.0034328551554406,0.01250371876043496,0.014411949761408934,False
2021-05-14,Historical,0.99,2020-05-11,2021-05-13,-0.0094402275492468,0.015279002209982273,0.020261204412448084,False
2021-05-14,Gaussian,0.99,2020-05-11,2021-05-13,-0.0094402275492468,0.012439860958896517,0.014333943559856526,False
2021-05-17,Historical,0.99,2020-05-12,2021-05-14,-0.0016566849509783254,0.015279002209982273,0.020261204412448084,False
2021-05-17,Gaussian,0.99,2020-05-12,2021-05-14,-0.0016566849509783254,0.012466404117415147,0.014369947532672973,False
2021-05-18,Historical,0.99,2020-05-13,2021-05-17,0.00159655831046185,0.015279002209982273,0.020261204412448084,False
2021-05-18,Gaussian,0.99,2020-05-13,2021-05-17,0.00159655831046185,0.012454488755094527,0.01435784949131506,False
2021-05-19,Historical,0.99,2020-05-14,2021-05-18,0.0042953301650082,0.015279002209982273,0.020261204412448084,False
2021-05-19,Gaussian,0.99,2020-05-14,2021-05-18,0.0042953301650082,0.012415581839014641,0.014315391317646881,False
2021-05-20,Historical,0.99,2020-05-15,2021-05-19,-0.007317448464056126,0.015279002209982273,0.020261204412448084,False
2021-05-20,Gaussian,0.99,2020-05-15,2021-05-19,-0.007317448464056126,0.01244387714595432,0.014346122157516643,False
2021-05-21,Historical,0.99,2020-05-18,2021-05-20,5.523504762819999e-05,0.015279002209982273,0.020261204412448084,False
2021-05-21,Gaussian,0.99,2020-05-18,2021-05-20,5.523504762819999e-05,0.012456669323109988,0.014362263626790562,False
2021-05-24,Historical,0.99,2020-05-19,2021-05-21,-0.004352203690534825,0.015279002209982273,0.020261204412448084,False
2021-05-24,Gaussian,0.99,2020-05-19,2021-05-21,-0.004352203690534825,0.012340226535503006,0.014219987403848871,False
2021-05-25,Historical,0.99,2020-05-20,2021-05-24,-0.0018824881146425499,0.015279002209982273,0.020261204412448084,False
2021-05-25,Gaussian,0.99,2020-05-20,2021-05-24,-0.0018824881146425499,0.012325749742525361,0.014206768072307443,False
2021-05-26,Historical,0.99,2020-05-21,2021-05-25,0.00035266018792092494,0.015279002209982273,0.020261204412448084,False
2021-05-26,Gaussian,0.99,2020-05-21,2021-05-25,0.00035266018792092494,0.01230905810301609,0.014184357081817789,False
2021-05-27,Historical,0.99,2020-05-22,2021-05-26,0.00030256564097465007,0.015279002209982273,0.020261204412448084,False
2021-05-27,Gaussian,0.99,2020-05-22,2021-05-26,0.00030256564097465007,0.012224892912826326,0.014092132307441245,False
2021-05-28,Historical,0.99,2020-05-26,2021-05-27,-0.0012161533227437653,0.015279002209982273,0.020261204412448084,False
2021-05-28,Gaussian,0.99,2020-05-26,2021-05-27,-0.0012161533227437653,0.012232372495048115,0.014099577762455585,False
2021-06-01,Historical,0.99,2020-05-27,2021-05-28,-0.0012194524157057751,0.015279002209982273,0.020261204412448084,False
2021-06-01,Gaussian,0.99,2020-05-27,2021-05-28,-0.0012194524157057751,0.012234098676902387,0.014101116217658964,False
2021-06-02,Historical,0.99,2020-05-28,2021-06-01,-0.002839704986352125,0.015279002209982273,0.020261204412448084,False
2021-06-02,Gaussian,0.99,2020-05-28,2021-06-01,-0.002839704986352125,0.012218685819644809,0.014079790153144643,False
2021-06-03,Historical,0.99,2020-05-29,2021-06-02,0.00796883506578815,0.015279002209982273,0.020261204412448084,False
2021-06-03,Gaussian,0.99,2020-05-29,2021-06-02,0.00796883506578815,0.012218653367500179,0.014079592067485575,False
2021-06-04,Historical,0.99,2020-06-01,2021-06-03,-0.006447061007319125,0.015279002209982273,0.020261204412448084,False
2021-06-04,Gaussian,0.99,2020-06-01,2021-06-03,-0.006447061007319125,0.012299604152296263,0.014168781919615814,False
2021-06-07,Historical,0.99,2020-06-02,2021-06-04,-0.0008966346874084003,0.015279002209982273,0.020261204412448084,False
2021-06-07,Gaussian,0.99,2020-06-02,2021-06-04,-0.0008966346874084003,0.0123036962119504,0.014173914290476658,False
2021-06-08,Historical,0.99,2020-06-03,2021-06-07,-0.000622492320647975,0.015279002209982273,0.020261204412448084,False
2021-06-08,Gaussian,0.99,2020-06-03,2021-06-07,-0.000622492320647975,0.012306669205563146,0.014176560885593242,False
2021-06-09,Historical,0.99,2020-06-04,2021-06-08,0.00064960148898745,0.015279002209982273,0.020261204412448084,False
2021-06-09,Gaussian,0.99,2020-06-04,2021-06-08,0.00064960148898745,0.012310230983868315,0.014178765445539825,False
2021-06-10,Historical,0.99,2020-06-05,2021-06-09,-0.0033793383479693248,0.015279002209982273,0.020261204412448084,False
2021-06-10,Gaussian,0.99,2020-06-05,2021-06-09,-0.0033793383479693248,0.012309252662886171,0.014177737858675724,False
2021-06-11,Historical,0.99,2020-06-08,2021-06-10,0.0010743114151057253,0.015279002209982273,0.020261204412448084,False
2021-06-11,Gaussian,0.99,2020-06-08,2021-06-10,0.0010743114151057253,0.01230184395353213,0.01416779783770704,False
2021-06-14,Historical,0.99,2020-06-09,2021-06-11,0.0013483719537592002,0.015279002209982273,0.020261204412448084,False
2021-06-14,Gaussian,0.99,2020-06-09,2021-06-11,0.0013483719537592002,0.012308799086629565,0.014171914374357933,False
2021-06-15,Historical,0.99,2020-06-10,2021-06-14,0.0005013773047901499,0.015279002209982273,0.020261204412448084,False
2021-06-15,Gaussian,0.99,2020-06-10,2021-06-14,0.0005013773047901499,0.01228474539818548,0.014145861444579954,False
2021-06-16,Historical,0.99,2020-06-11,2021-06-15,0.00684815346611405,0.015279002209982273,0.020261204412448084,False
2021-06-16,Gaussian,0.99,2020-06-11,2021-06-15,0.00684815346611405,0.012293310051750465,0.014153131120603844,False
2021-06-17,Historical,0.99,2020-06-12,2021-06-16,0.00799815662337555,0.014526623923199585,0.0165969837837813,False
2021-06-17,Gaussian,0.99,2020-06-12,2021-06-16,0.00799815662337555,0.011671257437721542,0.013451406588281091,False
2021-06-18,Historical,0.99,2020-06-15,2021-06-17,0.008003165108372274,0.014526623923199585,0.0165969837837813,False
2021-06-18,Gaussian,0.99,2020-06-15,2021-06-17,0.008003165108372274,0.011772434991299473,0.013560193215901213,False
2021-06-21,Historical,0.99,2020-06-16,2021-06-18,-0.0073579071054331,0.014526623923199585,0.0165969837837813,False
2021-06-21,Gaussian,0.99,2020-06-16,2021-06-18,-0.0073579071054331,0.011866698991363897,0.01366366028066253,False
2021-06-22,Historical,0.99,2020-06-17,2021-06-21,-0.001669468472128675,0.014526623923199585,0.0165969837837813,False
2021-06-22,Gaussian,0.99,2020-06-17,2021-06-21,-0.001669468472128675,0.011818521952711209,0.013606084879801163,False
2021-06-23,Historical,0.99,2020-06-18,2021-06-22,0.001495291374241475,0.014526623923199585,0.0165969837837813,False
2021-06-23,Gaussian,0.99,2020-06-18,2021-06-22,0.001495291374241475,0.0118147062531377,0.013602458618997091,False
2021-06-24,Historical,0.99,2020-06-19,2021-06-23,-0.0025275897740891,0.014526623923199585,0.0165969837837813,False
2021-06-24,Gaussian,0.99,2020-06-19,2021-06-23,-0.0025275897740891,0.011818483551486365,0.013606470750545751,False
2021-06-25,Historical,0.99,2020-06-22,2021-06-24,-0.00205741349759445,0.014526623923199585,0.0165969837837813,False
2021-06-25,Gaussian,0.99,2020-06-22,2021-06-24,-0.00205741349759445,0.011816604125860941,0.013603355113431371,False
2021-06-28,Historical,0.99,2020-06-23,2021-06-25,0.0008636009798720418,0.014526623923199585,0.0165969837837813,False
2021-06-28,Gaussian,0.99,2020-06-23,2021-06-25,0.0008636009798720418,0.011814704084900587,0.013601732559849589,False
2021-06-29,Historical,0.99,2020-06-24,2021-06-28,0.001910771751432825,0.014526623923199585,0.0165969837837813,False
2021-06-29,Gaussian,0.99,2020-06-24,2021-06-28,0.001910771751432825,0.01181551623471335,0.013598592794052329,False
2021-06-30,Historical,0.99,2020-06-25,2021-06-29,-0.00016849734304562515,0.014346561919699342,0.016526708857608027,False
2021-06-30,Gaussian,0.99,2020-06-25,2021-06-29,-0.00016849734304562515,0.011566072300797339,0.013320224648442486,False
2021-07-01,Historical,0.99,2020-06-26,2021-06-30,-0.0051013889122922245,0.014346561919699342,0.016526708857608027,False
2021-07-01,Gaussian,0.99,2020-06-26,2021-06-30,-0.0051013889122922245,0.01157105689098418,0.013323944325334344,False
2021-07-02,Historical,0.99,2020-06-29,2021-07-01,-0.00435837976847195,0.014346561919699342,0.016526708857608027,False
2021-07-02,Gaussian,0.99,2020-06-29,2021-07-01,-0.00435837976847195,0.011538580050053631,0.01329190373754171,False
2021-07-06,Historical,0.99,2020-06-30,2021-07-02,-0.0012662995976884246,0.014346561919699342,0.016526708857608027,False
2021-07-06,Gaussian,0.99,2020-06-30,2021-07-02,-0.0012662995976884246,0.011526258730617746,0.013276393133508464,False
2021-07-07,Historical,0.99,2020-07-01,2021-07-06,-0.004285760324416475,0.014346561919699342,0.016526708857608027,False
2021-07-07,Gaussian,0.99,2020-07-01,2021-07-06,-0.004285760324416475,0.011527938147314636,0.013277738517846275,False
2021-07-08,Historical,0.99,2020-07-02,2021-07-07,0.005866249690285075,0.014346561919699342,0.016526708857608027,False
2021-07-08,Gaussian,0.99,2020-07-02,2021-07-07,0.005866249690285075,0.0115195218819289,0.013271018140926445,False
2021-07-09,Historical,0.99,2020-07-06,2021-07-08,-0.0056318521369142505,0.014346561919699342,0.016526708857608027,False
2021-07-09,Gaussian,0.99,2020-07-06,2021-07-08,-0.0056318521369142505,0.011579487432339415,0.013333195416938164,False
2021-07-12,Historical,0.99,2020-07-07,2021-07-09,-0.0005465155283268,0.014346561919699342,0.016526708857608027,False
2021-07-12,Gaussian,0.99,2020-07-07,2021-07-09,-0.0005465155283268,0.011571096145877,0.013322830875469835,False
2021-07-13,Historical,0.99,2020-07-08,2021-07-12,0.0013518297600929037,0.014346561919699342,0.016526708857608027,False
2021-07-13,Gaussian,0.99,2020-07-08,2021-07-12,0.0013518297600929037,0.011533149318034336,0.01328208888131882,False
2021-07-14,Historical,0.99,2020-07-09,2021-07-13,-0.002882209333039225,0.014346561919699342,0.016526708857608027,False
2021-07-14,Gaussian,0.99,2020-07-09,2021-07-13,-0.002882209333039225,0.011547077413768973,0.013296233231556542,False
2021-07-15,Historical,0.99,2020-07-10,2021-07-14,0.0025122791955950003,0.014346561919699342,0.016526708857608027,False
2021-07-15,Gaussian,0.99,2020-07-10,2021-07-14,0.0025122791955950003,0.011484687396948391,0.013229706196236453,False
2021-07-16,Historical,0.99,2020-07-13,2021-07-15,0.004492427672678125,0.014346561919699342,0.016526708857608027,False
2021-07-16,Gaussian,0.99,2020-07-13,2021-07-15,0.004492427672678125,0.011508797697499254,0.013253901457909067,False
2021-07-19,Historical,0.99,2020-07-14,2021-07-16,0.0073744207186972255,0.014346561919699342,0.016526708857608027,False
2021-07-19,Gaussian,0.99,2020-07-14,2021-07-16,0.0073744207186972255,0.011554112850893779,0.013302296639465788,False
2021-07-20,Historical,0.99,2020-07-15,2021-07-19,-0.00448897133543675,0.014346561919699342,0.016526708857608027,False
2021-07-20,Gaussian,0.99,2020-07-15,2021-07-19,-0.00448897133543675,0.01164105530629059,0.013394901616874042,False
2021-07-21,Historical,0.99,2020-07-16,2021-07-20,-0.0039456548771766,0.014346561919699342,0.016526708857608027,False
2021-07-21,Gaussian,0.99,2020-07-16,2021-07-20,-0.0039456548771766,0.011627011961022718,0.013377363421765409,False
2021-07-22,Historical,0.99,2020-07-17,2021-07-21,-0.0004976429780793499,0.014346561919699342,0.016526708857608027,False
2021-07-22,Gaussian,0.99,2020-07-17,2021-07-21,-0.0004976429780793499,0.01158018506819116,0.013328752162116727,False
2021-07-23,Historical,0.99,2020-07-20,2021-07-22,-0.0034969862368330997,0.014346561919699342,0.016526708857608027,False
2021-07-23,Gaussian,0.99,2020-07-20,2021-07-22,-0.0034969862368330997,0.011581756191975242,0.013328340172716219,False
2021-07-26,Historical,0.99,2020-07-21,2021-07-23,0.00024663259319957496,0.014346561919699342,0.016526708857608027,False
2021-07-26,Gaussian,0.99,2020-07-21,2021-07-23,0.00024663259319957496,0.011582378553059708,0.013329735422919414,False
2021-07-27,Historical,0.99,2020-07-22,2021-07-26,0.000737318763548,0.014346561919699342,0.016526708857608027,False
2021-07-27,Gaussian,0.99,2020-07-22,2021-07-26,0.000737318763548,0.011587968683489597,0.013333650319256065,False
2021-07-28,Historical,0.99,2020-07-23,2021-07-27,-0.002160007628995125,0.014346561919699342,0.016526708857608027,False
2021-07-28,Gaussian,0.99,2020-07-23,2021-07-27,-0.002160007628995125,0.011597988485166544,0.013343055173423964,False
2021-07-29,Historical,0.99,2020-07-24,2021-07-28,-0.005265333408521375,0.014346561919699342,0.016526708857608027,False
2021-07-29,Gaussian,0.99,2020-07-24,2021-07-28,-0.005265333408521375,0.011589734497212158,0.013335122619477386,False
2021-07-30,Historical,0.99,2020-07-27,2021-07-29,0.004248546248555425,0.014346561919699342,0.016526708857608027,False
2021-07-30,Gaussian,0.99,2020-07-27,2021-07-29,0.004248546248555425,0.011566992838146698,0.013313913961692413,False
2021-08-02,Historical,0.99,2020-07-28,2021-07-30,-0.0020829527449610498,0.014346561919699342,0.016526708857608027,False
2021-08-02,Gaussian,0.99,2020-07-28,2021-07-30,-0.0020829527449610498,0.011601423719758114,0.013347605958606427,False
2021-08-03,Historical,0.99,2020-07-29,2021-08-02,-0.0027847200962617252,0.014346561919699342,0.016526708857608027,False
2021-08-03,Gaussian,0.99,2020-07-29,2021-08-02,-0.0027847200962617252,0.011601401754549287,0.013347594337343019,False
2021-08-04,Historical,0.99,2020-07-30,2021-08-03,0.0005222480166441751,0.014346561919699342,0.016526708857608027,False
2021-08-04,Gaussian,0.99,2020-07-30,2021-08-03,0.0005222480166441751,0.01159424702948167,0.013337872974757246,False
2021-08-05,Historical,0.99,2020-07-31,2021-08-04,0.0005193390868493499,0.014346561919699342,0.016526708857608027,False
2021-08-05,Gaussian,0.99,2020-07-31,2021-08-04,0.0005193390868493499,0.011496896781771772,0.013230821761792641,False
2021-08-06,Historical,0.99,2020-08-03,2021-08-05,0.00720299309485865,0.014346561919699342,0.016526708857608027,False
2021-08-06,Gaussian,0.99,2020-08-03,2021-08-05,0.00720299309485865,0.011501363945567541,0.01323540249581645,False
2021-08-09,Historical,0.99,2020-08-04,2021-08-06,0.0048765521131377,0.014346561919699342,0.016526708857608027,False
2021-08-09,Gaussian,0.99,2020-08-04,2021-08-06,0.0048765521131377,0.01156452842353128,0.013299094424316028,False
2021-08-10,Historical,0.99,2020-08-05,2021-08-09,-0.0008605544821227999,0.014346561919699342,0.016526708857608027,False
2021-08-10,Gaussian,0.99,2020-08-05,2021-08-09,-0.0008605544821227999,0.01159418944983783,0.013326035383796422,False
2021-08-11,Historical,0.99,2020-08-06,2021-08-10,-0.006107187760482476,0.014346561919699342,0.016526708857608027,False
2021-08-11,Gaussian,0.99,2020-08-06,2021-08-10,-0.006107187760482476,0.011585539586335564,0.013313165556966875,False
2021-08-12,Historical,0.99,2020-08-07,2021-08-11,9.086156811349984e-05,0.014346561919699342,0.016526708857608027,False
2021-08-12,Gaussian,0.99,2020-08-07,2021-08-11,9.086156811349984e-05,0.011597477944615776,0.013329221580315926,False
2021-08-13,Historical,0.99,2020-08-10,2021-08-12,-0.006306390380751325,0.014346561919699342,0.016526708857608027,False
2021-08-13,Gaussian,0.99,2020-08-10,2021-08-12,-0.006306390380751325,0.011563604933206613,0.013292763576385135,False
2021-08-16,Historical,0.99,2020-08-11,2021-08-13,-0.00021597506580917504,0.014346561919699342,0.016526708857608027,False
2021-08-16,Gaussian,0.99,2020-08-11,2021-08-13,-0.00021597506580917504,0.011572422563050149,0.01330635473616881,False
2021-08-17,Historical,0.99,2020-08-12,2021-08-16,0.0013195854246358,0.014346561919699342,0.016526708857608027,False
2021-08-17,Gaussian,0.99,2020-08-12,2021-08-16,0.0013195854246358,0.011383677171806526,0.013097227147983257,False
2021-08-18,Historical,0.99,2020-08-13,2021-08-17,0.003031036757775875,0.014346561919699342,0.016526708857608027,False
2021-08-18,Gaussian,0.99,2020-08-13,2021-08-17,0.003031036757775875,0.01138120194985641,0.013089716075301308,False
2021-08-19,Historical,0.99,2020-08-14,2021-08-18,0.0037148753484517252,0.014346561919699342,0.016526708857608027,False
2021-08-19,Gaussian,0.99,2020-08-14,2021-08-18,0.0037148753484517252,0.011407756149961819,0.013117721436618027,False
2021-08-20,Historical,0.99,2020-08-17,2021-08-19,-0.0029637350361027253,0.014346561919699342,0.016526708857608027,False
2021-08-20,Gaussian,0.99,2020-08-17,2021-08-19,-0.0029637350361027253,0.011393366593227513,0.013101903373724062,False
2021-08-23,Historical,0.99,2020-08-18,2021-08-20,-0.005983398229860101,0.014346561919699342,0.016526708857608027,False
2021-08-23,Gaussian,0.99,2020-08-18,2021-08-20,-0.005983398229860101,0.011364798222994611,0.013066211209381203,False
2021-08-24,Historical,0.99,2020-08-19,2021-08-23,-0.00016570296147732494,0.014346561919699342,0.016526708857608027,False
2021-08-24,Gaussian,0.99,2020-08-19,2021-08-23,-0.00016570296147732494,0.011374672004744828,0.013080318032819562,False
2021-08-25,Historical,0.99,2020-08-20,2021-08-24,0.0013077046162238998,0.014346561919699342,0.016526708857608027,False
2021-08-25,Gaussian,0.99,2020-08-20,2021-08-24,0.0013077046162238998,0.011279782296731407,0.012976284982227816,False
2021-08-26,Historical,0.99,2020-08-21,2021-08-25,0.002050223605074225,0.014346561919699342,0.016526708857608027,False
2021-08-26,Gaussian,0.99,2020-08-21,2021-08-25,0.002050223605074225,0.011283158209161852,0.012979856820843265,False
2021-08-27,Historical,0.99,2020-08-24,2021-08-26,-0.007579830599771201,0.014346561919699342,0.016526708857608027,False
2021-08-27,Gaussian,0.99,2020-08-24,2021-08-26,-0.007579830599771201,0.011288058515581345,0.012985110735982484,False
2021-08-31,Historical,0.99,2020-08-25,2021-08-27,0.000965028950839079,0.014346561919699342,0.016526708857608027,False
2021-08-31,Gaussian,0.99,2020-08-25,2021-08-27,0.000965028950839079,0.011306066924253262,0.013007227792734546,False
2021-09-01,Historical,0.99,2020-08-26,2021-08-31,-0.0012562850912563245,0.014346561919699342,0.016526708857608027,False
2021-09-01,Gaussian,0.99,2020-08-26,2021-08-31,-0.0012562850912563245,0.011296942573976818,0.012997472941158123,False
2021-09-02,Historical,0.99,2020-08-27,2021-09-01,-0.0008395462665072,0.014346561919699342,0.016526708857608027,False
2021-09-02,Gaussian,0.99,2020-08-27,2021-09-01,-0.0008395462665072,0.011288634142717663,0.012985333297040077,False
2021-09-03,Historical,0.99,2020-08-28,2021-09-02,-0.0011031036606599,0.014346561919699342,0.016526708857608027,False
2021-09-03,Gaussian,0.99,2020-08-28,2021-09-02,-0.0011031036606599,0.011235076105617903,0.01292751721869299,False
2021-09-07,Historical,0.99,2020-09-01,2021-09-03,0.006342438236709451,0.014346561919699342,0.016526708857608027,False
2021-09-07,Gaussian,0.99,2020-09-01,2021-09-03,0.006342438236709451,0.011231492062469,0.012921184747402606,False
2021-09-08,Historical,0.99,2020-09-02,2021-09-07,0.002154127243604825,0.014346561919699342,0.016526708857608027,False
2021-09-08,Gaussian,0.99,2020-09-02,2021-09-07,0.002154127243604825,0.011293486464713991,0.012989063832738384,False
2021-09-09,Historical,0.99,2020-09-03,2021-09-08,0.0018517632181973753,0.014346561919699342,0.016526708857608027,False
2021-09-09,Gaussian,0.99,2020-09-03,2021-09-08,0.0018517632181973753,0.011310488022205406,0.013004797540506584,False
2021-09-10,Historical,0.99,2020-09-04,2021-09-09,0.0038065842215157003,0.012903197068887401,0.016526708857608027,False
2021-09-10,Gaussian,0.99,2020-09-04,2021-09-09,0.0038065842215157003,0.01106404209098178,0.012729689384447537,False
2021-09-13,Historical,0.99,2020-09-08,2021-09-10,-0.00310034661584885,0.012903197068887401,0.016526708857608027,False
2021-09-13,Gaussian,0.99,2020-09-08,2021-09-10,-0.00310034661584885,0.011049161794224275,0.012713306775751703,False
2021-09-14,Historical,0.99,2020-09-09,2021-09-13,9.971548020454996e-05,0.012903197068887401,0.016526708857608027,False
2021-09-14,Gaussian,0.99,2020-09-09,2021-09-13,9.971548020454996e-05,0.011036382942967684,0.01270118938376389,False
2021-09-15,Historical,0.99,2020-09-10,2021-09-14,0.0003989804011273997,0.012903197068887401,0.016526708857608027,False
2021-09-15,Gaussian,0.99,2020-09-10,2021-09-14,0.0003989804011273997,0.010976012952310899,0.012625664358344743,False
2021-09-16,Historical,0.99,2020-09-11,2021-09-15,0.006445584022946475,0.012903197068887401,0.016526708857608027,False
2021-09-16,Gaussian,0.99,2020-09-11,2021-09-15,0.006445584022946475,0.010926359883829676,0.012571627648904248,False
2021-09-17,Historical,0.99,2020-09-14,2021-09-16,0.005674754674748375,0.012903197068887401,0.016526708857608027,False
2021-09-17,Gaussian,0.99,2020-09-14,2021-09-16,0.005674754674748375,0.011001587345560348,0.012653061835179153,False
2021-09-20,Historical,0.99,2020-09-15,2021-09-17,0.0033353688243313,0.012903197068887401,0.016526708857608027,False
2021-09-20,Gaussian,0.99,2020-09-15,2021-09-17,0.0033353688243313,0.011059069258948773,0.01271287611393547,False
2021-09-21,Historical,0.99,2020-09-16,2021-09-20,-0.0041065819008426,0.012903197068887401,0.016526708857608027,False
2021-09-21,Gaussian,0.99,2020-09-16,2021-09-20,-0.0041065819008426,0.011088068710437942,0.012741901950729297,False
2021-09-22,Historical,0.99,2020-09-17,2021-09-21,-0.005348508843408199,0.012903197068887401,0.016526708857608027,False
2021-09-22,Gaussian,0.99,2020-09-17,2021-09-21,-0.005348508843408199,0.011075168380615988,0.012730502969156796,False
2021-09-23,Historical,0.99,2020-09-18,2021-09-22,0.00229200192103625,0.012903197068887401,0.016526708857608027,False
2021-09-23,Gaussian,0.99,2020-09-18,2021-09-22,0.00229200192103625,0.011037025007386295,0.012692582452230317,False
2021-09-24,Historical,0.99,2020-09-21,2021-09-23,0.001659855693310025,0.012903197068887401,0.016526708857608027,False
2021-09-24,Gaussian,0.99,2020-09-21,2021-09-23,0.001659855693310025,0.011012938176659182,0.012666251457574232,False
2021-09-27,Historical,0.99,2020-09-22,2021-09-24,0.00042143750473457503,0.01114785356584642,0.01500097374468391,False
2021-09-27,Gaussian,0.99,2020-09-22,2021-09-24,0.00042143750473457503,0.010703693528883085,0.012320259499772682,False
2021-09-28,Historical,0.99,2020-09-23,2021-09-27,0.009722685928408775,0.01114785356584642,0.01500097374468391,False
2021-09-28,Gaussian,0.99,2020-09-23,2021-09-27,0.009722685928408775,0.01071165378159735,0.012327675146247606,False
2021-09-29,Historical,0.99,2020-09-24,2021-09-28,-0.00237637563532545,0.01114785356584642,0.01500097374468391,False
2021-09-29,Gaussian,0.99,2020-09-24,2021-09-28,-0.00237637563532545,0.010742677595493235,0.0123624115807264,False
2021-09-30,Historical,0.99,2020-09-25,2021-09-29,-0.001054070193494126,0.01114785356584642,0.01500097374468391,False
2021-09-30,Gaussian,0.99,2020-09-25,2021-09-29,-0.001054070193494126,0.010728017958935649,0.012347841567570746,False
2021-10-01,Historical,0.99,2020-09-28,2021-09-30,-0.00236457003226365,0.01114785356584642,0.01500097374468391,False
2021-10-01,Gaussian,0.99,2020-09-28,2021-09-30,-0.00236457003226365,0.010726303217948336,0.012343961859997367,False
2021-10-04,Historical,0.99,2020-09-29,2021-10-01,0.0029523488200896997,0.01114785356584642,0.01500097374468391,False
2021-10-04,Gaussian,0.99,2020-09-29,2021-10-01,0.0029523488200896997,0.010667315664848229,0.012271847205479886,False
2021-10-05,Historical,0.99,2020-09-30,2021-10-04,-0.003044611547733675,0.01114785356584642,0.01500097374468391,False
2021-10-05,Gaussian,0.99,2020-09-30,2021-10-04,-0.003044611547733675,0.01068877617686372,0.01229482585434591,False
2021-10-06,Historical,0.99,2020-10-01,2021-10-05,0.0011092813243811252,0.01114785356584642,0.01500097374468391,False
2021-10-06,Gaussian,0.99,2020-10-01,2021-10-05,0.0011092813243811252,0.010674840133722331,0.012281475286268748,False
2021-10-07,Historical,0.99,2020-10-02,2021-10-06,-0.0026917276453518,0.01114785356584642,0.01500097374468391,False
2021-10-07,Gaussian,0.99,2020-10-02,2021-10-06,-0.0026917276453518,0.01068325970492375,0.012287989297363201,False
2021-10-08,Historical,0.99,2020-10-05,2021-10-07,0.00029516439368857506,0.01114785356584642,0.01500097374468391,False
2021-10-08,Gaussian,0.99,2020-10-05,2021-10-07,0.00029516439368857506,0.010665346184078403,0.012270143867620164,False
2021-10-11,Historical,0.99,2020-10-06,2021-10-08,0.000992670678931675,0.01114785356584642,0.01500097374468391,False
2021-10-11,Gaussian,0.99,2020-10-06,2021-10-08,0.000992670678931675,0.010660278047619364,0.012260752498174555,False
2021-10-12,Historical,0.99,2020-10-07,2021-10-11,-0.0010791026318333252,0.01114785356584642,0.01500097374468391,False
2021-10-12,Gaussian,0.99,2020-10-07,2021-10-11,-0.0010791026318333252,0.010609318712629075,0.012205031477668282,False
2021-10-13,Historical,0.99,2020-10-08,2021-10-12,-0.00609055289703275,0.01114785356584642,0.01500097374468391,False
2021-10-13,Gaussian,0.99,2020-10-08,2021-10-12,-0.00609055289703275,0.010609930847018932,0.012204401985012216,False
2021-10-14,Historical,0.99,2020-10-09,2021-10-13,-0.0077717848531410495,0.01114785356584642,0.01500097374468391,False
2021-10-14,Gaussian,0.99,2020-10-09,2021-10-13,-0.0077717848531410495,0.010618416714026918,0.012214946315838839,False
2021-10-15,Historical,0.99,2020-10-12,2021-10-14,0.0024333404366911494,0.01114785356584642,0.01500097374468391,False
2021-10-15,Gaussian,0.99,2020-10-12,2021-10-14,0.0024333404366911494,0.010613248560613815,0.012208756432319763,False
2021-10-18,Historical,0.99,2020-10-13,2021-10-15,0.0011690485696084253,0.01114785356584642,0.01500097374468391,False
2021-10-18,Gaussian,0.99,2020-10-13,2021-10-15,0.0011690485696084253,0.010635451142278513,0.012231016404576961,False
2021-10-19,Historical,0.99,2020-10-14,2021-10-18,-0.0022314210531938,0.01114785356584642,0.01500097374468391,False
2021-10-19,Gaussian,0.99,2020-10-14,2021-10-18,-0.0022314210531938,0.010573962314179777,0.012163544201377208,False
2021-10-20,Historical,0.99,2020-10-15,2021-10-19,-0.0031912606898776502,0.01114785356584642,0.01500097374468391,False
2021-10-20,Gaussian,0.99,2020-10-15,2021-10-19,-0.0031912606898776502,0.010552862044252612,0.01214198077608763,False
2021-10-21,Historical,0.99,2020-10-16,2021-10-20,0.0012689612075057252,0.01114785356584642,0.01500097374468391,False
2021-10-21,Gaussian,0.99,2020-10-16,2021-10-20,0.0012689612075057252,0.010512217051503518,0.01209964015642844,False
2021-10-22,Historical,0.99,2020-10-19,2021-10-21,-0.0023960678507381496,0.01114785356584642,0.01500097374468391,False
2021-10-22,Gaussian,0.99,2020-10-19,2021-10-21,-0.0023960678507381496,0.010525378139462438,0.012112372810026941,False
2021-10-25,Historical,0.99,2020-10-20,2021-10-22,-0.0038543025007832746,0.01114785356584642,0.01500097374468391,False
2021-10-25,Gaussian,0.99,2020-10-20,2021-10-22,-0.0038543025007832746,0.010457702851203518,0.01203963992145403,False
2021-10-26,Historical,0.99,2020-10-21,2021-10-25,-0.0008086196317701,0.01114785356584642,0.01500097374468391,False
2021-10-26,Gaussian,0.99,2020-10-21,2021-10-25,-0.0008086196317701,0.010459669287386732,0.01204294918756268,False
2021-10-27,Historical,0.99,2020-10-22,2021-10-26,4.1142359744474966e-05,0.01114785356584642,0.01500097374468391,False
2021-10-27,Gaussian,0.99,2020-10-22,2021-10-26,4.1142359744474966e-05,0.010423807717906363,0.012004538291705318,False
2021-10-28,Historical,0.99,2020-10-23,2021-10-27,-0.0016141347760561002,0.01114785356584642,0.01500097374468391,False
2021-10-28,Gaussian,0.99,2020-10-23,2021-10-27,-0.0016141347760561002,0.010413520545201295,0.011993671213886134,False
2021-10-29,Historical,0.99,2020-10-26,2021-10-28,0.0019409102033988753,0.01114785356584642,0.01500097374468391,False
2021-10-29,Gaussian,0.99,2020-10-26,2021-10-28,0.0019409102033988753,0.010411115027255242,0.011989424468843582,False
2021-11-01,Historical,0.99,2020-10-27,2021-10-29,-0.003497084487483115,0.01114785356584642,0.01500097374468391,False
2021-11-01,Gaussian,0.99,2020-10-27,2021-10-29,-0.003497084487483115,0.010340563623001526,0.011911557023804687,False
2021-11-02,Historical,0.99,2020-10-28,2021-11-01,-0.00052068915557945,0.01114785356584642,0.01500097374468391,False
2021-11-02,Gaussian,0.99,2020-10-28,2021-11-01,-0.00052068915557945,0.010319437503307443,0.011890707000393484,False
2021-11-03,Historical,0.99,2020-10-29,2021-11-02,0.002137534480157875,0.010450921657810499,0.012235854308498493,False
2021-11-03,Gaussian,0.99,2020-10-29,2021-11-02,0.002137534480157875,0.009839284180507035,0.011352136820910663,False
2021-11-04,Historical,0.99,2020-10-30,2021-11-03,-0.0063041485325273745,0.010450921657810499,0.012235854308498493,False
2021-11-04,Gaussian,0.99,2020-10-30,2021-11-03,-0.0063041485325273745,0.009858642528732652,0.011372573217261739,False
2021-11-05,Historical,0.99,2020-11-02,2021-11-04,-0.006395082856191075,0.010450921657810499,0.012235854308498493,False
2021-11-05,Gaussian,0.99,2020-11-02,2021-11-04,-0.006395082856191075,0.009843884632396115,0.011361030267310949,False
2021-11-08,Historical,0.99,2020-11-03,2021-11-05,8.359982929082488e-05,0.010450921657810499,0.012235854308498493,False
2021-11-08,Gaussian,0.99,2020-11-03,2021-11-05,8.359982929082488e-05,0.009809566943123781,0.011319952504549645,False
2021-11-09,Historical,0.99,2020-11-04,2021-11-08,-0.0006033620856738751,0.010450921657810499,0.012235854308498493,False
2021-11-09,Gaussian,0.99,2020-11-04,2021-11-08,-0.0006033620856738751,0.009736472619528362,0.011229674830024152,False
2021-11-10,Historical,0.99,2020-11-05,2021-11-09,-0.0007950702010433249,0.010450921657810499,0.012235854308498493,False
2021-11-10,Gaussian,0.99,2020-11-05,2021-11-09,-0.0007950702010433249,0.009647902092173246,0.011121768253905338,False
2021-11-11,Historical,0.99,2020-11-06,2021-11-10,-0.002230706004988775,0.010450921657810499,0.012235854308498493,False
2021-11-11,Gaussian,0.99,2020-11-06,2021-11-10,-0.002230706004988775,0.009557960466105348,0.011012463052173727,False
2021-11-12,Historical,0.99,2020-11-09,2021-11-11,-0.001574987287752025,0.010450921657810499,0.012235854308498493,False
2021-11-12,Gaussian,0.99,2020-11-09,2021-11-11,-0.001574987287752025,0.009550180762751352,0.011005085009284264,False
2021-11-15,Historical,0.99,2020-11-10,2021-11-12,0.0012349299028203296,0.010450921657810499,0.012235854308498493,False
2021-11-15,Gaussian,0.99,2020-11-10,2021-11-12,0.0012349299028203296,0.009550352562383832,0.011005209848631708,False
2021-11-16,Historical,0.99,2020-11-11,2021-11-15,0.0019078577762400247,0.010450921657810499,0.012235854308498493,False
2021-11-16,Gaussian,0.99,2020-11-11,2021-11-15,0.0019078577762400247,0.009559435467649691,0.01101242746016792,False
2021-11-17,Historical,0.99,2020-11-12,2021-11-16,-0.0013109489853325,0.010450921657810499,0.012235854308498493,False
2021-11-17,Gaussian,0.99,2020-11-12,2021-11-16,-0.0013109489853325,0.009572014093456467,0.011023039377805108,False
2021-11-18,Historical,0.99,2020-11-13,2021-11-17,0.001010211235208725,0.010450921657810499,0.012235854308498493,False
2021-11-18,Gaussian,0.99,2020-11-13,2021-11-17,0.001010211235208725,0.009559746474953721,0.011010476148636423,False
2021-11-19,Historical,0.99,2020-11-16,2021-11-18,0.0027010019804580747,0.010450921657810499,0.012235854308498493,False
2021-11-19,Gaussian,0.99,2020-11-16,2021-11-18,0.0027010019804580747,0.009568122007009487,0.011017218151521742,False
2021-11-22,Historical,0.99,2020-11-17,2021-11-19,0.0071286491132099,0.010450921657810499,0.012235854308498493,False
2021-11-22,Gaussian,0.99,2020-11-17,2021-11-19,0.0071286491132099,0.009570380717949323,0.01101423384983885,False
2021-11-23,Historical,0.99,2020-11-18,2021-11-22,0.0023934951731455255,0.010450921657810499,0.012235854308498493,False
2021-11-23,Gaussian,0.99,2020-11-18,2021-11-22,0.0023934951731455255,0.009627874632414515,0.011078075125195676,False
2021-11-24,Historical,0.99,2020-11-19,2021-11-23,-0.0017792182345501002,0.010450921657810499,0.012235854308498493,False
2021-11-24,Gaussian,0.99,2020-11-19,2021-11-23,-0.0017792182345501002,0.009613989204721068,0.011062883561811565,False
2021-11-26,Historical,0.99,2020-11-20,2021-11-24,0.011172025563554976,0.010450921657810499,0.012235854308498493,True
2021-11-26,Gaussian,0.99,2020-11-20,2021-11-24,0.011172025563554976,0.009601737950873494,0.011050584739263276,True
2021-11-29,Historical,0.99,2020-11-23,2021-11-26,-0.004734470446467151,0.01106962386774148,0.012305515326058692,False
2021-11-29,Gaussian,0.99,2020-11-23,2021-11-26,-0.004734470446467151,0.009790390821013855,0.011260109374072232,False
2021-11-30,Historical,0.99,2020-11-24,2021-11-29,0.006697935411142375,0.01106962386774148,0.012305515326058692,False
2021-11-30,Gaussian,0.99,2020-11-24,2021-11-29,0.006697935411142375,0.009746399072004364,0.011215211947322326,False
2021-12-01,Historical,0.99,2020-11-25,2021-11-30,-0.0023812953538975747,0.01106962386774148,0.012305515326058692,False
2021-12-01,Gaussian,0.99,2020-11-25,2021-11-30,-0.0023812953538975747,0.009828603008227186,0.011303333221082366,False
2021-12-02,Historical,0.99,2020-11-27,2021-12-01,-0.0002477795441887748,0.01106962386774148,0.012305515326058692,False
2021-12-02,Gaussian,0.99,2020-11-27,2021-12-01,-0.0002477795441887748,0.009809755752149903,0.011284309764108142,False
2021-12-03,Historical,0.99,2020-11-30,2021-12-02,-0.0012185238070422997,0.01106962386774148,0.012305515326058692,False
2021-12-03,Gaussian,0.99,2020-11-30,2021-12-02,-0.0012185238070422997,0.00979402236219708,0.011267656930852105,False
2021-12-06,Historical,0.99,2020-12-01,2021-12-03,-0.004932540277837301,0.01106962386774148,0.012305515326058692,False
2021-12-06,Gaussian,0.99,2020-12-01,2021-12-03,-0.004932540277837301,0.009704662187043848,0.01117004811526458,False
2021-12-07,Historical,0.99,2020-12-02,2021-12-06,-0.008833351618261076,0.01106962386774148,0.012305515326058692,False
2021-12-07,Gaussian,0.99,2020-12-02,2021-12-06,-0.008833351618261076,0.009618979071184624,0.011068068824805771,False
2021-12-08,Historical,0.99,2020-12-03,2021-12-07,-1.9128284921200007e-05,0.01106962386774148,0.012305515326058692,False
2021-12-08,Gaussian,0.99,2020-12-03,2021-12-07,-1.9128284921200007e-05,0.009658649804921036,0.011115756417432076,False
2021-12-09,Historical,0.99,2020-12-04,2021-12-08,0.0032410599799641,0.01106962386774148,0.012305515326058692,False
2021-12-09,Gaussian,0.99,2020-12-04,2021-12-08,0.0032410599799641,0.009661747474292583,0.011117264126246959,False
2021-12-10,Historical,0.99,2020-12-07,2021-12-09,-0.002608354593827825,0.01106962386774148,0.012305515326058692,False
2021-12-10,Gaussian,0.99,2020-12-07,2021-12-09,-0.002608354593827825,0.0096929523933395,0.011149479055411561,False
2021-12-13,Historical,0.99,2020-12-08,2021-12-10,0.0025322963734089,0.01106962386774148,0.012305515326058692,False
2021-12-13,Gaussian,0.99,2020-12-08,2021-12-10,0.0025322963734089,0.009688501779761728,0.011143442076754736,False
2021-12-14,Historical,0.99,2020-12-09,2021-12-13,0.00507693827478885,0.01106962386774148,0.012305515326058692,False
2021-12-14,Gaussian,0.99,2020-12-09,2021-12-13,0.00507693827478885,0.009712105293415532,0.01116787270054977,False
2021-12-15,Historical,0.99,2020-12-10,2021-12-14,-0.0031371750166155005,0.01106962386774148,0.012305515326058692,False
2021-12-15,Gaussian,0.99,2020-12-10,2021-12-14,-0.0031371750166155005,0.00968935908298508,0.011142587477013853,False
2021-12-16,Historical,0.99,2020-12-11,2021-12-15,-0.004697091580119401,0.01106962386774148,0.012305515326058692,False
2021-12-16,Gaussian,0.99,2020-12-11,2021-12-15,-0.004697091580119401,0.009689354167530521,0.0111437591061468,False
2021-12-17,Historical,0.99,2020-12-14,2021-12-16,0.0022253705882936997,0.01106962386774148,0.012305515326058692,False
2021-12-17,Gaussian,0.99,2020-12-14,2021-12-16,0.0022253705882936997,0.009683064914342177,0.011140082324477631,False
2021-12-20,Historical,0.99,2020-12-15,2021-12-17,0.006592853323407699,0.01106962386774148,0.012305515326058692,False
2021-12-20,Gaussian,0.99,2020-12-15,2021-12-17,0.006592853323407699,0.009672912438723905,0.011129010178560722,False
2021-12-21,Historical,0.99,2020-12-16,2021-12-20,-0.006799984412144426,0.01106962386774148,0.012305515326058692,False
2021-12-21,Gaussian,0.99,2020-12-16,2021-12-20,-0.006799984412144426,0.009741431829358124,0.011200307128899396,False
2021-12-22,Historical,0.99,2020-12-17,2021-12-21,-0.00665095510032965,0.01106962386774148,0.012305515326058692,False
2021-12-22,Gaussian,0.99,2020-12-17,2021-12-21,-0.00665095510032965,0.009761968612185661,0.01122556845139075,False
2021-12-23,Historical,0.99,2020-12-18,2021-12-22,-0.0026762397108226997,0.01106962386774148,0.012305515326058692,False
2021-12-23,Gaussian,0.99,2020-12-18,2021-12-22,-0.0026762397108226997,0.009782831259096833,0.011251518871792354,False
2021-12-29,Historical,0.99,2020-12-21,2021-12-23,-0.00336789973832305,0.01106962386774148,0.012305515326058692,False
2021-12-29,Gaussian,0.99,2020-12-21,2021-12-23,-0.00336789973832305,0.009761168601521356,0.011229627360544458,False
2021-12-30,Historical,0.99,2020-12-23,2021-12-29,-0.0012784211740795,0.01106962386774148,0.012305515326058692,False
2021-12-30,Gaussian,0.99,2020-12-23,2021-12-29,-0.0012784211740795,0.009691532983935823,0.011155263335562274,False
2021-12-31,Historical,0.99,2020-12-24,2021-12-30,-0.00014429501426907498,0.01106962386774148,0.012305515326058692,False
2021-12-31,Gaussian,0.99,2020-12-24,2021-12-30,-0.00014429501426907498,0.009692441437786638,0.011155689111982607,False
2022-01-04,Historical,0.99,2020-12-29,2021-12-31,-0.0010321999873905995,0.01106962386774148,0.012305515326058692,False
2022-01-04,Gaussian,0.99,2020-12-29,2021-12-31,-0.0010321999873905995,0.009696912837408455,0.011159451976734036,False
2022-01-05,Historical,0.99,2020-12-30,2022-01-04,0.0062641840564849,0.01106962386774148,0.012305515326058692,False
2022-01-05,Gaussian,0.99,2020-12-30,2022-01-04,0.0062641840564849,0.009686636701317716,0.011145095564938612,False
2022-01-06,Historical,0.99,2020-12-31,2022-01-05,0.006130992318670275,0.01106962386774148,0.012305515326058692,False
2022-01-06,Gaussian,0.99,2020-12-31,2022-01-05,0.006130992318670275,0.009760967443246824,0.011226230640722116,False
2022-01-07,Historical,0.99,2021-01-04,2022-01-06,-0.0004784850069346749,0.01106962386774148,0.012305515326058692,False
2022-01-07,Gaussian,0.99,2021-01-04,2022-01-06,-0.0004784850069346749,0.009824594586524116,0.011296095087874191,False
2022-01-10,Historical,0.99,2021-01-05,2022-01-07,0.00100262449545765,0.01106962386774148,0.012305515326058692,False
2022-01-10,Gaussian,0.99,2021-01-05,2022-01-07,0.00100262449545765,0.00980913892769108,0.011275025664307119,False
2022-01-11,Historical,0.99,2021-01-06,2022-01-10,-0.007452954200872075,0.01106962386774148,0.012305515326058692,False
2022-01-11,Gaussian,0.99,2021-01-06,2022-01-10,-0.007452954200872075,0.009817494660346752,0.01128199579338943,False
2022-01-12,Historical,0.99,2021-01-07,2022-01-11,-0.003421621890450925,0.01106962386774148,0.012305515326058692,False
2022-01-12,Gaussian,0.99,2021-01-07,2022-01-11,-0.003421621890450925,0.00984176952504671,0.011311477082936354,False
2022-01-13,Historical,0.99,2021-01-08,2022-01-12,0.003209810766513175,0.01106962386774148,0.012305515326058692,False
2022-01-13,Gaussian,0.99,2021-01-08,2022-01-12,0.003209810766513175,0.00984311779444244,0.011313385332445837,False
2022-01-14,Historical,0.99,2021-01-11,2022-01-13,0.0029258592287071754,0.01106962386774148,0.012305515326058692,False
2022-01-14,Gaussian,0.99,2021-01-11,2022-01-13,0.0029258592287071754,0.00977803752495121,0.011241209568564222,False
2022-01-18,Historical,0.99,2021-01-12,2022-01-14,0.006214319140682824,0.01106962386774148,0.012305515326058692,False
2022-01-18,Gaussian,0.99,2021-01-12,2022-01-14,0.006214319140682824,0.009745410517310977,0.01120523429450791,False
2022-01-19,Historical,0.99,2021-01-13,2022-01-18,-0.0030145210060281997,0.01106962386774148,0.012305515326058692,False
2022-01-19,Gaussian,0.99,2021-01-13,2022-01-18,-0.0030145210060281997,0.009815811846046315,0.011282242104230893,False
2022-01-20,Historical,0.99,2021-01-14,2022-01-19,0.003003084468904,0.01106962386774148,0.012305515326058692,False
2022-01-20,Gaussian,0.99,2021-01-14,2022-01-19,0.003003084468904,0.009812076793555911,0.011279694693792338,False
2022-01-21,Historical,0.99,2021-01-15,2022-01-20,0.007092614238599675,0.01106962386774148,0.012305515326058692,False
2022-01-21,Gaussian,0.99,2021-01-15,2022-01-20,0.007092614238599675,0.009837321572881893,0.011306601433084507,False
2022-01-24,Historical,0.99,2021-01-19,2022-01-21,0.0047234129211649245,0.01106962386774148,0.012305515326058692,False
2022-01-24,Gaussian,0.99,2021-01-19,2022-01-21,0.0047234129211649245,0.009845709973123019,0.01131595908911284,False
2022-01-25,Historical,0.99,2021-01-20,2022-01-24,3.071222442422531e-05,0.01106962386774148,0.012305515326058692,False
2022-01-25,Gaussian,0.99,2021-01-20,2022-01-24,3.071222442422531e-05,0.009893647345428674,0.01136611252768096,False
2022-01-26,Historical,0.99,2021-01-21,2022-01-25,0.0028575308940558004,0.01106962386774148,0.012305515326058692,False
2022-01-26,Gaussian,0.99,2021-01-21,2022-01-25,0.0028575308940558004,0.009850890761194164,0.011312052239796914,False
2022-01-27,Historical,0.99,2021-01-22,2022-01-26,0.0006919931809871497,0.01106962386774148,0.012305515326058692,False
2022-01-27,Gaussian,0.99,2021-01-22,2022-01-26,0.0006919931809871497,0.009864271526792293,0.011326511448244104,False
2022-01-28,Historical,0.99,2021-01-25,2022-01-27,-0.0030010860149488,0.01106962386774148,0.012305515326058692,False
2022-01-28,Gaussian,0.99,2021-01-25,2022-01-27,-0.0030010860149488,0.009843853045799779,0.011304519799481407,False
2022-01-31,Historical,0.99,2021-01-26,2022-01-28,-0.0061456917789997,0.01106962386774148,0.012305515326058692,False
2022-01-31,Gaussian,0.99,2021-01-26,2022-01-28,-0.0061456917789997,0.00984051631631812,0.011302426394247415,False
2022-02-01,Historical,0.99,2021-01-27,2022-01-31,-0.003977306811922874,0.01106962386774148,0.012305515326058692,False
2022-02-01,Gaussian,0.99,2021-01-27,2022-01-31,-0.003977306811922874,0.009851454189721293,0.011318832724053566,False
2022-02-02,Historical,0.99,2021-01-28,2022-02-01,-0.0053400583218824495,0.010557503014677602,0.012305515326058692,False
2022-02-02,Gaussian,0.99,2021-01-28,2022-02-01,-0.0053400583218824495,0.009670242744233917,0.01111993031559799,False
2022-02-03,Historical,0.99,2021-01-29,2022-02-02,0.009306341929766551,0.010557503014677602,0.012305515326058692,False
2022-02-03,Gaussian,0.99,2021-01-29,2022-02-02,0.009306341929766551,0.009678456700444017,0.011132188095514398,False
2022-02-04,Historical,0.99,2021-02-01,2022-02-03,0.000655602886595625,0.010461849142333324,0.012305515326058692,False
2022-02-04,Gaussian,0.99,2021-02-01,2022-02-03,0.000655602886595625,0.009662796577223322,0.011114603175997181,False
2022-02-07,Historical,0.99,2021-02-02,2022-02-04,-0.002891839579048675,0.010461849142333324,0.012305515326058692,False
2022-02-07,Gaussian,0.99,2021-02-02,2022-02-04,-0.002891839579048675,0.00961968920983651,0.011059608520871142,False
2022-02-08,Historical,0.99,2021-02-03,2022-02-07,-0.001844099508042925,0.010461849142333324,0.012305515326058692,False
2022-02-08,Gaussian,0.99,2021-02-03,2022-02-07,-0.001844099508042925,0.009620271690496616,0.011060943763085349,False
2022-02-09,Historical,0.99,2021-02-04,2022-02-08,-0.007338164359527075,0.010461849142333324,0.012305515326058692,False
2022-02-09,Gaussian,0.99,2021-02-04,2022-02-08,-0.007338164359527075,0.00960926243505678,0.011050034167492527,False
2022-02-10,Historical,0.99,2021-02-05,2022-02-09,0.00682643942569855,0.010461849142333324,0.012305515326058692,False
2022-02-10,Gaussian,0.99,2021-02-05,2022-02-09,0.00682643942569855,0.009611213937909818,0.011058241920858294,False
2022-02-11,Historical,0.99,2021-02-08,2022-02-10,-0.002240752696407375,0.010461849142333324,0.012305515326058692,False
2022-02-11,Gaussian,0.99,2021-02-08,2022-02-10,-0.002240752696407375,0.009698833019190136,0.011153271684729772,False
2022-02-14,Historical,0.99,2021-02-09,2022-02-11,0.005577178015903276,0.010461849142333324,0.012305515326058692,False
2022-02-14,Gaussian,0.99,2021-02-09,2022-02-11,0.005577178015903276,0.009684113321634486,0.011134339298013744,False
2022-02-15,Historical,0.99,2021-02-10,2022-02-14,-0.00338516512231255,0.010461849142333324,0.012305515326058692,False
2022-02-15,Gaussian,0.99,2021-02-10,2022-02-14,-0.00338516512231255,0.00974702045062313,0.011202554690361553,False
2022-02-16,Historical,0.99,2021-02-11,2022-02-15,-0.0031462872247536248,0.010461849142333324,0.012305515326058692,False
2022-02-16,Gaussian,0.99,2021-02-11,2022-02-15,-0.0031462872247536248,0.00974796349925357,0.011204914637428487,False
2022-02-17,Historical,0.99,2021-02-12,2022-02-16,0.0027217556356864,0.010461849142333324,0.012305515326058692,False
2022-02-17,Gaussian,0.99,2021-02-12,2022-02-16,0.0027217556356864,0.009732734483925243,0.011190338312236762,False
2022-02-18,Historical,0.99,2021-02-16,2022-02-17,0.0019524726633752,0.010461849142333324,0.012305515326058692,False
2022-02-18,Gaussian,0.99,2021-02-16,2022-02-17,0.0019524726633752,0.009758013119582968,0.011216586941679521,False
2022-02-22,Historical,0.99,2021-02-17,2022-02-18,0.0026814904806778637,0.010461849142333324,0.012305515326058692,False
2022-02-22,Gaussian,0.99,2021-02-17,2022-02-18,0.0026814904806778637,0.009773023892833283,0.01123235466757845,False
2022-02-23,Historical,0.99,2021-02-18,2022-02-22,0.0046465461309002495,0.010461849142333324,0.012305515326058692,False
2022-02-23,Gaussian,0.99,2021-02-18,2022-02-22,0.0046465461309002495,0.009755403491538197,0.011213026083941452,False
2022-02-24,Historical,0.99,2021-02-19,2022-02-23,0.006994830621464875,0.010461849142333324,0.012305515326058692,False
2022-02-24,Gaussian,0.99,2021-02-19,2022-02-23,0.006994830621464875,0.009755631868613331,0.011213278626444466,False
2022-02-25,Historical,0.99,2021-02-22,2022-02-24,-0.01449239276186065,0.010461849142333324,0.012305515326058692,False
2022-02-25,Gaussian,0.99,2021-02-22,2022-02-24,-0.01449239276186065,0.009839377563225862,0.011305248866530442,False
2022-02-28,Historical,0.99,2021-02-23,2022-02-25,-0.003780655777289325,0.010461849142333324,0.012305515326058692,False
2022-02-28,Gaussian,0.99,2021-02-23,2022-02-25,-0.003780655777289325,0.010001392919278233,0.01149875105053472,False
2022-03-01,Historical,0.99,2021-02-24,2022-02-28,0.0011865793345935006,0.010461849142333324,0.012305515326058692,False
2022-03-01,Gaussian,0.99,2021-02-24,2022-02-28,0.0011865793345935006,0.010000954162065158,0.011500188892366014,False
2022-03-02,Historical,0.99,2021-02-25,2022-03-01,-0.00169178315836075,0.010461849142333324,0.012305515326058692,False
2022-03-02,Gaussian,0.99,2021-02-25,2022-03-01,-0.00169178315836075,0.010010850039915573,0.011508757163712083,False
2022-03-03,Historical,0.99,2021-02-26,2022-03-02,0.005165104343379676,0.009518677369074082,0.010740042873476791,False
2022-03-03,Gaussian,0.99,2021-02-26,2022-03-02,0.005165104343379676,0.009716775967592926,0.011181234070974839,False
2022-03-04,Historical,0.99,2021-03-01,2022-03-03,0.0042172403128550254,0.009012504947805896,0.010067017807243435,False
2022-03-04,Gaussian,0.99,2021-03-01,2022-03-03,0.0042172403128550254,0.009577017366770758,0.011024706956673545,False
2022-03-07,Historical,0.99,2021-03-02,2022-03-04,0.00571326290865805,0.009012504947805896,0.010067017807243435,False
2022-03-07,Gaussian,0.99,2021-03-02,2022-03-04,0.00571326290865805,0.00956583958538676,0.011004032679458937,False
2022-03-08,Historical,0.99,2021-03-03,2022-03-07,-0.00357461066478465,0.009012504947805896,0.010067017807243435,False
2022-03-08,Gaussian,0.99,2021-03-03,2022-03-07,-0.00357461066478465,0.009631130999039178,0.011075065342391178,False
2022-03-09,Historical,0.99,2021-03-04,2022-03-08,-0.00558831432932585,0.009012504947805896,0.010067017807243435,False
2022-03-09,Gaussian,0.99,2021-03-04,2022-03-08,-0.00558831432932585,0.009577350266286392,0.01101846335308906,False
2022-03-10,Historical,0.99,2021-03-05,2022-03-09,0.0046249938946402,0.009012504947805896,0.010067017807243435,False
2022-03-10,Gaussian,0.99,2021-03-05,2022-03-09,0.0046249938946402,0.00947726757066071,0.010911703383409643,False
2022-03-11,Historical,0.99,2021-03-08,2022-03-10,0.0030754763934658248,0.009012504947805896,0.010067017807243435,False
2022-03-11,Gaussian,0.99,2021-03-08,2022-03-10,0.0030754763934658248,0.009524765636003628,0.010961144168859589,False
2022-03-14,Historical,0.99,2021-03-09,2022-03-11,0.007465251758668449,0.009012504947805896,0.010067017807243435,False
2022-03-14,Gaussian,0.99,2021-03-09,2022-03-11,0.007465251758668449,0.009539559960447645,0.010977218909456299,False
2022-03-15,Historical,0.99,2021-03-10,2022-03-14,5.737256716727493e-05,0.009012504947805896,0.010067017807243435,False
2022-03-15,Gaussian,0.99,2021-03-10,2022-03-14,5.737256716727493e-05,0.009563698125196848,0.010994430249460261,False
2022-03-16,Historical,0.99,2021-03-11,2022-03-15,-0.01085886106975075,0.009012504947805896,0.010067017807243435,False
2022-03-16,Gaussian,0.99,2021-03-11,2022-03-15,-0.01085886106975075,0.009567381404241772,0.010996791953175034,False
2022-03-17,Historical,0.99,2021-03-12,2022-03-16,-0.007036454517976825,0.009012504947805896,0.010067017807243435,False
2022-03-17,Gaussian,0.99,2021-03-12,2022-03-16,-0.007036454517976825,0.009651797968190615,0.011098247794790066,False
2022-03-18,Historical,0.99,2021-03-15,2022-03-17,-0.0021105075558153,0.009012504947805896,0.010067017807243435,False
2022-03-18,Gaussian,0.99,2021-03-15,2022-03-17,-0.0021105075558153,0.009669456272747623,0.011122981549239722,False
2022-03-21,Historical,0.99,2021-03-16,2022-03-18,0.00018045690645132492,0.009012504947805896,0.010067017807243435,False
2022-03-21,Gaussian,0.99,2021-03-16,2022-03-18,0.00018045690645132492,0.009669238133159246,0.011122450378615907,False
2022-03-22,Historical,0.99,2021-03-17,2022-03-21,-0.0007953576272770753,0.009012504947805896,0.010067017807243435,False
2022-03-22,Gaussian,0.99,2021-03-17,2022-03-21,-0.0007953576272770753,0.009674967740625762,0.011127865758599588,False
2022-03-23,Historical,0.99,2021-03-18,2022-03-22,-0.0014896875867737996,0.009012504947805896,0.010067017807243435,False
2022-03-23,Gaussian,0.99,2021-03-18,2022-03-22,-0.0014896875867737996,0.009674310691428338,0.011127234634344613,False
2022-03-24,Historical,0.99,2021-03-19,2022-03-23,-0.00423721234030445,0.009012504947805896,0.010067017807243435,False
2022-03-24,Gaussian,0.99,2021-03-19,2022-03-23,-0.00423721234030445,0.009600991386619497,0.011047642271367501,False
2022-03-25,Historical,0.99,2021-03-22,2022-03-24,0.00178738536970045,0.009012504947805896,0.010067017807243435,False
2022-03-25,Gaussian,0.99,2021-03-22,2022-03-24,0.00178738536970045,0.009587728317890943,0.011036010135000392,False
2022-03-28,Historical,0.99,2021-03-23,2022-03-25,0.0025431900672210498,0.009012504947805896,0.010067017807243435,False
2022-03-28,Gaussian,0.99,2021-03-23,2022-03-25,0.0025431900672210498,0.009604386643019141,0.011052389767653993,False
2022-03-29,Historical,0.99,2021-03-24,2022-03-28,-0.006569712544186625,0.009012504947805896,0.010067017807243435,False
2022-03-29,Gaussian,0.99,2021-03-24,2022-03-28,-0.006569712544186625,0.00959355094756161,0.011040532122677147,False
2022-03-30,Historical,0.99,2021-03-25,2022-03-29,-0.0027953268626343,0.009012504947805896,0.010067017807243435,False
2022-03-30,Gaussian,0.99,2021-03-25,2022-03-29,-0.0027953268626343,0.009610822678140826,0.01106395028681552,False
2022-03-31,Historical,0.99,2021-03-26,2022-03-30,0.005431509925618526,0.009012504947805896,0.010067017807243435,False
2022-03-31,Gaussian,0.99,2021-03-26,2022-03-30,0.005431509925618526,0.009597427809461783,0.011051017180292493,False
2022-04-01,Historical,0.99,2021-03-29,2022-03-31,0.0016283693955278502,0.009012504947805896,0.010067017807243435,False
2022-04-01,Gaussian,0.99,2021-03-29,2022-03-31,0.0016283693955278502,0.009640570198892012,0.011093492172247569,False
2022-04-04,Historical,0.99,2021-03-30,2022-04-01,-0.003766840306974025,0.009012504947805896,0.010067017807243435,False
2022-04-04,Gaussian,0.99,2021-03-30,2022-04-01,-0.003766840306974025,0.009611861216875243,0.01106210705238033,False
2022-04-05,Historical,0.99,2021-03-31,2022-04-04,0.0058706842786373,0.009012504947805896,0.010067017807243435,False
2022-04-05,Gaussian,0.99,2021-03-31,2022-04-04,0.0058706842786373,0.009573377771090831,0.011022514726294107,False
2022-04-06,Historical,0.99,2021-04-01,2022-04-05,0.003575477879981675,0.009012504947805896,0.010067017807243435,False
2022-04-06,Gaussian,0.99,2021-04-01,2022-04-05,0.003575477879981675,0.009644275742619203,0.011099046696113276,False
2022-04-07,Historical,0.99,2021-04-06,2022-04-06,-0.00020731531609102512,0.009012504947805896,0.010067017807243435,False
2022-04-07,Gaussian,0.99,2021-04-06,2022-04-06,-0.00020731531609102512,0.009641448157578,0.011089002465025045,False
2022-04-08,Historical,0.99,2021-04-07,2022-04-07,-0.003537671846801825,0.009012504947805896,0.010067017807243435,False
2022-04-08,Gaussian,0.99,2021-04-07,2022-04-07,-0.003537671846801825,0.00959330764195086,0.01102873461053293,False
2022-04-11,Historical,0.99,2021-04-08,2022-04-08,0.005851835911264025,0.009012504947805896,0.010067017807243435,False
2022-04-11,Gaussian,0.99,2021-04-08,2022-04-08,0.005851835911264025,0.009595548240464078,0.011032331086382087,False
2022-04-12,Historical,0.99,2021-04-09,2022-04-11,-0.0009056778667704002,0.009012504947805896,0.010067017807243435,False
2022-04-12,Gaussian,0.99,2021-04-09,2022-04-11,-0.0009056778667704002,0.009641073888166523,0.011077193423319604,False
2022-04-13,Historical,0.99,2021-04-12,2022-04-12,-0.004678087663632,0.009012504947805896,0.010067017807243435,False
2022-04-13,Gaussian,0.99,2021-04-12,2022-04-12,-0.004678087663632,0.009628192774685825,0.011063874671752561,False
2022-04-14,Historical,0.99,2021-04-13,2022-04-13,0.004939188106364775,0.009012504947805896,0.010067017807243435,False
2022-04-14,Gaussian,0.99,2021-04-13,2022-04-13,0.004939188106364775,0.009610983236527952,0.011048447980659242,False
2022-04-19,Historical,0.99,2021-04-14,2022-04-14,0.0019174445510793505,0.009012504947805896,0.010067017807243435,False
2022-04-19,Gaussian,0.99,2021-04-14,2022-04-14,0.0019174445510793505,0.009661952592230617,0.011101819178146583,False
2022-04-20,Historical,0.99,2021-04-15,2022-04-19,-0.00393870003227555,0.009012504947805896,0.010067017807243435,False
2022-04-20,Gaussian,0.99,2021-04-15,2022-04-19,-0.00393870003227555,0.009671309933255655,0.011111791475379518,False
2022-04-21,Historical,0.99,2021-04-16,2022-04-20,0.0059969474225371,0.009012504947805896,0.010067017807243435,False
2022-04-21,Gaussian,0.99,2021-04-16,2022-04-20,0.0059969474225371,0.009605065281186405,0.01103236663082729,False
2022-04-22,Historical,0.99,2021-04-19,2022-04-21,0.012727758554918249,0.009012504947805896,0.010067017807243435,True
2022-04-22,Gaussian,0.99,2021-04-19,2022-04-21,0.012727758554918249,0.009674340738726831,0.011106475304815285,True
2022-04-25,Historical,0.99,2021-04-20,2022-04-22,0.0061553370692049,0.009518677369074082,0.011207490015627333,False
2022-04-25,Gaussian,0.99,2021-04-20,2022-04-22,0.0061553370692049,0.009884154428429954,0.011341166836007483,False
2022-04-26,Historical,0.99,2021-04-21,2022-04-25,0.0047939869600601755,0.009518677369074082,0.011207490015627333,False
2022-04-26,Gaussian,0.99,2021-04-21,2022-04-25,0.0047939869600601755,0.009901935811676619,0.011360908301733516,False
2022-04-27,Historical,0.99,2021-04-22,2022-04-26,0.0014242133889822502,0.009518677369074082,0.011207490015627333,False
2022-04-27,Gaussian,0.99,2021-04-22,2022-04-26,0.0014242133889822502,0.009931087537077362,0.011387885817545691,False
2022-04-28,Historical,0.99,2021-04-23,2022-04-27,-0.00998861729044785,0.009518677369074082,0.011207490015627333,False
2022-04-28,Gaussian,0.99,2021-04-23,2022-04-27,-0.00998861729044785,0.009925059921399549,0.011381415749254182,False
2022-04-29,Historical,0.99,2021-04-26,2022-04-28,0.009251035471410825,0.009518677369074082,0.011207490015627333,False
2022-04-29,Gaussian,0.99,2021-04-26,2022-04-28,0.009251035471410825,0.009994868334856341,0.011466361049566129,False
2022-05-03,Historical,0.99,2021-04-27,2022-04-29,0.0023670971888012757,0.009518677369074082,0.011207490015627333,False
2022-05-03,Gaussian,0.99,2021-04-27,2022-04-29,0.0023670971888012757,0.01012924265000314,0.011613912253633386,False
2022-05-04,Historical,0.99,2021-04-28,2022-05-03,-0.0092964963977053,0.009518677369074082,0.011207490015627333,False
2022-05-04,Gaussian,0.99,2021-04-28,2022-05-03,-0.0092964963977053,0.0101297058482716,0.011614413356375496,False
2022-05-05,Historical,0.99,2021-04-29,2022-05-04,0.0120454905236299,0.009518677369074082,0.011207490015627333,True
2022-05-05,Gaussian,0.99,2021-04-29,2022-05-04,0.0120454905236299,0.010186606734936383,0.011684129664614207,True
2022-05-06,Historical,0.99,2021-04-30,2022-05-05,0.006275856373213201,0.010461849142333324,0.011981758214034376,False
2022-05-06,Gaussian,0.99,2021-04-30,2022-05-05,0.006275856373213201,0.010389342101841673,0.011909296407356574,False
2022-05-09,Historical,0.99,2021-05-04,2022-05-06,0.01557096020485585,0.010461849142333324,0.011981758214034376,True
2022-05-09,Gaussian,0.99,2021-05-04,2022-05-06,0.01557096020485585,0.01044253162039876,0.01196781426349146,True
2022-05-10,Historical,0.99,2021-05-05,2022-05-09,-0.00025930412383292495,0.01161749269319318,0.013448069761134667,False
2022-05-10,Gaussian,0.99,2021-05-05,2022-05-09,-0.00025930412383292495,0.010751113313022814,0.01231257308896698,False
2022-05-11,Historical,0.99,2021-05-06,2022-05-10,-0.0030742008361337248,0.01161749269319318,0.013448069761134667,False
2022-05-11,Gaussian,0.99,2021-05-06,2022-05-10,-0.0030742008361337248,0.010739408382613554,0.012295987197292541,False
2022-05-12,Historical,0.99,2021-05-07,2022-05-11,0.007223073475369474,0.01161749269319318,0.013448069761134667,False
2022-05-12,Gaussian,0.99,2021-05-07,2022-05-11,0.007223073475369474,0.010707329361862179,0.012256580335891705,False
2022-05-13,Historical,0.99,2021-05-10,2022-05-12,-0.00902186169237605,0.01161749269319318,0.013448069761134667,False
2022-05-13,Gaussian,0.99,2021-05-10,2022-05-12,-0.00902186169237605,0.010773487269378266,0.01232462970168891,False
2022-05-16,Historical,0.99,2021-05-11,2022-05-13,-0.0040161432275074745,0.01161749269319318,0.013448069761134667,False
2022-05-16,Gaussian,0.99,2021-05-11,2022-05-13,-0.0040161432275074745,0.010805612504154186,0.012368185018325567,False
2022-05-17,Historical,0.99,2021-05-12,2022-05-16,-0.0033751853819203002,0.01161749269319318,0.013448069761134667,False
2022-05-17,Gaussian,0.99,2021-05-12,2022-05-16,-0.0033751853819203002,0.010695467006140406,0.012249408281835517,False
2022-05-18,Historical,0.99,2021-05-13,2022-05-17,0.010851429112231751,0.01161749269319318,0.013448069761134667,False
2022-05-18,Gaussian,0.99,2021-05-13,2022-05-17,0.010851429112231751,0.010615461830124228,0.01216380289066982,True
2022-05-19,Historical,0.99,2021-05-14,2022-05-18,0.0014368975308590756,0.01161749269319318,0.013448069761134667,False
2022-05-19,Gaussian,0.99,2021-05-14,2022-05-18,0.0014368975308590756,0.01077997157640197,0.012343953016523308,False
2022-05-20,Historical,0.99,2021-05-17,2022-05-19,-0.0043607271323867994,0.01161749269319318,0.013448069761134667,False
2022-05-20,Gaussian,0.99,2021-05-17,2022-05-19,-0.0043607271323867994,0.010733565260053252,0.012284449301568237,False
2022-05-23,Historical,0.99,2021-05-18,2022-05-20,-0.0084591194736057,0.01161749269319318,0.013448069761134667,False
2022-05-23,Gaussian,0.99,2021-05-18,2022-05-20,-0.0084591194736057,0.01073979168069746,0.012293158222811683,False
2022-05-24,Historical,0.99,2021-05-19,2022-05-23,-0.001041163673728225,0.01161749269319318,0.013448069761134667,False
2022-05-24,Gaussian,0.99,2021-05-19,2022-05-23,-0.001041163673728225,0.010770795240296978,0.012334536922945635,False
2022-05-25,Historical,0.99,2021-05-20,2022-05-24,-0.00264218406361695,0.01161749269319318,0.013448069761134667,False
2022-05-25,Gaussian,0.99,2021-05-20,2022-05-24,-0.00264218406361695,0.010732124841650478,0.012293342970496989,False
2022-05-26,Historical,0.99,2021-05-21,2022-05-25,-0.0057878544535225505,0.01161749269319318,0.013448069761134667,False
2022-05-26,Gaussian,0.99,2021-05-21,2022-05-25,-0.0057878544535225505,0.010703284178633293,0.012257577165568327,False
2022-05-27,Historical,0.99,2021-05-24,2022-05-26,-0.007356186298982125,0.01161749269319318,0.013448069761134667,False
2022-05-27,Gaussian,0.99,2021-05-24,2022-05-26,-0.007356186298982125,0.010714223718641707,0.012273514731729324,False
2022-05-31,Historical,0.99,2021-05-25,2022-05-27,0.005920077943462,0.01161749269319318,0.013448069761134667,False
2022-05-31,Gaussian,0.99,2021-05-25,2022-05-27,0.005920077943462,0.01073787597212864,0.0123023625741045,False
2022-06-01,Historical,0.99,2021-05-26,2022-05-31,0.004140810128038751,0.01161749269319318,0.013448069761134667,False
2022-06-01,Gaussian,0.99,2021-05-26,2022-05-31,0.004140810128038751,0.010800708042303306,0.012369800819461641,False
2022-06-06,Historical,0.99,2021-05-27,2022-06-01,-0.0011341355244492252,0.01161749269319318,0.013448069761134667,False
2022-06-06,Gaussian,0.99,2021-05-27,2022-06-01,-0.0011341355244492252,0.010832742321178966,0.012404294160021537,False
2022-06-07,Historical,0.99,2021-05-28,2022-06-06,-0.00471181469160775,0.01161749269319318,0.013448069761134667,False
2022-06-07,Gaussian,0.99,2021-05-28,2022-06-06,-0.00471181469160775,0.01082831757289354,0.012400061988443505,False
2022-06-08,Historical,0.99,2021-06-01,2022-06-07,0.004053490651197325,0.01161749269319318,0.013448069761134667,False
2022-06-08,Gaussian,0.99,2021-06-01,2022-06-07,0.004053490651197325,0.010835403982649643,0.012410217412015678,False
2022-06-09,Historical,0.99,2021-06-02,2022-06-08,0.010812040611258601,0.01161749269319318,0.013448069761134667,False
2022-06-09,Gaussian,0.99,2021-06-02,2022-06-08,0.010812040611258601,0.01087113900600225,0.01244808543750806,False
2022-06-10,Historical,0.99,2021-06-03,2022-06-09,0.0116888687681917,0.01161749269319318,0.013448069761134667,True
2022-06-10,Gaussian,0.99,2021-06-03,2022-06-09,0.0116888687681917,0.01103248328267821,0.012624977550916707,True
2022-06-13,Historical,0.99,2021-06-04,2022-06-10,0.02455397814945765,0.011870745863465178,0.013448069761134667,True
2022-06-13,Gaussian,0.99,2021-06-04,2022-06-10,0.02455397814945765,0.011119025096720365,0.012721957929062961,True
2022-06-14,Historical,0.99,2021-06-07,2022-06-13,0.0055752981947001,0.012393447219586951,0.017617565636410582,False
2022-06-14,Gaussian,0.99,2021-06-07,2022-06-13,0.0055752981947001,0.011773752596453716,0.013453992989795254,False
2022-06-15,Historical,0.99,2021-06-08,2022-06-14,-0.013388284098745849,0.012393447219586951,0.017617565636410582,False
2022-06-15,Gaussian,0.99,2021-06-08,2022-06-14,-0.013388284098745849,0.011825070115609472,0.01350901472675813,False
2022-06-16,Historical,0.99,2021-06-09,2022-06-15,0.011534896289174151,0.012393447219586951,0.017617565636410582,False
2022-06-16,Gaussian,0.99,2021-06-09,2022-06-15,0.011534896289174151,0.011946591589115027,0.013655675659089752,False
2022-06-17,Historical,0.99,2021-06-10,2022-06-16,0.0024490541807014503,0.012393447219586951,0.017617565636410582,False
2022-06-17,Gaussian,0.99,2021-06-10,2022-06-16,0.0024490541807014503,0.012107643924142498,0.013833845200219295,False
2022-06-21,Historical,0.99,2021-06-11,2022-06-17,-0.008726490076395975,0.012393447219586951,0.017617565636410582,False
2022-06-21,Gaussian,0.99,2021-06-11,2022-06-17,-0.008726490076395975,0.012123109631927755,0.013848167752905715,False
2022-06-22,Historical,0.99,2021-06-14,2022-06-21,-0.0016323239715663749,0.012393447219586951,0.017617565636410582,False
2022-06-22,Gaussian,0.99,2021-06-14,2022-06-21,-0.0016323239715663749,0.012157191564913053,0.013892924730475702,False
2022-06-23,Historical,0.99,2021-06-15,2022-06-22,0.00016023311387610003,0.012393447219586951,0.017617565636410582,False
2022-06-23,Gaussian,0.99,2021-06-15,2022-06-22,0.00016023311387610003,0.012147319572300629,0.013883351465362754,False
2022-06-24,Historical,0.99,2021-06-16,2022-06-23,-0.01320998408871005,0.012393447219586951,0.017617565636410582,False
2022-06-24,Gaussian,0.99,2021-06-16,2022-06-23,-0.01320998408871005,0.012145891424054924,0.013881914057007633,False
2022-06-27,Historical,0.99,2021-06-17,2022-06-24,0.0007146216404557001,0.012393447219586951,0.017617565636410582,False
2022-06-27,Gaussian,0.99,2021-06-17,2022-06-24,0.0007146216404557001,0.012188255458249064,0.013942136063817662,False
2022-06-28,Historical,0.99,2021-06-18,2022-06-27,0.002882421379597825,0.012393447219586951,0.017617565636410582,False
2022-06-28,Gaussian,0.99,2021-06-18,2022-06-27,0.002882421379597825,0.012103467183544664,0.013849240956288453,False
2022-06-29,Historical,0.99,2021-06-21,2022-06-28,-0.0012622889154558252,0.012393447219586951,0.017617565636410582,False
2022-06-29,Gaussian,0.99,2021-06-21,2022-06-28,-0.0012622889154558252,0.012033343298923312,0.013771886152384942,False
2022-06-30,Historical,0.99,2021-06-22,2022-06-29,0.006677325376287575,0.012393447219586951,0.017617565636410582,False
2022-06-30,Gaussian,0.99,2021-06-22,2022-06-29,0.006677325376287575,0.012008556792680213,0.013739937470419019,False
2022-07-01,Historical,0.99,2021-06-23,2022-06-30,-0.005089751455847339,0.012393447219586951,0.017617565636410582,False
2022-07-01,Gaussian,0.99,2021-06-23,2022-06-30,-0.005089751455847339,0.012077981943891305,0.01381461207607747,False
2022-07-05,Historical,0.99,2021-06-24,2022-07-01,0.008980145597091725,0.012393447219586951,0.017617565636410582,False
2022-07-05,Gaussian,0.99,2021-06-24,2022-07-01,0.008980145597091725,0.012074907430662873,0.013814926543766277,False
2022-07-06,Historical,0.99,2021-06-25,2022-07-05,0.0022617314738070503,0.012393447219586951,0.017617565636410582,False
2022-07-06,Gaussian,0.99,2021-06-25,2022-07-05,0.0022617314738070503,0.012185124595971684,0.013934493364555718,False
2022-07-07,Historical,0.99,2021-06-28,2022-07-06,-0.0052064850001107745,0.012393447219586951,0.017617565636410582,False
2022-07-07,Gaussian,0.99,2021-06-28,2022-07-06,-0.0052064850001107745,0.012201759957104858,0.013951035322867138,False
2022-07-08,Historical,0.99,2021-06-29,2022-07-07,0.0013707833927188002,0.012393447219586951,0.017617565636410582,False
2022-07-08,Gaussian,0.99,2021-06-29,2022-07-07,0.0013707833927188002,0.01220329241412455,0.013956327789144223,False
2022-07-11,Historical,0.99,2021-06-30,2022-07-08,0.0022374726348859493,0.012393447219586951,0.017617565636410582,False
2022-07-11,Gaussian,0.99,2021-06-30,2022-07-08,0.0022374726348859493,0.012199695590231787,0.01395252166420598,False
2022-07-12,Historical,0.99,2021-07-01,2022-07-11,0.0021915820685305,0.012393447219586951,0.017617565636410582,False
2022-07-12,Gaussian,0.99,2021-07-01,2022-07-11,0.0021915820685305,0.012213070438067181,0.013966442894983317,False
2022-07-13,Historical,0.99,2021-07-02,2022-07-12,0.0006995004431053248,0.012393447219586951,0.017617565636410582,False
2022-07-13,Gaussian,0.99,2021-07-02,2022-07-12,0.0006995004431053248,0.012220554121539618,0.013970767377148537,False
2022-07-14,Historical,0.99,2021-07-06,2022-07-13,0.0097186315541231,0.012393447219586951,0.017617565636410582,False
2022-07-14,Gaussian,0.99,2021-07-06,2022-07-13,0.0097186315541231,0.012222063412042329,0.013969549502955887,False
2022-07-15,Historical,0.99,2021-07-07,2022-07-14,-0.009385744202056324,0.012393447219586951,0.017617565636410582,False
2022-07-15,Gaussian,0.99,2021-07-07,2022-07-14,-0.009385744202056324,0.012344927523408029,0.014103910097230972,False
2022-07-18,Historical,0.99,2021-07-08,2022-07-15,0.000342980433563975,0.012393447219586951,0.017617565636410582,False
2022-07-18,Gaussian,0.99,2021-07-08,2022-07-15,0.000342980433563975,0.012389479401509257,0.014157923150081735,False
2022-07-19,Historical,0.99,2021-07-09,2022-07-18,-0.00888704109583895,0.012393447219586951,0.017617565636410582,False
2022-07-19,Gaussian,0.99,2021-07-09,2022-07-18,-0.00888704109583895,0.01233900713764393,0.014103317045589061,False
2022-07-20,Historical,0.99,2021-07-12,2022-07-19,0.002218173515821025,0.012393447219586951,0.017617565636410582,False
2022-07-20,Gaussian,0.99,2021-07-12,2022-07-19,0.002218173515821025,0.012369599158283926,0.014140261900378004,False
2022-07-21,Historical,0.99,2021-07-13,2022-07-20,-0.009052885063459574,0.012393447219586951,0.017617565636410582,False
2022-07-21,Gaussian,0.99,2021-07-13,2022-07-20,-0.009052885063459574,0.012383704855216953,0.014154811428473626,False
2022-07-22,Historical,0.99,2021-07-14,2022-07-21,-0.0013566119155314998,0.012393447219586951,0.017617565636410582,False
2022-07-22,Gaussian,0.99,2021-07-14,2022-07-21,-0.0013566119155314998,0.012417265343951997,0.014199322880849382,False
2022-07-25,Historical,0.99,2021-07-15,2022-07-22,0.00021608171116962505,0.012393447219586951,0.017617565636410582,False
2022-07-25,Gaussian,0.99,2021-07-15,2022-07-22,0.00021608171116962505,0.012417116817090417,0.014198263817231988,False
2022-07-26,Historical,0.99,2021-07-16,2022-07-25,0.0030860457937660997,0.012393447219586951,0.017617565636410582,False
2022-07-26,Gaussian,0.99,2021-07-16,2022-07-25,0.0030860457937660997,0.012403117471876543,0.014183563162135045,False
2022-07-27,Historical,0.99,2021-07-19,2022-07-26,-0.01102441810476035,0.012393447219586951,0.017617565636410582,False
2022-07-27,Gaussian,0.99,2021-07-19,2022-07-26,-0.01102441810476035,0.012388456100473146,0.014167585588869411,False
2022-07-28,Historical,0.99,2021-07-20,2022-07-27,-0.008454582835282125,0.012393447219586951,0.017617565636410582,False
2022-07-28,Gaussian,0.99,2021-07-20,2022-07-27,-0.008454582835282125,0.012378954952530833,0.014167420692872424,False
2022-07-29,Historical,0.99,2021-07-21,2022-07-28,-0.0070080571727728,0.012393447219586951,0.017617565636410582,False
2022-07-29,Gaussian,0.99,2021-07-21,2022-07-28,-0.0070080571727728,0.012409090993850097,0.014204257081765308,False
2022-08-01,Historical,0.99,2021-07-22,2022-07-29,-0.0018363751025987501,0.012393447219586951,0.017617565636410582,False
2022-08-01,Gaussian,0.99,2021-07-22,2022-07-29,-0.0018363751025987501,0.012426811182110377,0.014226342806183023,False
2022-08-02,Historical,0.99,2021-07-23,2022-08-01,0.006751562660264425,0.012393447219586951,0.017617565636410582,False
2022-08-02,Gaussian,0.99,2021-07-23,2022-08-01,0.006751562660264425,0.012424369823847073,0.014224325851729303,False
2022-08-03,Historical,0.99,2021-07-26,2022-08-02,-0.0067862619679196,0.012393447219586951,0.017617565636410582,False
2022-08-03,Gaussian,0.99,2021-07-26,2022-08-02,-0.0067862619679196,0.012493080324745044,0.014297073634934933,False
2022-08-04,Historical,0.99,2021-07-27,2022-08-03,-0.00528838369242715,0.012393447219586951,0.017617565636410582,False
2022-08-04,Gaussian,0.99,2021-07-27,2022-08-03,-0.00528838369242715,0.012506402645668758,0.014316434318180969,False
2022-08-05,Historical,0.99,2021-07-28,2022-08-04,0.007115417168792575,0.012393447219586951,0.017617565636410582,False
2022-08-05,Gaussian,0.99,2021-07-28,2022-08-04,0.007115417168792575,0.012506978675460996,0.014320605179298776,False
2022-08-08,Historical,0.99,2021-07-29,2022-08-05,-0.0047152412550155,0.012393447219586951,0.017617565636410582,False
2022-08-08,Gaussian,0.99,2021-07-29,2022-08-05,-0.0047152412550155,0.012582926305483634,0.01440221128318793,False
2022-08-09,Historical,0.99,2021-07-30,2022-08-08,0.0008473945940566751,0.012393447219586951,0.017617565636410582,False
2022-08-09,Gaussian,0.99,2021-07-30,2022-08-08,0.0008473945940566751,0.012580258192730459,0.014398834005433523,False
2022-08-10,Historical,0.99,2021-08-02,2022-08-09,-0.005470059675797724,0.012393447219586951,0.017617565636410582,False
2022-08-10,Gaussian,0.99,2021-08-02,2022-08-09,-0.005470059675797724,0.012552084047827235,0.014368537595730112,False
2022-08-11,Historical,0.99,2021-08-03,2022-08-10,0.0038675577096949753,0.012393447219586951,0.017617565636410582,False
2022-08-11,Gaussian,0.99,2021-08-03,2022-08-10,0.0038675577096949753,0.012561253371372726,0.01438101608960848,False
2022-08-12,Historical,0.99,2021-08-04,2022-08-11,-0.0087948743923067,0.012393447219586951,0.017617565636410582,False
2022-08-12,Gaussian,0.99,2021-08-04,2022-08-11,-0.0087948743923067,0.012593181567422666,0.014413719087596182,False
2022-08-15,Historical,0.99,2021-08-05,2022-08-12,0.0011518623304226996,0.012393447219586951,0.017617565636410582,False
2022-08-15,Gaussian,0.99,2021-08-05,2022-08-12,0.0011518623304226996,0.01262398469811953,0.014454437838190911,False
2022-08-16,Historical,0.99,2021-08-06,2022-08-15,-0.000638427985438475,0.012393447219586951,0.017617565636410582,False
2022-08-16,Gaussian,0.99,2021-08-06,2022-08-15,-0.000638427985438475,0.012627364344958009,0.014457941234885184,False
2022-08-17,Historical,0.99,2021-08-09,2022-08-16,0.0057847923990276,0.012393447219586951,0.017617565636410582,False
2022-08-17,Gaussian,0.99,2021-08-09,2022-08-16,0.0057847923990276,0.012552013662566006,0.014376183498864268,False
2022-08-18,Historical,0.99,2021-08-10,2022-08-17,-0.00126617058686205,0.012393447219586951,0.017617565636410582,False
2022-08-18,Gaussian,0.99,2021-08-10,2022-08-17,-0.00126617058686205,0.012563998128382332,0.0143893844825996,False
2022-08-19,Historical,0.99,2021-08-11,2022-08-18,0.006925851230674875,0.012393447219586951,0.017617565636410582,False
2022-08-19,Gaussian,0.99,2021-08-11,2022-08-18,0.006925851230674875,0.01256314604905418,0.014388644621045875,False
2022-08-22,Historical,0.99,2021-08-12,2022-08-19,0.0086568521994339,0.012393447219586951,0.017617565636410582,False
2022-08-22,Gaussian,0.99,2021-08-12,2022-08-19,0.0086568521994339,0.012623239450469951,0.014449897693458476,False
2022-08-23,Historical,0.99,2021-08-13,2022-08-22,0.0009407047722135251,0.012393447219586951,0.017617565636410582,False
2022-08-23,Gaussian,0.99,2021-08-13,2022-08-22,0.0009407047722135251,0.012720792566542374,0.01455666979370028,False
2022-08-24,Historical,0.99,2021-08-16,2022-08-23,-7.689932849597495e-05,0.012393447219586951,0.017617565636410582,False
2022-08-24,Gaussian,0.99,2021-08-16,2022-08-23,-7.689932849597495e-05,0.01271455533604667,0.01454530144147271,False
2022-08-25,Historical,0.99,2021-08-17,2022-08-24,-0.0061649002969173,0.012393447219586951,0.017617565636410582,False
2022-08-25,Gaussian,0.99,2021-08-17,2022-08-24,-0.0061649002969173,0.012715041162091073,0.014545777001532598,False
2022-08-26,Historical,0.99,2021-08-18,2022-08-25,0.013505492717721826,0.012393447219586951,0.017617565636410582,True
2022-08-26,Gaussian,0.99,2021-08-18,2022-08-25,0.013505492717721826,0.01271812394728541,0.01455366973523113,True
2022-08-30,Historical,0.99,2021-08-19,2022-08-26,0.01004410216653355,0.013124402977948067,0.01787681035734511,False
2022-08-30,Gaussian,0.99,2021-08-19,2022-08-26,0.01004410216653355,0.012906061637261749,0.01476288025220157,False
2022-08-31,Historical,0.99,2021-08-20,2022-08-30,0.0075499636795620245,0.013124402977948067,0.01787681035734511,False
2022-08-31,Gaussian,0.99,2021-08-20,2022-08-30,0.0075499636795620245,0.013003564005214189,0.014870897480631227,False
2022-09-01,Historical,0.99,2021-08-23,2022-08-31,0.008093207505988327,0.013124402977948067,0.01787681035734511,False
2022-09-01,Gaussian,0.99,2021-08-23,2022-08-31,0.008093207505988327,0.013082783040289469,0.01495553002691632,False
2022-09-02,Historical,0.99,2021-08-24,2022-09-01,-0.005558445542194175,0.013124402977948067,0.01787681035734511,False
2022-09-02,Gaussian,0.99,2021-08-24,2022-09-01,-0.005558445542194175,0.013158125943727103,0.015033645870146654,False
2022-09-06,Historical,0.99,2021-08-25,2022-09-02,0.004609908446465125,0.013124402977948067,0.01787681035734511,False
2022-09-06,Gaussian,0.99,2021-08-25,2022-09-02,0.004609908446465125,0.013165050914909491,0.015044721688968884,False
2022-09-07,Historical,0.99,2021-08-26,2022-09-06,-0.006618556153742374,0.013124402977948067,0.01787681035734511,False
2022-09-07,Gaussian,0.99,2021-08-26,2022-09-06,-0.006618556153742374,0.013193219667891052,0.015075069574088234,False
2022-09-08,Historical,0.99,2021-08-27,2022-09-07,-6.68436041818001e-05,0.013124402977948067,0.01787681035734511,False
2022-09-08,Gaussian,0.99,2021-08-27,2022-09-07,-6.68436041818001e-05,0.013195549210008296,0.015082789382408108,False
2022-09-09,Historical,0.99,2021-08-31,2022-09-08,-0.0082277789073034,0.013124402977948067,0.01787681035734511,False
2022-09-09,Gaussian,0.99,2021-08-31,2022-09-08,-0.0082277789073034,0.013174103998728495,0.015053842862145683,False
2022-09-12,Historical,0.99,2021-09-01,2022-09-09,-0.007456874662304725,0.013124402977948067,0.01787681035734511,False
2022-09-12,Gaussian,0.99,2021-09-01,2022-09-09,-0.007456874662304725,0.01319730632468758,0.015085781207551812,False
2022-09-13,Historical,0.99,2021-09-02,2022-09-12,0.018383592689151573,0.013124402977948067,0.01787681035734511,True
2022-09-13,Gaussian,0.99,2021-09-02,2022-09-12,0.018383592689151573,0.01321999434285557,0.015115386888607876,True
2022-09-14,Historical,0.99,2021-09-03,2022-09-13,0.003664662748450975,0.014558881136160159,0.019502843681155024,False
2022-09-14,Gaussian,0.99,2021-09-03,2022-09-13,0.003664662748450975,0.013567816858293155,0.015502674286552394,False
2022-09-15,Historical,0.99,2021-09-07,2022-09-14,0.008193343692746624,0.014558881136160159,0.019502843681155024,False
2022-09-15,Gaussian,0.99,2021-09-07,2022-09-14,0.008193343692746624,0.013594580924326437,0.015530558949795442,False
2022-09-16,Historical,0.99,2021-09-08,2022-09-15,0.0017641208452872752,0.014558881136160159,0.019502843681155024,False
2022-09-16,Gaussian,0.99,2021-09-08,2022-09-15,0.0017641208452872752,0.013623035409806077,0.015562079799223957,False
2022-09-20,Historical,0.99,2021-09-09,2022-09-16,0.0061330686077173,0.014558881136160159,0.019502843681155024,False
2022-09-20,Gaussian,0.99,2021-09-09,2022-09-16,0.0061330686077173,0.013620425562600548,0.015559317030257248,False
2022-09-21,Historical,0.99,2021-09-10,2022-09-20,0.0005606747285854252,0.014558881136160159,0.019502843681155024,False
2022-09-21,Gaussian,0.99,2021-09-10,2022-09-20,0.0005606747285854252,0.013663210865729226,0.015605840096849741,False
2022-09-22,Historical,0.99,2021-09-13,2022-09-21,0.008717599597281075,0.014558881136160159,0.019502843681155024,False
2022-09-22,Gaussian,0.99,2021-09-13,2022-09-21,0.008717599597281075,0.013640367196102992,0.015581560170445877,False
2022-09-23,Historical,0.99,2021-09-14,2022-09-22,0.01323724124918265,0.014558881136160159,0.019502843681155024,False
2022-09-23,Gaussian,0.99,2021-09-14,2022-09-22,0.01323724124918265,0.013735182480226163,0.015683300855566976,False
2022-09-26,Historical,0.99,2021-09-15,2022-09-23,0.009565112874369775,0.014558881136160159,0.019502843681155024,False
2022-09-26,Gaussian,0.99,2021-09-15,2022-09-23,0.009565112874369775,0.01392116814749555,0.015888723350238634,False
2022-09-27,Historical,0.99,2021-09-16,2022-09-26,0.00302050347513475,0.014558881136160159,0.019502843681155024,False
2022-09-27,Gaussian,0.99,2021-09-16,2022-09-26,0.00302050347513475,0.014024774647366931,0.016002080920031313,False
2022-09-28,Historical,0.99,2021-09-17,2022-09-27,-0.016490587017662876,0.014558881136160159,0.019502843681155024,False
2022-09-28,Gaussian,0.99,2021-09-17,2022-09-27,-0.016490587017662876,0.013987530094975973,0.015961406808650765,False
2022-09-29,Historical,0.99,2021-09-20,2022-09-28,0.010911673069654449,0.014558881136160159,0.019502843681155024,False
2022-09-29,Gaussian,0.99,2021-09-20,2022-09-28,0.010911673069654449,0.014103531759098757,0.016107220614919662,False
2022-09-30,Historical,0.99,2021-09-21,2022-09-29,0.0039567699673286275,0.014558881136160159,0.019502843681155024,False
2022-09-30,Gaussian,0.99,2021-09-21,2022-09-29,0.0039567699673286275,0.014214528420495429,0.01622997115683104,False
2022-10-03,Historical,0.99,2021-09-22,2022-09-30,-0.016059431955787927,0.014558881136160159,0.019502843681155024,False
2022-10-03,Gaussian,0.99,2021-09-22,2022-09-30,-0.016059431955787927,0.01424083543330395,0.016255411990915382,False
2022-10-04,Historical,0.99,2021-09-23,2022-10-03,-0.0181739584644291,0.014558881136160159,0.019502843681155024,False
2022-10-04,Gaussian,0.99,2021-09-23,2022-10-03,-0.0181739584644291,0.014383472425148234,0.01642506693759701,False
2022-10-05,Historical,0.99,2021-09-24,2022-10-04,0.0054526851686777,0.014558881136160159,0.019502843681155024,False
2022-10-05,Gaussian,0.99,2021-09-24,2022-10-04,0.0054526851686777,0.014561592447687975,0.016641057384892508,False
2022-10-06,Historical,0.99,2021-09-27,2022-10-05,0.006180227282848725,0.014558881136160159,0.019502843681155024,False
2022-10-06,Gaussian,0.99,2021-09-27,2022-10-05,0.006180227282848725,0.014595592467160003,0.016677800078140056,False
2022-10-07,Historical,0.99,2021-09-28,2022-10-06,0.011191053660794224,0.014558881136160159,0.019502843681155024,False
2022-10-07,Gaussian,0.99,2021-09-28,2022-10-06,0.011191053660794224,0.014644769278830617,0.016730784801081214,False
2022-10-10,Historical,0.99,2021-09-29,2022-10-07,0.008280840353041675,0.014558881136160159,0.019502843681155024,False
2022-10-10,Gaussian,0.99,2021-09-29,2022-10-07,0.008280840353041675,0.0146731997868577,0.016762501069088564,False
2022-10-11,Historical,0.99,2021-09-30,2022-10-10,0.0041723924186939,0.014558881136160159,0.019502843681155024,False
2022-10-11,Gaussian,0.99,2021-09-30,2022-10-10,0.0041723924186939,0.014757770293413389,0.016853180984879753,False
2022-10-12,Historical,0.99,2021-10-01,2022-10-11,0.0008110256574876751,0.014558881136160159,0.019502843681155024,False
2022-10-12,Gaussian,0.99,2021-10-01,2022-10-11,0.0008110256574876751,0.01478796054865611,0.01688472364848979,False
2022-10-13,Historical,0.99,2021-10-04,2022-10-12,-0.0045928165324344,0.014558881136160159,0.019502843681155024,False
2022-10-13,Gaussian,0.99,2021-10-04,2022-10-12,-0.0045928165324344,0.01479502006355332,0.016890961197748782,False
2022-10-14,Historical,0.99,2021-10-05,2022-10-13,0.010117656699390326,0.014558881136160159,0.019502843681155024,False
2022-10-14,Gaussian,0.99,2021-10-05,2022-10-13,0.010117656699390326,0.014778638514819453,0.016876589690138607,False
2022-10-17,Historical,0.99,2021-10-06,2022-10-14,-0.009842229286946225,0.014558881136160159,0.019502843681155024,False
2022-10-17,Gaussian,0.99,2021-10-06,2022-10-14,-0.009842229286946225,0.014893407072411135,0.017000406852634455,False
2022-10-18,Historical,0.99,2021-10-07,2022-10-17,-0.004626502933684375,0.014558881136160159,0.019502843681155024,False
2022-10-18,Gaussian,0.99,2021-10-07,2022-10-17,-0.004626502933684375,0.014927935294585498,0.017046345597860148,False
2022-10-19,Historical,0.99,2021-10-08,2022-10-18,0.0080550595220644,0.014558881136160159,0.019502843681155024,False
2022-10-19,Gaussian,0.99,2021-10-08,2022-10-18,0.0080550595220644,0.014931873493718705,0.017051984765333886,False
2022-10-20,Historical,0.99,2021-10-11,2022-10-19,0.0035700594848019755,0.014558881136160159,0.019502843681155024,False
2022-10-20,Gaussian,0.99,2021-10-11,2022-10-19,0.0035700594848019755,0.01500667780998063,0.01713316405081927,False
2022-10-21,Historical,0.99,2021-10-12,2022-10-20,-0.01188199085966235,0.014558881136160159,0.019502843681155024,False
2022-10-21,Gaussian,0.99,2021-10-12,2022-10-20,-0.01188199085966235,0.015024153803023316,0.017151683939586628,False
2022-10-24,Historical,0.99,2021-10-13,2022-10-21,-0.0034264038658156247,0.014558881136160159,0.019502843681155024,False
2022-10-24,Gaussian,0.99,2021-10-13,2022-10-21,-0.0034264038658156247,0.015091085615024992,0.01723465973196385,False
2022-10-25,Historical,0.99,2021-10-14,2022-10-24,-0.0077360940717897154,0.014558881136160159,0.019502843681155024,False
2022-10-25,Gaussian,0.99,2021-10-14,2022-10-24,-0.0077360940717897154,0.015081507060083658,0.017222133633456375,False
2022-10-26,Historical,0.99,2021-10-15,2022-10-25,-0.0025365919516400007,0.014558881136160159,0.019502843681155024,False
2022-10-26,Gaussian,0.99,2021-10-15,2022-10-25,-0.0025365919516400007,0.015081220142738563,0.01722178412691181,False
2022-10-27,Historical,0.99,2021-10-18,2022-10-26,-0.00048525618161902526,0.014558881136160159,0.019502843681155024,False
2022-10-27,Gaussian,0.99,2021-10-18,2022-10-26,-0.00048525618161902526,0.015064484262147241,0.01720550619357033,False
2022-10-28,Historical,0.99,2021-10-19,2022-10-27,-0.001399925509364225,0.014558881136160159,0.019502843681155024,False
2022-10-28,Gaussian,0.99,2021-10-19,2022-10-27,-0.001399925509364225,0.01505791834496303,0.017198947749241203,False
2022-10-31,Historical,0.99,2021-10-20,2022-10-28,0.0033772658764056997,0.014558881136160159,0.019502843681155024,False
2022-10-31,Gaussian,0.99,2021-10-20,2022-10-28,0.0033772658764056997,0.015058567513088709,0.017199207000533352,False
2022-11-01,Historical,0.99,2021-10-21,2022-10-31,-0.0047118423611586255,0.014558881136160159,0.019502843681155024,False
2022-11-01,Gaussian,0.99,2021-10-21,2022-10-31,-0.0047118423611586255,0.015082091917235868,0.017222330870641494,False
2022-11-02,Historical,0.99,2021-10-22,2022-11-01,0.00988298306314405,0.014558881136160159,0.019502843681155024,False
2022-11-02,Gaussian,0.99,2021-10-22,2022-11-01,0.00988298306314405,0.015076723854518043,0.017219665635167764,False
2022-11-03,Historical,0.99,2021-10-25,2022-11-02,0.003130764176044825,0.014558881136160159,0.019502843681155024,False
2022-11-03,Gaussian,0.99,2021-10-25,2022-11-02,0.003130764176044825,0.015186553157936038,0.017338338683117235,False
2022-11-04,Historical,0.99,2021-10-26,2022-11-03,-0.01562902174874235,0.014558881136160159,0.019502843681155024,False
2022-11-04,Gaussian,0.99,2021-10-26,2022-11-03,-0.01562902174874235,0.015206371251216946,0.017356973663905047,False
2022-11-07,Historical,0.99,2021-10-27,2022-11-04,0.0006563444438220751,0.014558881136160159,0.019502843681155024,False
2022-11-07,Gaussian,0.99,2021-10-27,2022-11-04,0.0006563444438220751,0.015334220285274525,0.017512080993173723,False
2022-11-08,Historical,0.99,2021-10-28,2022-11-07,-0.0090482063969356,0.014558881136160159,0.019502843681155024,False
2022-11-08,Gaussian,0.99,2021-10-28,2022-11-07,-0.0090482063969356,0.015336649347018961,0.017514505430566093,False
2022-11-09,Historical,0.99,2021-10-29,2022-11-08,0.0059304293585941,0.014558881136160159,0.019502843681155024,False
2022-11-09,Gaussian,0.99,2021-10-29,2022-11-08,0.0059304293585941,0.015368405137503694,0.01755521843492303,False
2022-11-10,Historical,0.99,2021-11-01,2022-11-09,-0.02978656097482955,0.014558881136160159,0.019502843681155024,False
2022-11-10,Gaussian,0.99,2021-11-01,2022-11-09,-0.02978656097482955,0.015404979977608481,0.017594796405983604,False
2022-11-11,Historical,0.99,2021-11-02,2022-11-10,-0.001499409397929875,0.014558881136160159,0.019502843681155024,False
2022-11-11,Gaussian,0.99,2021-11-02,2022-11-10,-0.001499409397929875,0.015931218489165795,0.01821300697359412,False
2022-11-14,Historical,0.99,2021-11-03,2022-11-11,-9.359315221650014e-06,0.014558881136160159,0.019502843681155024,False
2022-11-14,Gaussian,0.99,2021-11-03,2022-11-11,-9.359315221650014e-06,0.015929034405761017,0.018211075005985723,False
2022-11-15,Historical,0.99,2021-11-04,2022-11-14,-0.004377119403435075,0.014558881136160159,0.019502843681155024,False
2022-11-15,Gaussian,0.99,2021-11-04,2022-11-14,-0.004377119403435075,0.015918046726019052,0.01819973771616513,False
2022-11-16,Historical,0.99,2021-11-05,2022-11-15,0.0014135695045547003,0.014558881136160159,0.019502843681155024,False
2022-11-16,Gaussian,0.99,2021-11-05,2022-11-15,0.0014135695045547003,0.015910778139720798,0.01819028755564098,False
2022-11-17,Historical,0.99,2021-11-08,2022-11-16,0.004447747004100475,0.014558881136160159,0.019502843681155024,False
2022-11-17,Gaussian,0.99,2021-11-08,2022-11-16,0.004447747004100475,0.015911963071439116,0.01818709531547893,False
2022-11-18,Historical,0.99,2021-11-09,2022-11-17,8.774613748097505e-05,0.014558881136160159,0.019502843681155024,False
2022-11-18,Gaussian,0.99,2021-11-09,2022-11-17,8.774613748097505e-05,0.015941342107425233,0.0182182110290257,False
2022-11-21,Historical,0.99,2021-11-10,2022-11-18,0.002815491428489275,0.014558881136160159,0.019502843681155024,False
2022-11-21,Gaussian,0.99,2021-11-10,2022-11-18,0.002815491428489275,0.01594355913780489,0.018220348322281088,False
2022-11-22,Historical,0.99,2021-11-11,2022-11-21,-0.0076918255088111,0.014558881136160159,0.019502843681155024,False
2022-11-22,Gaussian,0.99,2021-11-11,2022-11-21,-0.0076918255088111,0.015961464173052373,0.018238757762986516,False
2022-11-23,Historical,0.99,2021-11-12,2022-11-22,-0.0047980995026268,0.014558881136160159,0.019502843681155024,False
2022-11-23,Gaussian,0.99,2021-11-12,2022-11-22,-0.0047980995026268,0.015979639860026443,0.018262762968082012,False
2022-11-25,Historical,0.99,2021-11-15,2022-11-23,-0.000786702498007025,0.014558881136160159,0.019502843681155024,False
2022-11-25,Gaussian,0.99,2021-11-15,2022-11-23,-0.000786702498007025,0.015982319543800673,0.018267710959080908,False
2022-11-28,Historical,0.99,2021-11-16,2022-11-25,0.006158100108913325,0.014558881136160159,0.019502843681155024,False
2022-11-28,Gaussian,0.99,2021-11-16,2022-11-25,0.006158100108913325,0.015974414336837807,0.018259832164393416,False
2022-11-29,Historical,0.99,2021-11-17,2022-11-28,-0.00105316646217105,0.014558881136160159,0.019502843681155024,False
2022-11-29,Gaussian,0.99,2021-11-17,2022-11-28,-0.00105316646217105,0.01601341820154247,0.018302041070290206,False
2022-11-30,Historical,0.99,2021-11-18,2022-11-29,-0.015214210954425052,0.014558881136160159,0.019502843681155024,False
2022-11-30,Gaussian,0.99,2021-11-18,2022-11-29,-0.015214210954425052,0.01601391998718492,0.018302465749227427,False
2022-12-01,Historical,0.99,2021-11-19,2022-11-30,-0.0066278132428672,0.014558881136160159,0.019502843681155024,False
2022-12-01,Gaussian,0.99,2021-11-19,2022-11-30,-0.0066278132428672,0.016113631100015548,0.01842615452412081,False
2022-12-02,Historical,0.99,2021-11-22,2022-12-01,0.0007309129126030001,0.014558881136160159,0.019502843681155024,False
2022-12-02,Gaussian,0.99,2021-11-22,2022-12-01,0.0007309129126030001,0.01610416787957501,0.018420748357782405,False
2022-12-05,Historical,0.99,2021-11-23,2022-12-02,0.0109228616575772,0.014558881136160159,0.019502843681155024,False
2022-12-05,Gaussian,0.99,2021-11-23,2022-12-02,0.0109228616575772,0.01604582574419183,0.018357635535945546,False
2022-12-06,Historical,0.99,2021-11-24,2022-12-05,0.0029026804595790505,0.014558881136160159,0.019502843681155024,False
2022-12-06,Gaussian,0.99,2021-11-24,2022-12-05,0.0029026804595790505,0.016155292555264364,0.01847807807320556,False
2022-12-07,Historical,0.99,2021-11-26,2022-12-06,-0.0029113636879271754,0.014558881136160159,0.019502843681155024,False
2022-12-07,Gaussian,0.99,2021-11-26,2022-12-06,-0.0029113636879271754,0.016176210136387422,0.018499314657638478,False
2022-12-08,Historical,0.99,2021-11-29,2022-12-07,-0.00011134132382974995,0.014558881136160159,0.019502843681155024,False
2022-12-08,Gaussian,0.99,2021-11-29,2022-12-07,-0.00011134132382974995,0.016044257251678098,0.018356346719860427,False
2022-12-09,Historical,0.99,2021-11-30,2022-12-08,0.002655465867526425,0.014558881136160159,0.019502843681155024,False
2022-12-09,Gaussian,0.99,2021-11-30,2022-12-08,0.002655465867526425,0.0160462585385289,0.018355945819662395,False
2022-12-12,Historical,0.99,2021-12-01,2022-12-09,-0.00012379732011740018,0.014558881136160159,0.019502843681155024,False
2022-12-12,Gaussian,0.99,2021-12-01,2022-12-09,-0.00012379732011740018,0.016005163202851096,0.018311219729182874,False
2022-12-13,Historical,0.99,2021-12-02,2022-12-12,-0.010254695349968474,0.014558881136160159,0.019502843681155024,False
2022-12-13,Gaussian,0.99,2021-12-02,2022-12-12,-0.010254695349968474,0.016009757687500077,0.018315168117763164,False
2022-12-14,Historical,0.99,2021-12-03,2022-12-13,0.0016699892892006749,0.014558881136160159,0.019502843681155024,False
2022-12-14,Gaussian,0.99,2021-12-03,2022-12-13,0.0016699892892006749,0.016043957952897963,0.018360180758750386,False
2022-12-15,Historical,0.99,2021-12-06,2022-12-14,0.0121583670201685,0.014558881136160159,0.019502843681155024,False
2022-12-15,Gaussian,0.99,2021-12-06,2022-12-14,0.0121583670201685,0.016055816309547288,0.018372083441734292,False
2022-12-16,Historical,0.99,2021-12-07,2022-12-15,0.004407360213488875,0.014558881136160159,0.019502843681155024,False
2022-12-16,Gaussian,0.99,2021-12-07,2022-12-15,0.004407360213488875,0.01620397267702591,0.0185318627801308,False
2022-12-19,Historical,0.99,2021-12-08,2022-12-16,0.003988872177298975,0.014558881136160159,0.019502843681155024,False
2022-12-19,Gaussian,0.99,2021-12-08,2022-12-16,0.003988872177298975,0.01621253450330988,0.01853395695299932,False
2022-12-20,Historical,0.99,2021-12-09,2022-12-19,-0.0029091074332415496,0.014558881136160159,0.019502843681155024,False
2022-12-20,Gaussian,0.99,2021-12-09,2022-12-19,-0.0029091074332415496,0.016237862143681205,0.01856063863809363,False
2022-12-21,Historical,0.99,2021-12-10,2022-12-20,-0.00790940082728255,0.014558881136160159,0.019502843681155024,False
2022-12-21,Gaussian,0.99,2021-12-10,2022-12-20,-0.00790940082728255,0.0162142130187722,0.018537128119492947,False
2022-12-22,Historical,0.99,2021-12-13,2022-12-21,0.0076450564563730495,0.014558881136160159,0.019502843681155024,False
2022-12-22,Gaussian,0.99,2021-12-13,2022-12-21,0.0076450564563730495,0.0162328078906698,0.018561520301898286,False
2022-12-23,Historical,0.99,2021-12-14,2022-12-22,-0.0012085160306629752,0.014558881136160159,0.019502843681155024,False
2022-12-23,Gaussian,0.99,2021-12-14,2022-12-22,-0.0012085160306629752,0.016286813856626555,0.018620414029988094,False
2022-12-28,Historical,0.99,2021-12-15,2022-12-23,0.004911565686060775,0.014558881136160159,0.019502843681155024,False
2022-12-28,Gaussian,0.99,2021-12-15,2022-12-23,0.004911565686060775,0.01624733675857111,0.01857884879013169,False
2022-12-29,Historical,0.99,2021-12-16,2022-12-28,-0.0075094467836582255,0.014558881136160159,0.019502843681155024,False
2022-12-29,Gaussian,0.99,2021-12-16,2022-12-28,-0.0075094467836582255,0.01628641354607745,0.01861892801532869,False
2022-12-30,Historical,0.99,2021-12-17,2022-12-29,0.002535141855694675,0.014558881136160159,0.019502843681155024,False
2022-12-30,Gaussian,0.99,2021-12-17,2022-12-29,0.002535141855694675,0.016299465849474885,0.018635520217717323,False
2023-01-03,Historical,0.99,2021-12-20,2022-12-30,-0.006485628481378801,0.014558881136160159,0.019502843681155024,False
2023-01-03,Gaussian,0.99,2021-12-20,2022-12-30,-0.006485628481378801,0.016301593831697245,0.018637777680716724,False
2023-01-04,Historical,0.99,2021-12-21,2023-01-03,-0.00718346640684535,0.014558881136160159,0.019502843681155024,False
2023-01-04,Gaussian,0.99,2021-12-21,2023-01-03,-0.00718346640684535,0.016252535640312517,0.018589193734529396,False
2023-01-05,Historical,0.99,2021-12-22,2023-01-04,0.00479218899814525,0.014558881136160159,0.019502843681155024,False
2023-01-05,Gaussian,0.99,2021-12-22,2023-01-04,0.00479218899814525,0.016254743366666078,0.01859194648716509,False
2023-01-06,Historical,0.99,2021-12-23,2023-01-05,-0.015765991087787923,0.014558881136160159,0.019502843681155024,False
2023-01-06,Gaussian,0.99,2021-12-23,2023-01-05,-0.015765991087787923,0.01628249544896457,0.018617073622841946,False
2023-01-09,Historical,0.99,2021-12-29,2023-01-06,-0.001829357133035825,0.014558881136160159,0.019502843681155024,False
2023-01-09,Gaussian,0.99,2021-12-29,2023-01-06,-0.001829357133035825,0.0163970221173131,0.018755909612759022,False
2023-01-10,Historical,0.99,2021-12-30,2023-01-09,-0.00010821076085962516,0.014558881136160159,0.019502843681155024,False
2023-01-10,Gaussian,0.99,2021-12-30,2023-01-09,-0.00010821076085962516,0.01639738362288146,0.018755427332582376,False
2023-01-11,Historical,0.99,2021-12-31,2023-01-10,-0.005638553915055475,0.014558881136160159,0.019502843681155024,False
2023-01-11,Gaussian,0.99,2021-12-31,2023-01-10,-0.005638553915055475,0.01640064273976154,0.018758479354605926,False
2023-01-12,Historical,0.99,2022-01-04,2023-01-11,-0.0082093670449917,0.014558881136160159,0.019502843681155024,False
2023-01-12,Gaussian,0.99,2022-01-04,2023-01-11,-0.0082093670449917,0.016401477438193552,0.01876263691332536,False
2023-01-13,Historical,0.99,2022-01-05,2023-01-12,-0.0042753196835034,0.014558881136160159,0.019502843681155024,False
2023-01-13,Gaussian,0.99,2022-01-05,2023-01-12,-0.0042753196835034,0.016418879794459856,0.0187867560098393,False
2023-01-17,Historical,0.99,2022-01-06,2023-01-13,0.0027069031237656254,0.014558881136160159,0.019502843681155024,False
2023-01-17,Gaussian,0.99,2022-01-06,2023-01-13,0.0027069031237656254,0.01636470674243059,0.018730832793203173,False
2023-01-18,Historical,0.99,2022-01-07,2023-01-17,0.0018602568320390997,0.014558881136160159,0.019502843681155024,False
2023-01-18,Gaussian,0.99,2022-01-07,2023-01-17,0.0018602568320390997,0.01633127600701754,0.018694527459000007,False
2023-01-19,Historical,0.99,2022-01-10,2023-01-18,0.0010799419683697,0.014558881136160159,0.019502843681155024,False
2023-01-19,Gaussian,0.99,2022-01-10,2023-01-18,0.0010799419683697,0.01634244452483231,0.01870596014677177,False
2023-01-20,Historical,0.99,2022-01-11,2023-01-19,-0.00299480924699825,0.014558881136160159,0.019502843681155024,False
2023-01-20,Gaussian,0.99,2022-01-11,2023-01-19,-0.00299480924699825,0.01634284953531309,0.018706379103259504,False
2023-01-23,Historical,0.99,2022-01-12,2023-01-20,-0.00309144557846855,0.014558881136160159,0.019502843681155024,False
2023-01-23,Gaussian,0.99,2022-01-12,2023-01-20,-0.00309144557846855,0.01632870325161485,0.018687574633759044,False
2023-01-24,Historical,0.99,2022-01-13,2023-01-23,-0.0012915741770267502,0.014558881136160159,0.019502843681155024,False
2023-01-24,Gaussian,0.99,2022-01-13,2023-01-23,-0.0012915741770267502,0.016328520725909672,0.01868717314063871,False
2023-01-25,Historical,0.99,2022-01-14,2023-01-24,-0.0009792850370963504,0.014558881136160159,0.019502843681155024,False
2023-01-25,Gaussian,0.99,2022-01-14,2023-01-24,-0.0009792850370963504,0.016305487637792333,0.018663407717105444,False
2023-01-26,Historical,0.99,2022-01-18,2023-01-25,-0.00010683154812649986,0.014558881136160159,0.019502843681155024,False
2023-01-26,Gaussian,0.99,2022-01-18,2023-01-25,-0.00010683154812649986,0.01628534168746616,0.018642602580455334,False
2023-01-27,Historical,0.99,2022-01-19,2023-01-26,-2.9397723991324916e-05,0.014558881136160159,0.019502843681155024,False
2023-01-27,Gaussian,0.99,2022-01-19,2023-01-26,-2.9397723991324916e-05,0.016234875284068247,0.01858846808215537,False
2023-01-30,Historical,0.99,2022-01-20,2023-01-27,0.0040323147027929995,0.014558881136160159,0.019502843681155024,False
2023-01-30,Gaussian,0.99,2022-01-20,2023-01-27,0.0040323147027929995,0.01624036896743327,0.01859302269407105,False
2023-01-31,Historical,0.99,2022-01-21,2023-01-30,-0.0054121628606901995,0.014558881136160159,0.019502843681155024,False
2023-01-31,Gaussian,0.99,2022-01-21,2023-01-30,-0.0054121628606901995,0.01624923091902725,0.01860257582827803,False
2023-02-01,Historical,0.99,2022-01-24,2023-01-31,-0.0072193179080805,0.014558881136160159,0.019502843681155024,False
2023-02-01,Gaussian,0.99,2022-01-24,2023-01-31,-0.0072193179080805,0.01618622071657175,0.018537673284342922,False
2023-02-02,Historical,0.99,2022-01-25,2023-02-01,-0.0002902849026231004,0.014558881136160159,0.019502843681155024,False
2023-02-02,Gaussian,0.99,2022-01-25,2023-02-01,-0.0002902849026231004,0.016158815315452504,0.018513234417238105,False
2023-02-03,Historical,0.99,2022-01-26,2023-02-02,0.008903304970740026,0.014558881136160159,0.019502843681155024,False
2023-02-03,Gaussian,0.99,2022-01-26,2023-02-02,0.008903304970740026,0.016157585135573048,0.01851201207536672,False
2023-02-06,Historical,0.99,2022-01-27,2023-02-03,0.005231156882109175,0.014558881136160159,0.019502843681155024,False
2023-02-06,Gaussian,0.99,2022-01-27,2023-02-03,0.005231156882109175,0.01622945206506711,0.01859082484753131,False
2023-02-07,Historical,0.99,2022-01-28,2023-02-06,-0.003727737142295825,0.014558881136160159,0.019502843681155024,False
2023-02-07,Gaussian,0.99,2022-01-28,2023-02-06,-0.003727737142295825,0.016265455016571582,0.018629427371277443,False
2023-02-08,Historical,0.99,2022-01-31,2023-02-07,0.0005777435042760501,0.014558881136160159,0.019502843681155024,False
2023-02-08,Gaussian,0.99,2022-01-31,2023-02-07,0.0005777435042760501,0.016265856385779664,0.018630310594889083,False
2023-02-09,Historical,0.99,2022-02-01,2023-02-08,0.00448503466809795,0.014558881136160159,0.019502843681155024,False
2023-02-09,Gaussian,0.99,2022-02-01,2023-02-08,0.00448503466809795,0.016267243169562143,0.018627981919973738,False
2023-02-10,Historical,0.99,2022-02-02,2023-02-09,0.0010874015537313,0.014558881136160159,0.019502843681155024,False
2023-02-10,Gaussian,0.99,2022-02-02,2023-02-09,0.0010874015537313,0.016303094090259096,0.018664124396186418,False
2023-02-13,Historical,0.99,2022-02-03,2023-02-10,-0.0042508658277475506,0.014558881136160159,0.019502843681155024,False
2023-02-13,Gaussian,0.99,2022-02-03,2023-02-10,-0.0042508658277475506,0.016309541829713104,0.01866776633108367,False
2023-02-14,Historical,0.99,2022-02-04,2023-02-13,0.0008153923364711749,0.014558881136160159,0.019502843681155024,False
2023-02-14,Gaussian,0.99,2022-02-04,2023-02-13,0.0008153923364711749,0.016210938252786085,0.018562698928097737,False
2023-02-15,Historical,0.99,2022-02-07,2023-02-14,0.0011674026850051252,0.014558881136160159,0.019502843681155024,False
2023-02-15,Gaussian,0.99,2022-02-07,2023-02-14,0.0011674026850051252,0.016211721379830603,0.01856350302635322,False
2023-02-16,Historical,0.99,2022-02-08,2023-02-15,0.004021876309693025,0.014558881136160159,0.019502843681155024,False
2023-02-16,Gaussian,0.99,2022-02-08,2023-02-15,0.004021876309693025,0.016222838015879253,0.018573873811552347,False
2023-02-17,Historical,0.99,2022-02-09,2023-02-16,-0.0005043172301007501,0.014558881136160159,0.019502843681155024,False
2023-02-17,Gaussian,0.99,2022-02-09,2023-02-16,-0.0005043172301007501,0.01625415492538271,0.018606334625438814,False
2023-02-21,Historical,0.99,2022-02-10,2023-02-17,0.009498130486422899,0.014558881136160159,0.019502843681155024,False
2023-02-21,Gaussian,0.99,2022-02-10,2023-02-17,0.009498130486422899,0.016244276602416226,0.01859103558505349,False
2023-02-22,Historical,0.99,2022-02-11,2023-02-21,0.0028334644233140496,0.014558881136160159,0.019502843681155024,False
2023-02-22,Gaussian,0.99,2022-02-11,2023-02-21,0.0028334644233140496,0.01628385615043722,0.018634823786553494,False
2023-02-23,Historical,0.99,2022-02-14,2023-02-22,-0.00144618773864795,0.014558881136160159,0.019502843681155024,False
2023-02-23,Gaussian,0.99,2022-02-14,2023-02-22,-0.00144618773864795,0.016305123001544887,0.01865623192971514,False
2023-02-24,Historical,0.99,2022-02-15,2023-02-23,0.006861807806551774,0.014558881136160159,0.019502843681155024,False
2023-02-24,Gaussian,0.99,2022-02-15,2023-02-23,0.006861807806551774,0.01625890832597277,0.018607377636415474,False
2023-02-27,Historical,0.99,2022-02-16,2023-02-24,-0.004298472787758525,0.014558881136160159,0.019502843681155024,False
2023-02-27,Gaussian,0.99,2022-02-16,2023-02-24,-0.004298472787758525,0.0163217262545492,0.01867337542683171,False
2023-02-28,Historical,0.99,2022-02-17,2023-02-27,0.001080260383130225,0.014558881136160159,0.019502843681155024,False
2023-02-28,Gaussian,0.99,2022-02-17,2023-02-27,0.001080260383130225,0.01632316201574311,0.018675691657718402,False
2023-03-01,Historical,0.99,2022-02-18,2023-02-28,0.0005117279066110749,0.014558881136160159,0.019502843681155024,False
2023-03-01,Gaussian,0.99,2022-02-18,2023-02-28,0.0005117279066110749,0.016312770684605907,0.018664743108791317,False
2023-03-02,Historical,0.99,2022-02-22,2023-03-01,-0.0016397707027580501,0.014558881136160159,0.019502843681155024,False
2023-03-02,Gaussian,0.99,2022-02-22,2023-03-01,-0.0016397707027580501,0.016304934952966418,0.01865660545063757,False
2023-03-03,Historical,0.99,2022-02-23,2023-03-02,-0.008827745675680374,0.014558881136160159,0.019502843681155024,False
2023-03-03,Gaussian,0.99,2022-02-23,2023-03-02,-0.008827745675680374,0.016285503121757236,0.018636860908807007,False
2023-03-06,Historical,0.99,2022-02-24,2023-03-03,0.002079992717935475,0.014558881136160159,0.019502843681155024,False
2023-03-06,Gaussian,0.99,2022-02-24,2023-03-03,0.002079992717935475,0.016271594035181504,0.0186287766668029,False
2023-03-07,Historical,0.99,2022-02-25,2023-03-06,0.008500192184130125,0.014558881136160159,0.019502843681155024,False
2023-03-07,Gaussian,0.99,2022-02-25,2023-03-06,0.008500192184130125,0.016222480487453308,0.01857537268773728,False
2023-03-08,Historical,0.99,2022-02-28,2023-03-07,-0.00048448871898245,0.014558881136160159,0.019502843681155024,False
2023-03-08,Gaussian,0.99,2022-02-28,2023-03-07,-0.00048448871898245,0.016217891502406174,0.018556718434992087,False
2023-03-09,Historical,0.99,2022-03-01,2023-03-08,0.0021728198571456005,0.014558881136160159,0.019502843681155024,False
2023-03-09,Gaussian,0.99,2022-03-01,2023-03-08,0.0021728198571456005,0.016220807067291114,0.018558138155867508,False
2023-03-10,Historical,0.99,2022-03-02,2023-03-09,-0.0022000130919492002,0.014558881136160159,0.019502843681155024,False
2023-03-10,Gaussian,0.99,2022-03-02,2023-03-09,-0.0022000130919492002,0.016226759603095803,0.018564383123933572,False
2023-03-13,Historical,0.99,2022-03-03,2023-03-10,-0.0019440753374147493,0.014558881136160159,0.019502843681155024,False
2023-03-13,Gaussian,0.99,2022-03-03,2023-03-10,-0.0019440753374147493,0.016226188361588824,0.018564024797083904,False
2023-03-14,Historical,0.99,2022-03-04,2023-03-13,-0.0032422117591748506,0.014558881136160159,0.019502843681155024,False
2023-03-14,Gaussian,0.99,2022-03-04,2023-03-13,-0.0032422117591748506,0.016183805091238533,0.018519610008985915,False
2023-03-15,Historical,0.99,2022-03-07,2023-03-14,0.00575998199912785,0.014558881136160159,0.019502843681155024,False
2023-03-15,Gaussian,0.99,2022-03-07,2023-03-14,0.00575998199912785,0.016150386354211132,0.018485669657692737,False
2023-03-16,Historical,0.99,2022-03-08,2023-03-15,-0.00487737408840745,0.014558881136160159,0.019502843681155024,False
2023-03-16,Gaussian,0.99,2022-03-08,2023-03-15,-0.00487737408840745,0.016150929059330386,0.01848626419443712,False
2023-03-17,Historical,0.99,2022-03-09,2023-03-16,-0.00496451896538195,0.014558881136160159,0.019502843681155024,False
2023-03-17,Gaussian,0.99,2022-03-09,2023-03-16,-0.00496451896538195,0.016153384717675915,0.018489836620711537,False
2023-03-20,Historical,0.99,2022-03-10,2023-03-17,-0.0036519643420338255,0.014558881136160159,0.019502843681155024,False
2023-03-20,Gaussian,0.99,2022-03-10,2023-03-17,-0.0036519643420338255,0.016151322386328982,0.018487110421450043,False
2023-03-21,Historical,0.99,2022-03-11,2023-03-20,-0.0008191582175331,0.014558881136160159,0.019502843681155024,False
2023-03-21,Gaussian,0.99,2022-03-11,2023-03-20,-0.0008191582175331,0.01611387076350169,0.018449026062555038,False
2023-03-22,Historical,0.99,2022-03-14,2023-03-21,-0.004445269267930899,0.014558881136160159,0.019502843681155024,False
2023-03-22,Gaussian,0.99,2022-03-14,2023-03-21,-0.004445269267930899,0.01609273047702583,0.01842707562672204,False
2023-03-23,Historical,0.99,2022-03-15,2023-03-22,-0.0030956205648039,0.014558881136160159,0.019502843681155024,False
2023-03-23,Gaussian,0.99,2022-03-15,2023-03-22,-0.0030956205648039,0.016021380453050668,0.018352272197066928,False
2023-03-24,Historical,0.99,2022-03-16,2023-03-23,0.00446484374714095,0.014558881136160159,0.019502843681155024,False
2023-03-24,Gaussian,0.99,2022-03-16,2023-03-23,0.00446484374714095,0.016015329823545903,0.018347177322443845,False
2023-03-27,Historical,0.99,2022-03-17,2023-03-24,0.0027426672002146503,0.014558881136160159,0.019502843681155024,False
2023-03-27,Gaussian,0.99,2022-03-17,2023-03-24,0.0027426672002146503,0.01600918588476332,0.018331209949343976,False
2023-03-28,Historical,0.99,2022-03-18,2023-03-27,-0.0019201369122413003,0.014558881136160159,0.019502843681155024,False
2023-03-28,Gaussian,0.99,2022-03-18,2023-03-27,-0.0019201369122413003,0.016018478142760924,0.018336157875359648,False
2023-03-29,Historical,0.99,2022-03-21,2023-03-28,-0.004560263125378375,0.014558881136160159,0.019502843681155024,False
2023-03-29,Gaussian,0.99,2022-03-21,2023-03-28,-0.004560263125378375,0.016018687511465585,0.018336286820662535,False
2023-03-30,Historical,0.99,2022-03-22,2023-03-29,-0.005923879296302951,0.014558881136160159,0.019502843681155024,False
2023-03-30,Gaussian,0.99,2022-03-22,2023-03-29,-0.005923879296302951,0.01601453868938867,0.01833429588124002,False
2023-03-31,Historical,0.99,2022-03-23,2023-03-30,-0.004046211826628175,0.014558881136160159,0.019502843681155024,False
2023-03-31,Gaussian,0.99,2022-03-23,2023-03-30,-0.004046211826628175,0.016018073882750936,0.018341334201434176,False
2023-04-03,Historical,0.99,2022-03-24,2023-03-31,-0.00525634293299795,0.014558881136160159,0.019502843681155024,False
2023-04-03,Gaussian,0.99,2022-03-24,2023-03-31,-0.00525634293299795,0.016017709244983958,0.018342406028386455,False
2023-04-04,Historical,0.99,2022-03-25,2023-04-03,-0.0035664479002980257,0.014558881136160159,0.019502843681155024,False
2023-04-04,Gaussian,0.99,2022-03-25,2023-04-03,-0.0035664479002980257,0.016020297827074356,0.018345965479718594,False
2023-04-05,Historical,0.99,2022-03-28,2023-04-04,-0.001157104408013625,0.014558881136160159,0.019502843681155024,False
2023-04-05,Gaussian,0.99,2022-03-28,2023-04-04,-0.001157104408013625,0.016005682435886296,0.018332340598801903,False
2023-04-06,Historical,0.99,2022-03-29,2023-04-05,-0.00175342236097915,0.014558881136160159,0.019502843681155024,False
2023-04-06,Gaussian,0.99,2022-03-29,2023-04-05,-0.00175342236097915,0.01598752009061314,0.018313688650697005,False
2023-04-11,Historical,0.99,2022-03-30,2023-04-06,0.0011813004378422246,0.014558881136160159,0.019502843681155024,False
2023-04-11,Gaussian,0.99,2022-03-30,2023-04-06,0.0011813004378422246,0.01597930015703937,0.018301465114055327,False
2023-04-12,Historical,0.99,2022-03-31,2023-04-11,-0.0021720379717153496,0.014558881136160159,0.019502843681155024,False
2023-04-12,Gaussian,0.99,2022-03-31,2023-04-11,-0.0021720379717153496,0.01599058466721715,0.018312076362964058,False
2023-04-13,Historical,0.99,2022-04-01,2023-04-12,-0.006461706097673675,0.014558881136160159,0.019502843681155024,False
2023-04-13,Gaussian,0.99,2022-04-01,2023-04-12,-0.006461706097673675,0.015943657937126217,0.01826274434187916,False
2023-04-14,Historical,0.99,2022-04-04,2023-04-13,0.005268698520060025,0.014558881136160159,0.019502843681155024,False
2023-04-14,Gaussian,0.99,2022-04-04,2023-04-13,0.005268698520060025,0.015938040114803452,0.018261021950016845,False
2023-04-17,Historical,0.99,2022-04-05,2023-04-14,0.001637834188663925,0.014558881136160159,0.019502843681155024,False
2023-04-17,Gaussian,0.99,2022-04-05,2023-04-14,0.001637834188663925,0.01598332056323601,0.01830763352353052,False
2023-04-18,Historical,0.99,2022-04-06,2023-04-17,-0.0025395958103339752,0.014558881136160159,0.019502843681155024,False
2023-04-18,Gaussian,0.99,2022-04-06,2023-04-17,-0.0025395958103339752,0.015944834321993707,0.018266007506738517,False
2023-04-19,Historical,0.99,2022-04-07,2023-04-18,0.002083937707237391,0.014558881136160159,0.019502843681155024,False
2023-04-19,Gaussian,0.99,2022-04-07,2023-04-18,0.002083937707237391,0.015916032989520146,0.01823657383909052,False
2023-04-20,Historical,0.99,2022-04-08,2023-04-19,-0.0010672558266669246,0.014558881136160159,0.019502843681155024,False
2023-04-20,Gaussian,0.99,2022-04-08,2023-04-19,-0.0010672558266669246,0.015928162467398026,0.018249135134453812,False
2023-04-21,Historical,0.99,2022-04-11,2023-04-20,0.00248953693574485,0.014558881136160159,0.019502843681155024,False
2023-04-21,Gaussian,0.99,2022-04-11,2023-04-20,0.00248953693574485,0.01593028536758351,0.018250127858021128,False
2023-04-24,Historical,0.99,2022-04-12,2023-04-21,-0.0021300901390129,0.014558881136160159,0.019502843681155024,False
2023-04-24,Gaussian,0.99,2022-04-12,2023-04-21,-0.0021300901390129,0.01589767611661394,0.01821472766682797,False
2023-04-25,Historical,0.99,2022-04-13,2023-04-24,0.0008743141852651246,0.014558881136160159,0.019502843681155024,False
2023-04-25,Gaussian,0.99,2022-04-13,2023-04-24,0.0008743141852651246,0.015895298381030414,0.01821271699323553,False
2023-04-26,Historical,0.99,2022-04-14,2023-04-25,0.004514127061810375,0.014558881136160159,0.019502843681155024,False
2023-04-26,Gaussian,0.99,2022-04-14,2023-04-25,0.004514127061810375,0.015903096707160537,0.018218416106998273,False
2023-04-27,Historical,0.99,2022-04-19,2023-04-26,-0.0026056488647181503,0.014558881136160159,0.019502843681155024,False
2023-04-27,Gaussian,0.99,2022-04-19,2023-04-26,-0.0026056488647181503,0.015898653259896294,0.018213573072373382,False
2023-04-28,Historical,0.99,2022-04-20,2023-04-27,-0.0052447970808885,0.014558881136160159,0.019502843681155024,False
2023-04-28,Gaussian,0.99,2022-04-20,2023-04-27,-0.0052447970808885,0.015882673709184707,0.01819790128500278,False
2023-05-02,Historical,0.99,2022-04-21,2023-04-28,0.0021385383754550006,0.014558881136160159,0.019502843681155024,False
2023-05-02,Gaussian,0.99,2022-04-21,2023-04-28,0.0021385383754550006,0.015885622826920156,0.0182020409925558,False
2023-05-03,Historical,0.99,2022-04-22,2023-05-02,-0.002496987680407675,0.014558881136160159,0.019502843681155024,False
2023-05-03,Gaussian,0.99,2022-04-22,2023-05-02,-0.002496987680407675,0.015848594212464494,0.01816186675595753,False
2023-05-04,Historical,0.99,2022-04-25,2023-05-03,0.0028504521968966993,0.014558881136160159,0.019502843681155024,False
2023-05-04,Gaussian,0.99,2022-04-25,2023-05-03,0.0028504521968966993,0.015679432912777843,0.017976935478165007,False
2023-05-05,Historical,0.99,2022-04-26,2023-05-04,-0.0018200665089272996,0.014558881136160159,0.019502843681155024,False
2023-05-05,Gaussian,0.99,2022-04-26,2023-05-04,-0.0018200665089272996,0.015645238503619586,0.017939685774685434,False
2023-05-09,Historical,0.99,2022-04-27,2023-05-05,0.0012422509748335252,0.014558881136160159,0.019502843681155024,False
2023-05-09,Gaussian,0.99,2022-04-27,2023-05-05,0.0012422509748335252,0.015604113774463323,0.017896424363292505,False
2023-05-10,Historical,0.99,2022-04-28,2023-05-09,-0.001899231801394825,0.014558881136160159,0.019502843681155024,False
2023-05-10,Gaussian,0.99,2022-04-28,2023-05-09,-0.001899231801394825,0.015603017397577898,0.017895274305065205,False
2023-05-11,Historical,0.99,2022-04-29,2023-05-10,0.00198760009520045,0.014558881136160159,0.019502843681155024,False
2023-05-11,Gaussian,0.99,2022-04-29,2023-05-10,0.00198760009520045,0.015570141519724386,0.017852896232430526,False
2023-05-12,Historical,0.99,2022-05-03,2023-05-11,0.0015461590701008748,0.014558881136160159,0.019502843681155024,False
2023-05-12,Gaussian,0.99,2022-05-03,2023-05-11,0.0015461590701008748,0.015483208356246716,0.017757532090736296,False
2023-05-15,Historical,0.99,2022-05-04,2023-05-12,-0.0014665992432415001,0.014558881136160159,0.019502843681155024,False
2023-05-15,Gaussian,0.99,2022-05-04,2023-05-12,-0.0014665992432415001,0.015477537731473865,0.01775151378335597,False
2023-05-16,Historical,0.99,2022-05-05,2023-05-15,0.006380251938774375,0.014558881136160159,0.019502843681155024,False
2023-05-16,Gaussian,0.99,2022-05-05,2023-05-15,0.006380251938774375,0.015451370926963946,0.017716973250987537,False
2023-05-17,Historical,0.99,2022-05-06,2023-05-16,-0.0003986819535504748,0.014558881136160159,0.019502843681155024,False
2023-05-17,Gaussian,0.99,2022-05-06,2023-05-16,-0.0003986819535504748,0.015354700633144838,0.017609522422261423,False
2023-05-18,Historical,0.99,2022-05-09,2023-05-17,0.0018102164990786741,0.014558881136160159,0.019502843681155024,False
2023-05-18,Gaussian,0.99,2022-05-09,2023-05-17,0.0018102164990786741,0.01529914119852128,0.017549758922949805,False
2023-05-19,Historical,0.99,2022-05-10,2023-05-18,-0.0016407794235713503,0.013374049498137627,0.018814354518777016,False
2023-05-19,Gaussian,0.99,2022-05-10,2023-05-18,-0.0016407794235713503,0.015071441172473866,0.017296908890420112,False
2023-05-22,Historical,0.99,2022-05-11,2023-05-19,0.0005531298530322249,0.013374049498137627,0.018814354518777016,False
2023-05-22,Gaussian,0.99,2022-05-11,2023-05-19,0.0005531298530322249,0.015067370858039412,0.01729305060333295,False
2023-05-23,Historical,0.99,2022-05-12,2023-05-22,0.0023521109963737,0.013374049498137627,0.018814354518777016,False
2023-05-23,Gaussian,0.99,2022-05-12,2023-05-22,0.0023521109963737,0.01507643222246918,0.01730131839352833,False
2023-05-24,Historical,0.99,2022-05-13,2023-05-23,0.008863675714260675,0.013374049498137627,0.018814354518777016,False
2023-05-24,Gaussian,0.99,2022-05-13,2023-05-23,0.008863675714260675,0.015022287898310827,0.017242125268028284,False
2023-05-25,Historical,0.99,2022-05-16,2023-05-24,0.0036236375320360006,0.013374049498137627,0.018814354518777016,False
2023-05-25,Gaussian,0.99,2022-05-16,2023-05-24,0.0036236375320360006,0.015096437576398341,0.017316654770497316,False
2023-05-26,Historical,0.99,2022-05-17,2023-05-25,-0.006585431043299525,0.013374049498137627,0.018814354518777016,False
2023-05-26,Gaussian,0.99,2022-05-17,2023-05-25,-0.006585431043299525,0.015126277896339864,0.017346390386330828,False
2023-05-30,Historical,0.99,2022-05-18,2023-05-26,-6.705948340170144e-05,0.013374049498137627,0.018814354518777016,False
2023-05-30,Gaussian,0.99,2022-05-18,2023-05-26,-6.705948340170144e-05,0.01513566427520686,0.017359014503142263,False
2023-05-31,Historical,0.99,2022-05-19,2023-05-30,0.002721643640953975,0.013374049498137627,0.018814354518777016,False
2023-05-31,Gaussian,0.99,2022-05-19,2023-05-30,0.002721643640953975,0.0150055841686072,0.01721634808585931,False
2023-06-01,Historical,0.99,2022-05-20,2023-05-31,-0.006617195287034225,0.013374049498137627,0.018814354518777016,False
2023-06-01,Gaussian,0.99,2022-05-20,2023-05-31,-0.006617195287034225,0.01501485892250969,0.017226225274635115,False
2023-06-02,Historical,0.99,2022-05-23,2023-06-01,-0.001864086861848125,0.013374049498137627,0.018814354518777016,False
2023-06-02,Gaussian,0.99,2022-05-23,2023-06-01,-0.001864086861848125,0.015023003492759654,0.017236870969202827,False
2023-06-05,Historical,0.99,2022-05-24,2023-06-02,-0.0006872467216254501,0.013374049498137627,0.018814354518777016,False
2023-06-05,Gaussian,0.99,2022-05-24,2023-06-02,-0.0006872467216254501,0.015002159705425504,0.017209148332555005,False
2023-06-06,Historical,0.99,2022-05-25,2023-06-05,-0.0019415542258661,0.013374049498137627,0.018814354518777016,False
2023-06-06,Gaussian,0.99,2022-05-25,2023-06-05,-0.0019415542258661,0.01500321190936555,0.017210147592705144,False
2023-06-07,Historical,0.99,2022-05-26,2023-06-06,0.005903575994140025,0.013374049498137627,0.018814354518777016,False
2023-06-07,Gaussian,0.99,2022-05-26,2023-06-06,0.005903575994140025,0.015003857694094893,0.017210479217721168,False
2023-06-08,Historical,0.99,2022-05-27,2023-06-07,-0.005724875158858325,0.013374049498137627,0.018814354518777016,False
2023-06-08,Gaussian,0.99,2022-05-27,2023-06-07,-0.005724875158858325,0.015053630323779196,0.01726068984720033,False
2023-06-09,Historical,0.99,2022-05-31,2023-06-08,0.002510483316973425,0.013374049498137627,0.018814354518777016,False
2023-06-09,Gaussian,0.99,2022-05-31,2023-06-08,0.002510483316973425,0.015045064600119555,0.017249925904899346,False
2023-06-12,Historical,0.99,2022-06-01,2023-06-09,-0.0027975500812248747,0.013374049498137627,0.018814354518777016,False
2023-06-12,Gaussian,0.99,2022-06-01,2023-06-09,-0.0027975500812248747,0.015010292841112551,0.017212075762166774,False
2023-06-13,Historical,0.99,2022-06-06,2023-06-12,0.0010894658794620249,0.013374049498137627,0.018814354518777016,False
2023-06-13,Gaussian,0.99,2022-06-06,2023-06-12,0.0010894658794620249,0.014974649265782815,0.017175282874183836,False
2023-06-14,Historical,0.99,2022-06-07,2023-06-13,-0.0009404783019137749,0.013374049498137627,0.018814354518777016,False
2023-06-14,Gaussian,0.99,2022-06-07,2023-06-13,-0.0009404783019137749,0.014983883131322713,0.01718456618699064,False
2023-06-15,Historical,0.99,2022-06-08,2023-06-14,-0.0075861967372041995,0.013374049498137627,0.018814354518777016,False
2023-06-15,Gaussian,0.99,2022-06-08,2023-06-14,-0.0075861967372041995,0.014984259857985991,0.017182800389743402,False
2023-06-16,Historical,0.99,2022-06-09,2023-06-15,0.001909977134435975,0.013374049498137627,0.018814354518777016,False
2023-06-16,Gaussian,0.99,2022-06-09,2023-06-15,0.001909977134435975,0.014965067052330331,0.01716759383116857,False
2023-06-20,Historical,0.99,2022-06-10,2023-06-16,0.005424073243324801,0.013374049498137627,0.018814354518777016,False
2023-06-20,Gaussian,0.99,2022-06-10,2023-06-16,0.005424073243324801,0.014845613750492112,0.017035927280673446,False
2023-06-21,Historical,0.99,2022-06-13,2023-06-20,0.00177487224926625,0.013374049498137627,0.018814354518777016,False
2023-06-21,Gaussian,0.99,2022-06-13,2023-06-20,0.00177487224926625,0.014741018735238526,0.016919746716464776,False
2023-06-22,Historical,0.99,2022-06-14,2023-06-21,0.004857214999030326,0.012708592876965708,0.015042108885352018,False
2023-06-22,Gaussian,0.99,2022-06-14,2023-06-21,0.004857214999030326,0.014198681739616198,0.016311682892828118,False
2023-06-23,Historical,0.99,2022-06-15,2023-06-22,0.0015275829919108254,0.012708592876965708,0.015042108885352018,False
2023-06-23,Gaussian,0.99,2022-06-15,2023-06-22,0.0015275829919108254,0.01418986379676728,0.0163019988855431,False
2023-06-26,Historical,0.99,2022-06-16,2023-06-23,0.0003470335248361,0.012708592876965708,0.015042108885352018,False
2023-06-26,Gaussian,0.99,2022-06-16,2023-06-23,0.0003470335248361,0.01412264905369641,0.016216302488711868,False
2023-06-27,Historical,0.99,2022-06-17,2023-06-26,-0.001107394086174475,0.012708592876965708,0.015042108885352018,False
2023-06-27,Gaussian,0.99,2022-06-17,2023-06-26,-0.001107394086174475,0.013972385793891293,0.01605066990193663,False
2023-06-28,Historical,0.99,2022-06-21,2023-06-27,-0.0016464492430345748,0.012708592876965708,0.015042108885352018,False
2023-06-28,Gaussian,0.99,2022-06-21,2023-06-27,-0.0016464492430345748,0.013952886710937336,0.016030402687742813,False
2023-06-29,Historical,0.99,2022-06-22,2023-06-28,0.0026764283193083504,0.012708592876965708,0.015042108885352018,False
2023-06-29,Gaussian,0.99,2022-06-22,2023-06-28,0.0026764283193083504,0.01392833621146012,0.015998150808547933,False
2023-06-30,Historical,0.99,2022-06-23,2023-06-29,-0.007278568401695875,0.012708592876965708,0.015042108885352018,False
2023-06-30,Gaussian,0.99,2022-06-23,2023-06-29,-0.007278568401695875,0.01395080687884696,0.016021384125576493,False
2023-07-03,Historical,0.99,2022-06-24,2023-06-30,0.0006506378483256999,0.012708592876965708,0.015042108885352018,False
2023-07-03,Gaussian,0.99,2022-06-24,2023-06-30,0.0006506378483256999,0.013958314260097911,0.016034319343720457,False
2023-07-05,Historical,0.99,2022-06-27,2023-07-03,0.005402794917708625,0.012708592876965708,0.015042108885352018,False
2023-07-05,Gaussian,0.99,2022-06-27,2023-07-03,0.005402794917708625,0.013886067855579963,0.01594347319800784,False
2023-07-06,Historical,0.99,2022-06-28,2023-07-05,0.010196316892799474,0.012708592876965708,0.015042108885352018,False
2023-07-06,Gaussian,0.99,2022-06-28,2023-07-05,0.010196316892799474,0.013928517579968614,0.01598937473908204,False
2023-07-07,Historical,0.99,2022-06-29,2023-07-06,-3.181102071240008e-05,0.012708592876965708,0.015042108885352018,False
2023-07-07,Gaussian,0.99,2022-06-29,2023-07-06,-3.181102071240008e-05,0.014033347823575487,0.01610521352948444,False
2023-07-10,Historical,0.99,2022-06-30,2023-07-07,-0.0026744304420578497,0.012708592876965708,0.015042108885352018,False
2023-07-10,Gaussian,0.99,2022-06-30,2023-07-07,-0.0026744304420578497,0.014037406081611975,0.016109145983842256,False
2023-07-11,Historical,0.99,2022-07-01,2023-07-10,-0.0034473424552483502,0.012708592876965708,0.015042108885352018,False
2023-07-11,Gaussian,0.99,2022-07-01,2023-07-10,-0.0034473424552483502,0.013968446395299702,0.016035590194015334,False
2023-07-12,Historical,0.99,2022-07-05,2023-07-11,-0.012264715972876426,0.012708592876965708,0.015042108885352018,False
2023-07-12,Gaussian,0.99,2022-07-05,2023-07-11,-0.012264715972876426,0.01396482696858985,0.01603048658237678,False
2023-07-13,Historical,0.99,2022-07-06,2023-07-12,-0.005187422008652499,0.012708592876965708,0.015042108885352018,False
2023-07-13,Gaussian,0.99,2022-07-06,2023-07-12,-0.005187422008652499,0.013924830427875226,0.015997042455007195,False
2023-07-14,Historical,0.99,2022-07-07,2023-07-13,0.0024779531700204,0.012708592876965708,0.015042108885352018,False
2023-07-14,Gaussian,0.99,2022-07-07,2023-07-13,0.0024779531700204,0.013908080080112817,0.015982192485343185,False
2023-07-17,Historical,0.99,2022-07-08,2023-07-14,-0.000609113919347175,0.012708592876965708,0.015042108885352018,False
2023-07-17,Gaussian,0.99,2022-07-08,2023-07-14,-0.000609113919347175,0.013926511119715646,0.01599883087349341,False
2023-07-18,Historical,0.99,2022-07-11,2023-07-17,-0.006524427452425825,0.012708592876965708,0.015042108885352018,False
2023-07-18,Gaussian,0.99,2022-07-11,2023-07-17,-0.006524427452425825,0.013916519593013831,0.01598853753901706,False
2023-07-19,Historical,0.99,2022-07-12,2023-07-18,-0.005993689141287325,0.012708592876965708,0.015042108885352018,False
2023-07-19,Gaussian,0.99,2022-07-12,2023-07-18,-0.005993689141287325,0.013905788638586445,0.015981348657144637,False
2023-07-20,Historical,0.99,2022-07-13,2023-07-19,0.0030293757470048,0.012708592876965708,0.015042108885352018,False
2023-07-20,Gaussian,0.99,2022-07-13,2023-07-19,0.0030293757470048,0.013892281597241849,0.015970643333512356,False
2023-07-21,Historical,0.99,2022-07-14,2023-07-20,-9.800496216059992e-05,0.012708592876965708,0.015042108885352018,False
2023-07-21,Gaussian,0.99,2022-07-14,2023-07-20,-9.800496216059992e-05,0.01390953333743129,0.015989050519484037,False
2023-07-24,Historical,0.99,2022-07-15,2023-07-21,0.00017204314174927484,0.012708592876965708,0.015042108885352018,False
2023-07-24,Gaussian,0.99,2022-07-15,2023-07-21,0.00017204314174927484,0.01379239147989948,0.01586056499209161,False
2023-07-25,Historical,0.99,2022-07-18,2023-07-24,-0.0020575795799817253,0.012708592876965708,0.015042108885352018,False
2023-07-25,Gaussian,0.99,2022-07-18,2023-07-24,-0.0020575795799817253,0.013768742591131082,0.015827902377272635,False
2023-07-26,Historical,0.99,2022-07-19,2023-07-25,-0.00155577280927505,0.012708592876965708,0.015042108885352018,False
2023-07-26,Gaussian,0.99,2022-07-19,2023-07-25,-0.00155577280927505,0.01376093002028727,0.01582035049773522,False
2023-07-27,Historical,0.99,2022-07-20,2023-07-26,0.0077405033229105,0.012708592876965708,0.015042108885352018,False
2023-07-27,Gaussian,0.99,2022-07-20,2023-07-26,0.0077405033229105,0.013735387145149219,0.015786815309249785,False
2023-07-28,Historical,0.99,2022-07-21,2023-07-27,-0.00532665919781745,0.012708592876965708,0.015042108885352018,False
2023-07-28,Gaussian,0.99,2022-07-21,2023-07-27,-0.00532665919781745,0.01380271095400755,0.015860728178325175,False
2023-07-31,Historical,0.99,2022-07-22,2023-07-28,-0.0015202524345369751,0.012708592876965708,0.015042108885352018,False
2023-07-31,Gaussian,0.99,2022-07-22,2023-07-28,-0.0015202524345369751,0.01377817196499818,0.015830443613653985,False
2023-08-01,Historical,0.99,2022-07-25,2023-07-31,0.005792971431283325,0.012708592876965708,0.015042108885352018,False
2023-08-01,Gaussian,0.99,2022-07-25,2023-07-31,0.005792971431283325,0.013777801963529858,0.01583011506256998,False
2023-08-02,Historical,0.99,2022-07-26,2023-08-01,0.00856584459507915,0.012708592876965708,0.015042108885352018,False
2023-08-02,Gaussian,0.99,2022-07-26,2023-08-01,0.00856584459507915,0.013828512961396602,0.01588496343374154,False
2023-08-03,Historical,0.99,2022-07-27,2023-08-02,0.003638708922932325,0.012708592876965708,0.015042108885352018,False
2023-08-03,Gaussian,0.99,2022-07-27,2023-08-02,0.003638708922932325,0.013901835126089139,0.015965773187308362,False
2023-08-04,Historical,0.99,2022-07-28,2023-08-03,-0.003406963478199775,0.012708592876965708,0.015042108885352018,False
2023-08-04,Gaussian,0.99,2022-07-28,2023-08-03,-0.003406963478199775,0.013882564841971446,0.01593515231706768,False
2023-08-07,Historical,0.99,2022-07-29,2023-08-04,-0.0007550575647921251,0.012708592876965708,0.015042108885352018,False
2023-08-07,Gaussian,0.99,2022-07-29,2023-08-04,-0.0007550575647921251,0.013858055876501317,0.01590413222870579,False
2023-08-08,Historical,0.99,2022-08-01,2023-08-07,0.002271100884957875,0.012708592876965708,0.015042108885352018,False
2023-08-08,Gaussian,0.99,2022-08-01,2023-08-07,0.002271100884957875,0.01384716851525224,0.01588801560446233,False
2023-08-09,Historical,0.99,2022-08-02,2023-08-08,0.00080240236423545,0.012708592876965708,0.015042108885352018,False
2023-08-09,Gaussian,0.99,2022-08-02,2023-08-08,0.00080240236423545,0.013865972243237141,0.015907165114385682,False
2023-08-10,Historical,0.99,2022-08-03,2023-08-09,0.0010870011734657502,0.012708592876965708,0.015042108885352018,False
2023-08-10,Gaussian,0.99,2022-08-03,2023-08-09,0.0010870011734657502,0.013805810802532334,0.015841706612615674,False
2023-08-11,Historical,0.99,2022-08-04,2023-08-10,0.004686008897118575,0.012708592876965708,0.015042108885352018,False
2023-08-11,Gaussian,0.99,2022-08-04,2023-08-10,0.004686008897118575,0.013804273931208033,0.01583535845328403,False
2023-08-14,Historical,0.99,2022-08-05,2023-08-11,0.00028575593142407497,0.012708592876965708,0.015042108885352018,False
2023-08-14,Gaussian,0.99,2022-08-05,2023-08-11,0.00028575593142407497,0.013841344161540673,0.015872016840489122,False
2023-08-15,Historical,0.99,2022-08-08,2023-08-14,0.007946443977866674,0.012708592876965708,0.015042108885352018,False
2023-08-15,Gaussian,0.99,2022-08-08,2023-08-14,0.007946443977866674,0.013773358909805005,0.01579810790699801,False
2023-08-16,Historical,0.99,2022-08-09,2023-08-15,0.005398671898610425,0.012708592876965708,0.015042108885352018,False
2023-08-16,Gaussian,0.99,2022-08-09,2023-08-15,0.005398671898610425,0.013857957619066266,0.015887652213427323,False
2023-08-17,Historical,0.99,2022-08-10,2023-08-16,0.004220616559382575,0.012708592876965708,0.015042108885352018,False
2023-08-17,Gaussian,0.99,2022-08-10,2023-08-16,0.004220616559382575,0.013898790704612406,0.015931781392282674,False
2023-08-18,Historical,0.99,2022-08-11,2023-08-17,0.000878971353831225,0.012708592876965708,0.015042108885352018,False
2023-08-18,Gaussian,0.99,2022-08-11,2023-08-17,0.000878971353831225,0.013928703714865286,0.01596040531600716,False
2023-08-21,Historical,0.99,2022-08-12,2023-08-18,-0.0006966467329155999,0.012708592876965708,0.015042108885352018,False
2023-08-21,Gaussian,0.99,2022-08-12,2023-08-18,-0.0006966467329155999,0.01390557568207744,0.015935649673413328,False
2023-08-22,Historical,0.99,2022-08-15,2023-08-21,-0.00027341414012474995,0.012708592876965708,0.015042108885352018,False
2023-08-22,Gaussian,0.99,2022-08-15,2023-08-21,-0.00027341414012474995,0.0138780917489061,0.015899443808532546,False
2023-08-23,Historical,0.99,2022-08-16,2023-08-22,-0.009724564652525074,0.012708592876965708,0.015042108885352018,False
2023-08-23,Gaussian,0.99,2022-08-16,2023-08-22,-0.009724564652525074,0.013871406711567875,0.015892615447291113,False
2023-08-24,Historical,0.99,2022-08-17,2023-08-23,0.0039035648632004746,0.012708592876965708,0.015042108885352018,False
2023-08-24,Gaussian,0.99,2022-08-17,2023-08-23,0.0039035648632004746,0.013908292124462544,0.015940167867091366,False
2023-08-25,Historical,0.99,2022-08-18,2023-08-24,-0.0014466508437059,0.012708592876965708,0.015042108885352018,False
2023-08-25,Gaussian,0.99,2022-08-18,2023-08-24,-0.0014466508437059,0.013886430129414665,0.0159162174674534,False
2023-08-29,Historical,0.99,2022-08-19,2023-08-25,-0.015170387079305351,0.012708592876965708,0.015042108885352018,False
2023-08-29,Gaussian,0.99,2022-08-19,2023-08-25,-0.015170387079305351,0.013886076355210457,0.015915917319179462,False
2023-08-30,Historical,0.99,2022-08-22,2023-08-29,-0.0018486914317430748,0.012708592876965708,0.015042108885352018,False
2023-08-30,Gaussian,0.99,2022-08-22,2023-08-29,-0.0018486914317430748,0.013935863886376038,0.01598583167895604,False
2023-08-31,Historical,0.99,2022-08-23,2023-08-30,0.001470431016660925,0.012708592876965708,0.015042108885352018,False
2023-08-31,Gaussian,0.99,2022-08-23,2023-08-30,0.001470431016660925,0.013835923192889848,0.015877454312209206,False
2023-09-01,Historical,0.99,2022-08-24,2023-08-31,9.985987168400015e-05,0.012708592876965708,0.015042108885352018,False
2023-09-01,Gaussian,0.99,2022-08-24,2023-08-31,9.985987168400015e-05,0.013839178887024156,0.01588087559619028,False
2023-09-05,Historical,0.99,2022-08-25,2023-09-01,0.00549610034281625,0.012708592876965708,0.015042108885352018,False
2023-09-05,Gaussian,0.99,2022-08-25,2023-09-01,0.00549610034281625,0.013839937556685214,0.01588164178692715,False
2023-09-06,Historical,0.99,2022-08-26,2023-09-05,0.00391543454117975,0.012708592876965708,0.015042108885352018,False
2023-09-06,Gaussian,0.99,2022-08-26,2023-09-05,0.00391543454117975,0.013883305135477472,0.015924532107024287,False
2023-09-07,Historical,0.99,2022-08-30,2023-09-06,-0.0008480819633113501,0.011684383474075096,0.014593066986167575,False
2023-09-07,Gaussian,0.99,2022-08-30,2023-09-06,-0.0008480819633113501,0.013712540723596598,0.01573448110394478,False
2023-09-08,Historical,0.99,2022-08-31,2023-09-07,-0.001720624837550075,0.011684383474075096,0.014593066986167575,False
2023-09-08,Gaussian,0.99,2022-08-31,2023-09-07,-0.001720624837550075,0.013587070322157273,0.015597080535801921,False
2023-09-11,Historical,0.99,2022-09-01,2023-09-08,-0.0023415494702515253,0.011684383474075096,0.014593066986167575,False
2023-09-11,Gaussian,0.99,2022-09-01,2023-09-08,-0.0023415494702515253,0.01350398736088414,0.01550729691816299,False
2023-09-12,Historical,0.99,2022-09-02,2023-09-11,0.001344568814086975,0.011684383474075096,0.014593066986167575,False
2023-09-12,Gaussian,0.99,2022-09-02,2023-09-11,0.001344568814086975,0.01341027693366234,0.015406016102008658,False
2023-09-13,Historical,0.99,2022-09-06,2023-09-12,2.2708535500474936e-05,0.011684383474075096,0.014593066986167575,False
2023-09-13,Gaussian,0.99,2022-09-06,2023-09-12,2.2708535500474936e-05,0.013417833659450592,0.015410651477541618,False
2023-09-14,Historical,0.99,2022-09-07,2023-09-13,-0.006559968786078301,0.011684383474075096,0.014593066986167575,False
2023-09-14,Gaussian,0.99,2022-09-07,2023-09-13,-0.006559968786078301,0.013380607751395247,0.015370675844551505,False
2023-09-15,Historical,0.99,2022-09-08,2023-09-14,0.0009174454004978248,0.011684383474075096,0.014593066986167575,False
2023-09-15,Gaussian,0.99,2022-09-08,2023-09-14,0.0009174454004978248,0.013380254151081614,0.015370236600814787,False
2023-09-18,Historical,0.99,2022-09-09,2023-09-15,2.6396850863748907e-06,0.011684383474075096,0.014593066986167575,False
2023-09-18,Gaussian,0.99,2022-09-09,2023-09-15,2.6396850863748907e-06,0.013385294450890957,0.015375437589534828,False
2023-09-19,Historical,0.99,2022-09-12,2023-09-18,0.0014484129897962,0.011684383474075096,0.014593066986167575,False
2023-09-19,Gaussian,0.99,2022-09-12,2023-09-18,0.0014484129897962,0.013367690649721282,0.015350474019225568,False
2023-09-20,Historical,0.99,2022-09-13,2023-09-19,2.2381595332399834e-05,0.011684383474075096,0.014593066986167575,False
2023-09-20,Gaussian,0.99,2022-09-13,2023-09-19,2.2381595332399834e-05,0.013363756883083033,0.01534077850455499,False
2023-09-21,Historical,0.99,2022-09-14,2023-09-20,0.009488673988804475,0.01105963957921788,0.012195553976715125,False
2023-09-21,Gaussian,0.99,2022-09-14,2023-09-20,0.009488673988804475,0.013009596952492423,0.01494572834568857,False
2023-09-22,Historical,0.99,2022-09-15,2023-09-21,-0.0013763707974433997,0.01105963957921788,0.012195553976715125,False
2023-09-22,Gaussian,0.99,2022-09-15,2023-09-21,-0.0013763707974433997,0.013097941735611855,0.015043548422025035,False
2023-09-25,Historical,0.99,2022-09-16,2023-09-22,0.004069868430584924,0.01105963957921788,0.012195553976715125,False
2023-09-25,Gaussian,0.99,2022-09-16,2023-09-22,0.004069868430584924,0.01300213317042724,0.01493935981965489,False
2023-09-26,Historical,0.99,2022-09-20,2023-09-25,0.0057073223903356,0.01105963957921788,0.012195553976715125,False
2023-09-26,Gaussian,0.99,2022-09-20,2023-09-25,0.0057073223903356,0.01302344467875336,0.01496243219615017,False
2023-09-27,Historical,0.99,2022-09-21,2023-09-26,0.005217284506752301,0.01105963957921788,0.012195553976715125,False
2023-09-27,Gaussian,0.99,2022-09-21,2023-09-26,0.005217284506752301,0.013017424849248827,0.014955783555544189,False
2023-09-28,Historical,0.99,2022-09-22,2023-09-27,-0.0011948619093103251,0.01105963957921788,0.012195553976715125,False
2023-09-28,Gaussian,0.99,2022-09-22,2023-09-27,-0.0011948619093103251,0.01306013386018333,0.01500200054274224,False
2023-09-29,Historical,0.99,2022-09-23,2023-09-28,0.002987693948823325,0.01105963957921788,0.012195553976715125,False
2023-09-29,Gaussian,0.99,2022-09-23,2023-09-28,0.002987693948823325,0.012954835953827378,0.01488714004319284,False
2023-10-02,Historical,0.99,2022-09-26,2023-09-29,0.007833235355083377,0.010917379249495053,0.011424094112846643,False
2023-10-02,Gaussian,0.99,2022-09-26,2023-09-29,0.007833235355083377,0.01277127730777427,0.01468281539662882,False
2023-10-03,Historical,0.99,2022-09-27,2023-10-02,0.007575461669422875,0.010917379249495053,0.011424094112846643,False
2023-10-03,Gaussian,0.99,2022-09-27,2023-10-02,0.007575461669422875,0.01273835296665121,0.014646104239591277,False
2023-10-04,Historical,0.99,2022-09-28,2023-10-03,-0.00165264831845485,0.010917379249495053,0.011424094112846643,False
2023-10-04,Gaussian,0.99,2022-09-28,2023-10-03,-0.00165264831845485,0.012799192377030455,0.014713151810282332,False
2023-10-05,Historical,0.99,2022-09-29,2023-10-04,-0.0010010943593957498,0.010917379249495053,0.011424094112846643,False
2023-10-05,Gaussian,0.99,2022-09-29,2023-10-04,-0.0010010943593957498,0.012641726059749869,0.014524102792616468,False
2023-10-06,Historical,0.99,2022-09-30,2023-10-05,-0.004225587123288775,0.010566854722836107,0.011424094112846643,False
2023-10-06,Gaussian,0.99,2022-09-30,2023-10-05,-0.004225587123288775,0.012488251131697964,0.014355213083041014,False
2023-10-09,Historical,0.99,2022-10-03,2023-10-06,-0.009284195140160077,0.010566854722836107,0.011424094112846643,False
2023-10-09,Gaussian,0.99,2022-10-03,2023-10-06,-0.009284195140160077,0.012452599670196407,0.014319135984984977,False
2023-10-10,Historical,0.99,2022-10-04,2023-10-09,-0.004927223948874225,0.010566854722836107,0.011424094112846643,False
2023-10-10,Gaussian,0.99,2022-10-04,2023-10-09,-0.004927223948874225,0.012337282741075144,0.014183073824268214,False
2023-10-11,Historical,0.99,2022-10-05,2023-10-10,-0.00400334262531255,0.010566854722836107,0.011424094112846643,False
2023-10-11,Gaussian,0.99,2022-10-05,2023-10-10,-0.00400334262531255,0.012132191331621484,0.013940389556214594,False
2023-10-12,Historical,0.99,2022-10-06,2023-10-11,0.00391375785773805,0.010566854722836107,0.011424094112846643,False
2023-10-12,Gaussian,0.99,2022-10-06,2023-10-11,0.00391375785773805,0.012077388007945732,0.01388311296370096,False
2023-10-13,Historical,0.99,2022-10-07,2023-10-12,-0.0069036127915747,0.010566854722836107,0.011424094112846643,False
2023-10-13,Gaussian,0.99,2022-10-07,2023-10-12,-0.0069036127915747,0.012046962228415314,0.013849575804324336,False
2023-10-16,Historical,0.99,2022-10-10,2023-10-13,-0.0009725220347731253,0.01015777339802899,0.011092515190181724,False
2023-10-16,Gaussian,0.99,2022-10-10,2023-10-13,-0.0009725220347731253,0.011894619739743865,0.013685585423782466,False
2023-10-17,Historical,0.99,2022-10-11,2023-10-16,0.0005528905797811811,0.01015777339802899,0.011092515190181724,False
2023-10-17,Gaussian,0.99,2022-10-11,2023-10-16,0.0005528905797811811,0.011790797769664905,0.01357203182263238,False
2023-10-18,Historical,0.99,2022-10-12,2023-10-17,0.0037417229707723,0.01015777339802899,0.011092515190181724,False
2023-10-18,Gaussian,0.99,2022-10-12,2023-10-17,0.0037417229707723,0.011758245559451135,0.013536846842335833,False
2023-10-19,Historical,0.99,2022-10-13,2023-10-18,0.003198553784311925,0.01015777339802899,0.011092515190181724,False
2023-10-19,Gaussian,0.99,2022-10-13,2023-10-18,0.003198553784311925,0.011784162701505979,0.013564831597977514,False
2023-10-20,Historical,0.99,2022-10-14,2023-10-19,0.004248970270695875,0.01015777339802899,0.011092515190181724,False
2023-10-20,Gaussian,0.99,2022-10-14,2023-10-19,0.004248970270695875,0.01181155377746972,0.013591672877004668,False
2023-10-23,Historical,0.99,2022-10-17,2023-10-20,0.0010141352949414998,0.010042783316268313,0.011092515190181724,False
2023-10-23,Gaussian,0.99,2022-10-17,2023-10-20,0.0010141352949414998,0.011708451203564552,0.01347697135373162,False
2023-10-24,Historical,0.99,2022-10-18,2023-10-23,-0.002739224011336075,0.010042783316268313,0.011092515190181724,False
2023-10-24,Gaussian,0.99,2022-10-18,2023-10-23,-0.002739224011336075,0.011673825480213937,0.013430976342470454,False
2023-10-25,Historical,0.99,2022-10-19,2023-10-24,0.0038936614884939,0.010042783316268313,0.011092515190181724,False
2023-10-25,Gaussian,0.99,2022-10-19,2023-10-24,0.0038936614884939,0.011670156659075347,0.013425673465949008,False
2023-10-26,Historical,0.99,2022-10-20,2023-10-25,0.0026720574179054752,0.010042783316268313,0.011092515190181724,False
2023-10-26,Gaussian,0.99,2022-10-20,2023-10-25,0.0026720574179054752,0.011605653315223684,0.013354198945667623,False
2023-10-27,Historical,0.99,2022-10-21,2023-10-26,5.5076144035750164e-05,0.010042783316268313,0.011092515190181724,False
2023-10-27,Gaussian,0.99,2022-10-21,2023-10-26,5.5076144035750164e-05,0.011596334810269532,0.013344046293322637,False
2023-10-30,Historical,0.99,2022-10-24,2023-10-27,-0.001997542404441675,0.010042783316268313,0.011092515190181724,False
2023-10-30,Gaussian,0.99,2022-10-24,2023-10-27,-0.001997542404441675,0.011523782178238576,0.013253970088437166,False
2023-10-31,Historical,0.99,2022-10-25,2023-10-30,0.0004689871018848746,0.010042783316268313,0.011092515190181724,False
2023-10-31,Gaussian,0.99,2022-10-25,2023-10-30,0.0004689871018848746,0.011523323753020915,0.013252612349254869,False
2023-11-01,Historical,0.99,2022-10-26,2023-10-31,-0.005425034770856775,0.010042783316268313,0.011092515190181724,False
2023-11-01,Gaussian,0.99,2022-10-26,2023-10-31,-0.005425034770856775,0.01150644490630979,0.013228494096599085,False
2023-11-02,Historical,0.99,2022-10-27,2023-11-01,-0.01063930219276125,0.010042783316268313,0.011092515190181724,False
2023-11-02,Gaussian,0.99,2022-10-27,2023-11-01,-0.01063930219276125,0.011514308145861747,0.013239185705712253,False
2023-11-03,Historical,0.99,2022-10-28,2023-11-02,-0.00421587627767375,0.010042783316268313,0.011092515190181724,False
2023-11-03,Gaussian,0.99,2022-10-28,2023-11-02,-0.00421587627767375,0.011570487243938912,0.013309464442092944,False
2023-11-06,Historical,0.99,2022-10-31,2023-11-03,0.0029525483924042863,0.010042783316268313,0.011092515190181724,False
2023-11-06,Gaussian,0.99,2022-10-31,2023-11-03,0.0029525483924042863,0.011571697900308694,0.013312492184609108,False
2023-11-07,Historical,0.99,2022-11-01,2023-11-06,-0.0008378508732105501,0.010042783316268313,0.011092515190181724,False
2023-11-07,Gaussian,0.99,2022-11-01,2023-11-06,-0.0008378508732105501,0.011567260648759233,0.013307656048016486,False
2023-11-08,Historical,0.99,2022-11-02,2023-11-07,0.001511086815258775,0.010042783316268313,0.011092515190181724,False
2023-11-08,Gaussian,0.99,2022-11-02,2023-11-07,0.001511086815258775,0.01156581812859926,0.013303746191408393,False
2023-11-09,Historical,0.99,2022-11-03,2023-11-08,0.001674426323457125,0.009854205553674946,0.011092515190181724,False
2023-11-09,Gaussian,0.99,2022-11-03,2023-11-08,0.001674426323457125,0.011439257336666274,0.01316362793546623,False
2023-11-10,Historical,0.99,2022-11-04,2023-11-09,0.0017376303090223754,0.009854205553674946,0.011092515190181724,False
2023-11-10,Gaussian,0.99,2022-11-04,2023-11-09,0.0017376303090223754,0.01142593160406779,0.01314920966344255,False
2023-11-13,Historical,0.99,2022-11-07,2023-11-10,-0.003261109040147425,0.009854205553674946,0.011092515190181724,False
2023-11-13,Gaussian,0.99,2022-11-07,2023-11-10,-0.003261109040147425,0.011283697127955771,0.012976137850507155,False
2023-11-14,Historical,0.99,2022-11-08,2023-11-13,-0.011251781376226726,0.009854205553674946,0.011092515190181724,False
2023-11-14,Gaussian,0.99,2022-11-08,2023-11-13,-0.011251781376226726,0.011275056449607811,0.012968521067820258,False
2023-11-15,Historical,0.99,2022-11-09,2023-11-14,0.0006465949941788501,0.009854205553674946,0.011092515190181724,False
2023-11-15,Gaussian,0.99,2022-11-09,2023-11-14,0.0006465949941788501,0.01130652329558367,0.013005855447575597,False
2023-11-16,Historical,0.99,2022-11-10,2023-11-15,-0.0024642605660833996,0.009854205553674946,0.011092515190181724,False
2023-11-16,Gaussian,0.99,2022-11-10,2023-11-15,-0.0024642605660833996,0.011249316440022252,0.012943394251645784,False
2023-11-17,Historical,0.99,2022-11-11,2023-11-16,-0.0036027622222420752,0.009854205553674946,0.011092515190181724,False
2023-11-17,Gaussian,0.99,2022-11-11,2023-11-16,-0.0036027622222420752,0.01052176953993696,0.012093950022527984,False
2023-11-20,Historical,0.99,2022-11-14,2023-11-17,-0.00152737162408195,0.009854205553674946,0.011092515190181724,False
2023-11-20,Gaussian,0.99,2022-11-14,2023-11-17,-0.00152737162408195,0.010522989856154656,0.012096573631039454,False
2023-11-21,Historical,0.99,2022-11-15,2023-11-20,-0.0020377290901203494,0.009854205553674946,0.011092515190181724,False
2023-11-21,Gaussian,0.99,2022-11-15,2023-11-20,-0.0020377290901203494,0.010518400568773349,0.012092200329451826,False
2023-11-22,Historical,0.99,2022-11-16,2023-11-21,0.0005487793302756999,0.009854205553674946,0.011092515190181724,False
2023-11-22,Gaussian,0.99,2022-11-16,2023-11-21,0.0005487793302756999,0.010513978358473935,0.012085770895344197,False
2023-11-24,Historical,0.99,2022-11-17,2023-11-22,-0.0007816799592719748,0.009854205553674946,0.011092515190181724,False
2023-11-24,Gaussian,0.99,2022-11-17,2023-11-22,-0.0007816799592719748,0.01050832520669773,0.012079798156910687,False
2023-11-27,Historical,0.99,2022-11-18,2023-11-24,-0.0021743903292150753,0.009854205553674946,0.011092515190181724,False
2023-11-27,Gaussian,0.99,2022-11-18,2023-11-24,-0.0021743903292150753,0.010465012653521004,0.012033223469340633,False
2023-11-28,Historical,0.99,2022-11-21,2023-11-27,-0.0044962312206152,0.009854205553674946,0.011092515190181724,False
2023-11-28,Gaussian,0.99,2022-11-21,2023-11-27,-0.0044962312206152,0.010459333481030113,0.012028035095005067,False
2023-11-29,Historical,0.99,2022-11-22,2023-11-28,-0.000382124027478675,0.009854205553674946,0.011092515190181724,False
2023-11-29,Gaussian,0.99,2022-11-22,2023-11-28,-0.000382124027478675,0.010437695339196388,0.01200750527790727,False
2023-11-30,Historical,0.99,2022-11-23,2023-11-29,0.00030061210502435023,0.009854205553674946,0.011092515190181724,False
2023-11-30,Gaussian,0.99,2022-11-23,2023-11-29,0.00030061210502435023,0.010412066231708515,0.011973883862151494,False
2023-12-01,Historical,0.99,2022-11-25,2023-11-30,-0.010680622227896175,0.009854205553674946,0.011092515190181724,False
2023-12-01,Gaussian,0.99,2022-11-25,2023-11-30,-0.010680622227896175,0.010412298231572824,0.011971178850649931,False
2023-12-04,Historical,0.99,2022-11-28,2023-12-01,0.008336740943125325,0.009854205553674946,0.011092515190181724,False
2023-12-04,Gaussian,0.99,2022-11-28,2023-12-01,0.008336740943125325,0.010481167547373398,0.012055844754547214,False
2023-12-05,Historical,0.99,2022-11-29,2023-12-04,9.719972885874995e-05,0.009854205553674946,0.011092515190181724,False
2023-12-05,Gaussian,0.99,2022-11-29,2023-12-04,9.719972885874995e-05,0.010522999414853932,0.012102500638237819,False
2023-12-06,Historical,0.99,2022-11-30,2023-12-05,-0.0018335411686227748,0.009854205553674946,0.011092515190181724,False
2023-12-06,Gaussian,0.99,2022-11-30,2023-12-05,-0.0018335411686227748,0.010527232256070341,0.01210667978408211,False
2023-12-07,Historical,0.99,2022-12-01,2023-12-06,-0.0019784563694547497,0.009854205553674946,0.011092515190181724,False
2023-12-07,Gaussian,0.99,2022-12-01,2023-12-06,-0.0019784563694547497,0.010357591591732612,0.011904532138446167,False
2023-12-08,Historical,0.99,2022-12-02,2023-12-07,0.0025663999834176247,0.009854205553674946,0.011092515190181724,False
2023-12-08,Gaussian,0.99,2022-12-02,2023-12-07,0.0025663999834176247,0.010337580500156908,0.01187889715547431,False
2023-12-11,Historical,0.99,2022-12-05,2023-12-08,0.0020707069494914,0.009854205553674946,0.011092515190181724,False
2023-12-11,Gaussian,0.99,2022-12-05,2023-12-08,0.0020707069494914,0.010352040744080884,0.01189439428251564,False
2023-12-12,Historical,0.99,2022-12-06,2023-12-11,-0.00147616803035325,0.009493496802589872,0.010617604799796959,False
2023-12-12,Gaussian,0.99,2022-12-06,2023-12-11,-0.00147616803035325,0.010193246479511192,0.011717627107091105,False
2023-12-13,Historical,0.99,2022-12-07,2023-12-12,-0.012955972465036224,0.009493496802589872,0.010617604799796959,False
2023-12-13,Gaussian,0.99,2022-12-07,2023-12-12,-0.012955972465036224,0.010166689451181044,0.01168975303343084,False
2023-12-14,Historical,0.99,2022-12-08,2023-12-13,-0.0075374554659695,0.009493496802589872,0.010617604799796959,False
2023-12-14,Gaussian,0.99,2022-12-08,2023-12-13,-0.0075374554659695,0.01028450836795718,0.01183058655862235,False
2023-12-15,Historical,0.99,2022-12-09,2023-12-14,0.004891741382888275,0.009493496802589872,0.010617604799796959,False
2023-12-15,Gaussian,0.99,2022-12-09,2023-12-14,0.004891741382888275,0.010307593176438328,0.011861360890055388,False
2023-12-18,Historical,0.99,2022-12-12,2023-12-15,-0.002978749328652425,0.009493496802589872,0.010617604799796959,False
2023-12-18,Gaussian,0.99,2022-12-12,2023-12-15,-0.002978749328652425,0.010335332788483146,0.011891838195374599,False
2023-12-19,Historical,0.99,2022-12-13,2023-12-18,-0.004411457278322625,0.009493496802589872,0.010617604799796959,False
2023-12-19,Gaussian,0.99,2022-12-13,2023-12-18,-0.004411457278322625,0.010330852108582958,0.011888368300242902,False
2023-12-20,Historical,0.99,2022-12-14,2023-12-19,0.0012649129351199498,0.009493496802589872,0.010617604799796959,False
2023-12-20,Gaussian,0.99,2022-12-14,2023-12-19,0.0012649129351199498,0.010270958816868975,0.011816346071068677,False
2023-12-21,Historical,0.99,2022-12-15,2023-12-20,-0.003273727871685075,0.009493496802589872,0.010617604799796959,False
2023-12-21,Gaussian,0.99,2022-12-15,2023-12-20,-0.003273727871685075,0.010267839248225587,0.01181300811296704,False
2023-12-22,Historical,0.99,2022-12-16,2023-12-21,-0.001380874828983825,0.00920184316995289,0.009727707122675617,False
2023-12-22,Gaussian,0.99,2022-12-16,2023-12-21,-0.001380874828983825,0.010052817259828862,0.011575656684629048,False
2023-12-27,Historical,0.99,2022-12-19,2023-12-22,-0.007463668421333175,0.00920184316995289,0.009727707122675617,False
2023-12-27,Gaussian,0.99,2022-12-19,2023-12-22,-0.007463668421333175,0.010006456645876911,0.011525915536016517,False
2023-12-28,Historical,0.99,2022-12-20,2023-12-27,0.002389339156639675,0.00920184316995289,0.009727707122675617,False
2023-12-28,Gaussian,0.99,2022-12-20,2023-12-27,0.002389339156639675,0.009991377401242785,0.01151531269576553,False
2023-12-29,Historical,0.99,2022-12-21,2023-12-28,0.0013793898624506,0.00920184316995289,0.009727707122675617,False
2023-12-29,Gaussian,0.99,2022-12-21,2023-12-28,0.0013793898624506,0.010014773476940523,0.011539029566882507,False
2024-01-02,Historical,0.99,2022-12-22,2023-12-29,0.00331553221391275,0.00920184316995289,0.009727707122675617,False
2024-01-02,Gaussian,0.99,2022-12-22,2023-12-29,0.00331553221391275,0.009997104108003033,0.011513374208854066,False
2024-01-03,Historical,0.99,2022-12-23,2024-01-02,0.00475868709379505,0.00920184316995289,0.009727707122675617,False
2024-01-03,Gaussian,0.99,2022-12-23,2024-01-02,0.00475868709379505,0.009926302077451613,0.011434781466792537,False
2024-01-04,Historical,0.99,2022-12-28,2024-01-03,0.0007845244952353001,0.00920184316995289,0.009727707122675617,False
2024-01-04,Gaussian,0.99,2022-12-28,2024-01-03,0.0007845244952353001,0.00997759539685893,0.011490069563833645,False
2024-01-05,Historical,0.99,2022-12-29,2024-01-04,0.0015028929637023252,0.00920184316995289,0.009727707122675617,False
2024-01-05,Gaussian,0.99,2022-12-29,2024-01-04,0.0015028929637023252,0.009932869266537537,0.011441233077105314,False
2024-01-08,Historical,0.99,2022-12-30,2024-01-05,-0.002563429171480225,0.00920184316995289,0.009727707122675617,False
2024-01-08,Gaussian,0.99,2022-12-30,2024-01-05,-0.002563429171480225,0.009919635766696255,0.011420820813290773,False
2024-01-09,Historical,0.99,2023-01-03,2024-01-08,0.0007257090043521249,0.00920184316995289,0.009727707122675617,False
2024-01-09,Gaussian,0.99,2023-01-03,2024-01-08,0.0007257090043521249,0.009895131108108118,0.011395717418977281,False
2024-01-10,Historical,0.99,2023-01-04,2024-01-09,0.00059535888262775,0.00920184316995289,0.009727707122675617,False
2024-01-10,Gaussian,0.99,2023-01-04,2024-01-09,0.00059535888262775,0.009886055130717974,0.011381117649645361,False
2024-01-11,Historical,0.99,2023-01-05,2024-01-10,0.0007957008254758749,0.00920184316995289,0.009727707122675617,False
2024-01-11,Gaussian,0.99,2023-01-05,2024-01-10,0.0007957008254758749,0.009868760200614104,0.011356771066444159,False
2024-01-12,Historical,0.99,2023-01-06,2024-01-11,-0.00490724725263205,0.00920184316995289,0.009727707122675617,False
2024-01-12,Gaussian,0.99,2023-01-06,2024-01-11,-0.00490724725263205,0.009825967082606163,0.011310073095569105,False
2024-01-16,Historical,0.99,2023-01-09,2024-01-12,0.007514967600269426,0.00920184316995289,0.009727707122675617,False
2024-01-16,Gaussian,0.99,2023-01-09,2024-01-12,0.007514967600269426,0.00963516455600615,0.011085150475695013,False
2024-01-17,Historical,0.99,2023-01-10,2024-01-16,0.0086746690537427,0.00920184316995289,0.009727707122675617,False
2024-01-17,Gaussian,0.99,2023-01-10,2024-01-16,0.0086746690537427,0.009736467121173162,0.01119576468408054,False
2024-01-18,Historical,0.99,2023-01-11,2024-01-17,-0.004137476192525925,0.00920184316995289,0.009727707122675617,False
2024-01-18,Gaussian,0.99,2023-01-11,2024-01-17,-0.004137476192525925,0.009857875515789965,0.011329740558329065,False
2024-01-19,Historical,0.99,2023-01-12,2024-01-18,-0.003945761637425825,0.00920184316995289,0.009727707122675617,False
2024-01-19,Gaussian,0.99,2023-01-12,2024-01-18,-0.003945761637425825,0.009848872897078625,0.011318551962421429,False
2024-01-22,Historical,0.99,2023-01-13,2024-01-19,-0.0012321349642285,0.00920184316995289,0.009727707122675617,False
2024-01-22,Gaussian,0.99,2023-01-13,2024-01-19,-0.0012321349642285,0.009812095508901397,0.011273933189510645,False
2024-01-23,Historical,0.99,2023-01-17,2024-01-22,-0.0010082755211311498,0.00920184316995289,0.009727707122675617,False
2024-01-23,Gaussian,0.99,2023-01-17,2024-01-22,-0.0010082755211311498,0.009807538506253287,0.011266939257094405,False
2024-01-24,Historical,0.99,2023-01-18,2024-01-23,0.0011666510670088502,0.00920184316995289,0.009727707122675617,False
2024-01-24,Gaussian,0.99,2023-01-18,2024-01-23,0.0011666510670088502,0.009784065539132861,0.011242211790341943,False
2024-01-25,Historical,0.99,2023-01-19,2024-01-24,-0.0034561263370017753,0.00920184316995289,0.009727707122675617,False
2024-01-25,Gaussian,0.99,2023-01-19,2024-01-24,-0.0034561263370017753,0.00977866876342537,0.01123643303089494,False
2024-01-26,Historical,0.99,2023-01-20,2024-01-25,-0.0027161151839794253,0.00920184316995289,0.009727707122675617,False
2024-01-26,Gaussian,0.99,2023-01-20,2024-01-25,-0.0027161151839794253,0.009769878969088167,0.011229005852233782,False
2024-01-29,Historical,0.99,2023-01-23,2024-01-26,-0.005075838645184424,0.00920184316995289,0.009727707122675617,False
2024-01-29,Gaussian,0.99,2023-01-23,2024-01-26,-0.005075838645184424,0.009769416048155606,0.011228313116798196,False
2024-01-30,Historical,0.99,2023-01-24,2024-01-29,-0.001635743623288075,0.00920184316995289,0.009727707122675617,False
2024-01-30,Gaussian,0.99,2023-01-24,2024-01-29,-0.001635743623288075,0.009777973749182576,0.011239273593890929,False
2024-01-31,Historical,0.99,2023-01-25,2024-01-30,0.0032855192177199746,0.00920184316995289,0.009727707122675617,False
2024-01-31,Gaussian,0.99,2023-01-25,2024-01-30,0.0032855192177199746,0.009777498517643054,0.011238929671086022,False
2024-02-01,Historical,0.99,2023-01-26,2024-01-31,-0.0069968623676084744,0.00920184316995289,0.009727707122675617,False
2024-02-01,Gaussian,0.99,2023-01-26,2024-01-31,-0.0069968623676084744,0.009807483485700335,0.011270797462463225,False
2024-02-02,Historical,0.99,2023-01-27,2024-02-01,0.0031655003637478247,0.00920184316995289,0.009727707122675617,False
2024-02-02,Gaussian,0.99,2023-01-27,2024-02-01,0.0031655003637478247,0.009828992847747981,0.011299454507534933,False
2024-02-05,Historical,0.99,2023-01-30,2024-02-02,0.004693372062577076,0.00920184316995289,0.009727707122675617,False
2024-02-05,Gaussian,0.99,2023-01-30,2024-02-02,0.004693372062577076,0.009854335603699341,0.011326627270681178,False
2024-02-06,Historical,0.99,2023-01-31,2024-02-05,-0.00546745319078695,0.00920184316995289,0.009727707122675617,False
2024-02-06,Gaussian,0.99,2023-01-31,2024-02-05,-0.00546745319078695,0.00986353739279871,0.011336784263560487,False
2024-02-07,Historical,0.99,2023-02-01,2024-02-06,0.0001516585433538999,0.00920184316995289,0.009727707122675617,False
2024-02-07,Gaussian,0.99,2023-02-01,2024-02-06,0.0001516585433538999,0.00986393278366294,0.011337269464202713,False
2024-02-08,Historical,0.99,2023-02-02,2024-02-07,0.001990128633612825,0.00920184316995289,0.009727707122675617,False
2024-02-08,Gaussian,0.99,2023-02-02,2024-02-07,0.001990128633612825,0.009841045534706853,0.011306753596129105,False
2024-02-09,Historical,0.99,2023-02-03,2024-02-08,0.000736170137877475,0.00920184316995289,0.009727707122675617,False
2024-02-09,Gaussian,0.99,2023-02-03,2024-02-08,0.000736170137877475,0.009855419262408554,0.011321892364604184,False
2024-02-12,Historical,0.99,2023-02-06,2024-02-09,0.00061579323162825,0.009182424834278008,0.009727707122675617,False
2024-02-12,Gaussian,0.99,2023-02-06,2024-02-09,0.00061579323162825,0.009733345702936986,0.011186795665792936,False
2024-02-13,Historical,0.99,2023-02-07,2024-02-12,0.01164148569777535,0.009182424834278008,0.009727707122675617,True
2024-02-13,Gaussian,0.99,2023-02-07,2024-02-12,0.01164148569777535,0.009682889280450862,0.011131678711669198,True
2024-02-14,Historical,0.99,2023-02-08,2024-02-13,-0.005048290185282325,0.009493496802589872,0.010445311025665907,False
2024-02-14,Gaussian,0.99,2023-02-08,2024-02-13,-0.005048290185282325,0.009884084626548124,0.011353226079403644,False
2024-02-15,Historical,0.99,2023-02-09,2024-02-14,-0.004789810551591649,0.009493496802589872,0.010445311025665907,False
2024-02-15,Gaussian,0.99,2023-02-09,2024-02-14,-0.004789810551591649,0.009886069150143714,0.011358777731662523,False
2024-02-16,Historical,0.99,2023-02-10,2024-02-15,-0.0023839091511345,0.009493496802589872,0.010445311025665907,False
2024-02-16,Gaussian,0.99,2023-02-10,2024-02-15,-0.0023839091511345,0.009847167778574537,0.011319613873984474,False
2024-02-20,Historical,0.99,2023-02-13,2024-02-16,-0.0006845932948500997,0.009493496802589872,0.010445311025665907,False
2024-02-20,Gaussian,0.99,2023-02-13,2024-02-16,-0.0006845932948500997,0.009836118400607633,0.011308977580909955,False
2024-02-21,Historical,0.99,2023-02-14,2024-02-20,0.002305748925480442,0.009493496802589872,0.010445311025665907,False
2024-02-21,Gaussian,0.99,2023-02-14,2024-02-20,0.002305748925480442,0.00983350719290119,0.01130390809538043,False
2024-02-22,Historical,0.99,2023-02-15,2024-02-21,-0.006131923896956401,0.009493496802589872,0.010445311025665907,False
2024-02-22,Gaussian,0.99,2023-02-15,2024-02-21,-0.006131923896956401,0.009845302399143057,0.01131655307636885,False
2024-02-23,Historical,0.99,2023-02-16,2024-02-22,-0.0033574124274373006,0.009493496802589872,0.010445311025665907,False
2024-02-23,Gaussian,0.99,2023-02-16,2024-02-22,-0.0033574124274373006,0.009850800853781662,0.011327105472372876,False
2024-02-26,Historical,0.99,2023-02-17,2024-02-23,0.0025891596777435997,0.009493496802589872,0.010445311025665907,False
2024-02-26,Gaussian,0.99,2023-02-17,2024-02-23,0.0025891596777435997,0.009811290803971117,0.01128613981232936,False
2024-02-27,Historical,0.99,2023-02-21,2024-02-26,0.00044052441981112507,0.009493496802589872,0.010445311025665907,False
2024-02-27,Gaussian,0.99,2023-02-21,2024-02-26,0.00044052441981112507,0.009832624899687174,0.011308779089541419,False
2024-02-28,Historical,0.99,2023-02-22,2024-02-27,0.0009424327047062749,0.009182424834278008,0.0104421588597931,False
2024-02-28,Gaussian,0.99,2023-02-22,2024-02-27,0.0009424327047062749,0.009693128607161476,0.011154240623888692,False
2024-02-29,Historical,0.99,2023-02-23,2024-02-28,-0.00326389605188455,0.009182424834278008,0.0104421588597931,False
2024-02-29,Gaussian,0.99,2023-02-23,2024-02-28,-0.00326389605188455,0.009676425893447027,0.011136206742309184,False
2024-03-01,Historical,0.99,2023-02-24,2024-02-29,-0.009591217584529525,0.009182424834278008,0.0104421588597931,False
2024-03-01,Gaussian,0.99,2023-02-24,2024-02-29,-0.009591217584529525,0.009677061230154462,0.011137993727468527,False
2024-03-04,Historical,0.99,2023-02-27,2024-03-01,-0.0018160227575761499,0.009182424834278008,0.0104421588597931,False
2024-03-04,Gaussian,0.99,2023-02-27,2024-03-01,-0.0018160227575761499,0.009646109940322034,0.011112120421042036,False
2024-03-05,Historical,0.99,2023-02-28,2024-03-04,-0.0006893191893311995,0.009182424834278008,0.0104421588597931,False
2024-03-05,Gaussian,0.99,2023-02-28,2024-03-04,-0.0006893191893311995,0.009641855059184053,0.011105799335117884,False
2024-03-06,Historical,0.99,2023-03-01,2024-03-05,-0.0050280794875538,0.009182424834278008,0.0104421588597931,False
2024-03-06,Gaussian,0.99,2023-03-01,2024-03-05,-0.0050280794875538,0.009632452523702966,0.011096058243655381,False
2024-03-07,Historical,0.99,2023-03-02,2024-03-06,-0.00484776516393165,0.009182424834278008,0.0104421588597931,False
2024-03-07,Gaussian,0.99,2023-03-02,2024-03-06,-0.00484776516393165,0.009632219841721601,0.011099019481703606,False
2024-03-08,Historical,0.99,2023-03-03,2024-03-07,0.00040109169821182507,0.009182424834278008,0.0104421588597931,False
2024-03-08,Gaussian,0.99,2023-03-03,2024-03-07,0.00040109169821182507,0.00963875589714688,0.0111083767723975,False
2024-03-11,Historical,0.99,2023-03-06,2024-03-08,-0.00017324299859384996,0.009182424834278008,0.0104421588597931,False
2024-03-11,Gaussian,0.99,2023-03-06,2024-03-08,-0.00017324299859384996,0.009600208548398303,0.011058837185935186,False
2024-03-12,Historical,0.99,2023-03-07,2024-03-11,-0.0016023400255467495,0.009182424834278008,0.0104421588597931,False
2024-03-12,Gaussian,0.99,2023-03-07,2024-03-11,-0.0016023400255467495,0.009584486876947839,0.011042138290756018,False
2024-03-13,Historical,0.99,2023-03-08,2024-03-12,-0.001503819873380825,0.009182424834278008,0.0104421588597931,False
2024-03-13,Gaussian,0.99,2023-03-08,2024-03-12,-0.001503819873380825,0.009458320049688987,0.010903479755189441,False
2024-03-14,Historical,0.99,2023-03-09,2024-03-13,0.00454608611940255,0.009182424834278008,0.0104421588597931,False
2024-03-14,Gaussian,0.99,2023-03-09,2024-03-13,0.00454608611940255,0.009455424586668587,0.010900756447471243,False
2024-03-15,Historical,0.99,2023-03-10,2024-03-14,0.003355845888752175,0.009182424834278008,0.0104421588597931,False
2024-03-15,Gaussian,0.99,2023-03-10,2024-03-14,0.003355845888752175,0.009484764676844313,0.01093298754503445,False
2024-03-18,Historical,0.99,2023-03-13,2024-03-15,-0.00153112493280805,0.009182424834278008,0.0104421588597931,False
2024-03-18,Gaussian,0.99,2023-03-13,2024-03-15,-0.00153112493280805,0.009519420122727981,0.010969453893681064,False
2024-03-19,Historical,0.99,2023-03-14,2024-03-18,-0.00235470703764725,0.009182424834278008,0.0104421588597931,False
2024-03-19,Gaussian,0.99,2023-03-14,2024-03-18,-0.00235470703764725,0.00951989683298039,0.010969759434813743,False
2024-03-20,Historical,0.99,2023-03-15,2024-03-19,-0.005761219391711825,0.009182424834278008,0.0104421588597931,False
2024-03-20,Gaussian,0.99,2023-03-15,2024-03-19,-0.005761219391711825,0.009518859206354254,0.010968053551006374,False
2024-03-21,Historical,0.99,2023-03-16,2024-03-20,-0.005267527924966775,0.009182424834278008,0.0104421588597931,False
2024-03-21,Gaussian,0.99,2023-03-16,2024-03-20,-0.005267527924966775,0.009461380841929205,0.010908915549299235,False
2024-03-22,Historical,0.99,2023-03-17,2024-03-21,-0.0003990250633790001,0.009182424834278008,0.0104421588597931,False
2024-03-22,Gaussian,0.99,2023-03-17,2024-03-21,-0.0003990250633790001,0.00946374095548897,0.01091184677395294,False
2024-03-25,Historical,0.99,2023-03-20,2024-03-22,0.001045761451461725,0.009182424834278008,0.0104421588597931,False
2024-03-25,Gaussian,0.99,2023-03-20,2024-03-22,0.001045761451461725,0.009459886834055757,0.010904771121861088,False
2024-03-26,Historical,0.99,2023-03-21,2024-03-25,-0.0009030418522181498,0.009182424834278008,0.0104421588597931,False
2024-03-26,Gaussian,0.99,2023-03-21,2024-03-25,-0.0009030418522181498,0.009469892315951604,0.01091349687958391,False
2024-03-27,Historical,0.99,2023-03-22,2024-03-26,-0.0049527825104431,0.009182424834278008,0.0104421588597931,False
2024-03-27,Gaussian,0.99,2023-03-22,2024-03-26,-0.0049527825104431,0.00946963411030922,0.01091324993801809,False
2024-03-28,Historical,0.99,2023-03-23,2024-03-27,-0.003915912873964425,0.009182424834278008,0.0104421588597931,False
2024-03-28,Gaussian,0.99,2023-03-23,2024-03-27,-0.003915912873964425,0.009472341116735963,0.010916646965927835,False
2024-04-02,Historical,0.99,2023-03-24,2024-03-28,-0.0006313139111085247,0.009182424834278008,0.0104421588597931,False
2024-04-02,Gaussian,0.99,2023-03-24,2024-03-28,-0.0006313139111085247,0.009474562716838853,0.010919670124284953,False
2024-04-03,Historical,0.99,2023-03-27,2024-04-02,-0.0028330295012009,0.009182424834278008,0.0104421588597931,False
2024-04-03,Gaussian,0.99,2023-03-27,2024-04-02,-0.0028330295012009,0.009427646729117825,0.010868889459170122,False
2024-04-04,Historical,0.99,2023-03-28,2024-04-03,0.002448470468482775,0.009182424834278008,0.0104421588597931,False
2024-04-04,Gaussian,0.99,2023-03-28,2024-04-03,0.002448470468482775,0.00940004422478638,0.01084051497402942,False
2024-04-05,Historical,0.99,2023-03-29,2024-04-04,-0.0033721984553446755,0.009182424834278008,0.0104421588597931,False
2024-04-05,Gaussian,0.99,2023-03-29,2024-04-04,-0.0033721984553446755,0.009424662967717986,0.010866174389944066,False
2024-04-08,Historical,0.99,2023-03-30,2024-04-05,-0.0019205279289526253,0.009182424834278008,0.0104421588597931,False
2024-04-08,Gaussian,0.99,2023-03-30,2024-04-05,-0.0019205279289526253,0.009420285827339147,0.010860467420033885,False
2024-04-09,Historical,0.99,2023-03-31,2024-04-08,-0.0024572113693440496,0.009182424834278008,0.0104421588597931,False
2024-04-09,Gaussian,0.99,2023-03-31,2024-04-08,-0.0024572113693440496,0.009405771191296146,0.010841505931479017,False
2024-04-10,Historical,0.99,2023-04-03,2024-04-09,0.007221133116722325,0.009182424834278008,0.0104421588597931,False
2024-04-10,Gaussian,0.99,2023-04-03,2024-04-09,0.007221133116722325,0.009402296566756193,0.01083659933346822,False
2024-04-11,Historical,0.99,2023-04-04,2024-04-10,-0.005192147645927875,0.009182424834278008,0.0104421588597931,False
2024-04-11,Gaussian,0.99,2023-04-04,2024-04-10,-0.005192147645927875,0.009490737859415146,0.01093065328233015,False
2024-04-12,Historical,0.99,2023-04-05,2024-04-11,0.003648829990129075,0.009182424834278008,0.0104421588597931,False
2024-04-12,Gaussian,0.99,2023-04-05,2024-04-11,0.003648829990129075,0.009498456917914877,0.010940443960872808,False
2024-04-15,Historical,0.99,2023-04-06,2024-04-12,0.0008645473260035998,0.009182424834278008,0.0104421588597931,False
2024-04-15,Gaussian,0.99,2023-04-06,2024-04-12,0.0008645473260035998,0.009534940389589316,0.010979441563426718,False
2024-04-16,Historical,0.99,2023-04-11,2024-04-15,0.005743889740273224,0.009182424834278008,0.0104421588597931,False
2024-04-16,Gaussian,0.99,2023-04-11,2024-04-15,0.005743889740273224,0.00954502217940609,0.010989466531126596,False
2024-04-17,Historical,0.99,2023-04-12,2024-04-16,0.0008177701335682,0.009182424834278008,0.0104421588597931,False
2024-04-17,Gaussian,0.99,2023-04-12,2024-04-16,0.0008177701335682,0.009601447194688832,0.01105145223965174,False
2024-04-18,Historical,0.99,2023-04-13,2024-04-17,-0.000358692510975575,0.009182424834278008,0.0104421588597931,False
2024-04-18,Gaussian,0.99,2023-04-13,2024-04-17,-0.000358692510975575,0.0096112510136231,0.011060942091315152,False
2024-04-19,Historical,0.99,2023-04-14,2024-04-18,0.0004827050007430748,0.009182424834278008,0.0104421588597931,False
2024-04-19,Gaussian,0.99,2023-04-14,2024-04-18,0.0004827050007430748,0.009594508394684507,0.011038204696648813,False
2024-04-22,Historical,0.99,2023-04-17,2024-04-19,-8.721313318492451e-05,0.009182424834278008,0.0104421588597931,False
2024-04-22,Gaussian,0.99,2023-04-17,2024-04-19,-8.721313318492451e-05,0.009541702270129104,0.010980495191103584,False
2024-04-23,Historical,0.99,2023-04-18,2024-04-22,-0.003354601406915125,0.009182424834278008,0.0104421588597931,False
2024-04-23,Gaussian,0.99,2023-04-18,2024-04-22,-0.003354601406915125,0.009530570721466607,0.010968747283508983,False
2024-04-24,Historical,0.99,2023-04-19,2024-04-23,0.001310424819564575,0.009182424834278008,0.0104421588597931,False
2024-04-24,Gaussian,0.99,2023-04-19,2024-04-23,0.001310424819564575,0.009531979388297985,0.010970836012714046,False
2024-04-25,Historical,0.99,2023-04-20,2024-04-24,-0.00058848441577455,0.009182424834278008,0.0104421588597931,False
2024-04-25,Gaussian,0.99,2023-04-20,2024-04-24,-0.00058848441577455,0.00952540481169031,0.010963754447094779,False
2024-04-26,Historical,0.99,2023-04-21,2024-04-25,-0.005932310831033551,0.009182424834278008,0.0104421588597931,False
2024-04-26,Gaussian,0.99,2023-04-21,2024-04-25,-0.005932310831033551,0.00952681422537057,0.01096509020231125,False
2024-04-29,Historical,0.99,2023-04-24,2024-04-26,-0.001519005451748275,0.009182424834278008,0.0104421588597931,False
2024-04-29,Gaussian,0.99,2023-04-24,2024-04-26,-0.001519005451748275,0.00951825986172157,0.010960196829035958,False
2024-04-30,Historical,0.99,2023-04-25,2024-04-29,0.010176157232623675,0.009182424834278008,0.0104421588597931,True
2024-04-30,Gaussian,0.99,2023-04-25,2024-04-29,0.010176157232623675,0.009518765234403672,0.010960419763156721,True
2024-05-01,Historical,0.99,2023-04-26,2024-04-30,-0.0016937753234224505,0.009839290443152262,0.010671319941066166,False
2024-05-01,Gaussian,0.99,2023-04-26,2024-04-30,-0.0016937753234224505,0.009675465153939461,0.01113452550723912,False
2024-05-02,Historical,0.99,2023-04-27,2024-05-01,-0.00425493306594185,0.009839290443152262,0.010671319941066166,False
2024-05-02,Gaussian,0.99,2023-04-27,2024-05-01,-0.00425493306594185,0.009626847747368052,0.011082443353961679,False
2024-05-03,Historical,0.99,2023-04-28,2024-05-02,-0.0055897606499845254,0.009839290443152262,0.010671319941066166,False
2024-05-03,Gaussian,0.99,2023-04-28,2024-05-02,-0.0055897606499845254,0.009631225241110115,0.011088419461993971,False
2024-05-07,Historical,0.99,2023-05-02,2024-05-03,-0.008303371570402875,0.009839290443152262,0.010671319941066166,False
2024-05-07,Gaussian,0.99,2023-05-02,2024-05-03,-0.008303371570402875,0.0096336250793264,0.011091369867302754,False
2024-05-08,Historical,0.99,2023-05-03,2024-05-07,0.0002224410524239598,0.009839290443152262,0.010671319941066166,False
2024-05-08,Gaussian,0.99,2023-05-03,2024-05-07,0.0002224410524239598,0.009652622201380755,0.011119218259219986,False
2024-05-09,Historical,0.99,2023-05-04,2024-05-08,-0.0067910368382196745,0.009839290443152262,0.010671319941066166,False
2024-05-09,Gaussian,0.99,2023-05-04,2024-05-08,-0.0067910368382196745,0.009659231076525256,0.0111252053158662,False
2024-05-10,Historical,0.99,2023-05-05,2024-05-09,-0.0031951448164498,0.009839290443152262,0.010671319941066166,False
2024-05-10,Gaussian,0.99,2023-05-05,2024-05-09,-0.0031951448164498,0.009652808608235742,0.011123465013303961,False
2024-05-13,Historical,0.99,2023-05-09,2024-05-10,0.00312080778376815,0.009839290443152262,0.010671319941066166,False
2024-05-13,Gaussian,0.99,2023-05-09,2024-05-10,0.00312080778376815,0.009653408817635796,0.011124953852404371,False
2024-05-14,Historical,0.99,2023-05-10,2024-05-13,-0.0044430031286808004,0.009839290443152262,0.010671319941066166,False
2024-05-14,Gaussian,0.99,2023-05-10,2024-05-13,-0.0044430031286808004,0.009671533379526056,0.011144623963598572,False
2024-05-15,Historical,0.99,2023-05-11,2024-05-14,-0.008547837595261525,0.009839290443152262,0.010671319941066166,False
2024-05-15,Gaussian,0.99,2023-05-11,2024-05-14,-0.008547837595261525,0.009676243192289182,0.011151501977893875,False
2024-05-16,Historical,0.99,2023-05-12,2024-05-15,0.0021847776775881,0.009839290443152262,0.010671319941066166,False
2024-05-16,Gaussian,0.99,2023-05-12,2024-05-15,0.0021847776775881,0.009697379679020244,0.011181855858712515,False
2024-05-17,Historical,0.99,2023-05-15,2024-05-16,-0.003094306486462725,0.009839290443152262,0.010671319941066166,False
2024-05-17,Gaussian,0.99,2023-05-15,2024-05-16,-0.003094306486462725,0.009703145034387071,0.011188088925509626,False
2024-05-20,Historical,0.99,2023-05-16,2024-05-17,-0.000974984983157575,0.009839290443152262,0.010671319941066166,False
2024-05-20,Gaussian,0.99,2023-05-16,2024-05-17,-0.000974984983157575,0.009702830561562839,0.011188677041929218,False
2024-05-21,Historical,0.99,2023-05-17,2024-05-20,-0.0006749597197889001,0.009839290443152262,0.010671319941066166,False
2024-05-21,Gaussian,0.99,2023-05-17,2024-05-20,-0.0006749597197889001,0.009622899106463486,0.011101387998015404,False
2024-05-22,Historical,0.99,2023-05-18,2024-05-21,0.00696418773922435,0.009839290443152262,0.010671319941066166,False
2024-05-22,Gaussian,0.99,2023-05-18,2024-05-21,0.00696418773922435,0.009621799443178078,0.01110028912827819,False
2024-05-23,Historical,0.99,2023-05-19,2024-05-22,0.0086464701898703,0.009839290443152262,0.010671319941066166,False
2024-05-23,Gaussian,0.99,2023-05-19,2024-05-22,0.0086464701898703,0.009696405927734335,0.011182760127606271,False
2024-05-24,Historical,0.99,2023-05-22,2024-05-23,-0.0016578931737011,0.009839290443152262,0.010671319941066166,False
2024-05-24,Gaussian,0.99,2023-05-22,2024-05-23,-0.0016578931737011,0.009824608256919398,0.011323643038422211,False
2024-05-28,Historical,0.99,2023-05-23,2024-05-24,0.0006147662794617501,0.009839290443152262,0.010671319941066166,False
2024-05-28,Gaussian,0.99,2023-05-23,2024-05-24,0.0006147662794617501,0.009816145013346985,0.01131523527096875,False
2024-05-29,Historical,0.99,2023-05-24,2024-05-28,0.0075391845353644,0.009839290443152262,0.010671319941066166,False
2024-05-29,Gaussian,0.99,2023-05-24,2024-05-28,0.0075391845353644,0.00980199372254537,0.011300034917122564,False
2024-05-30,Historical,0.99,2023-05-25,2024-05-29,-0.0016981012786174252,0.009839290443152262,0.010671319941066166,False
2024-05-30,Gaussian,0.99,2023-05-25,2024-05-29,-0.0016981012786174252,0.009772352605194276,0.01126684786612879,False
2024-05-31,Historical,0.99,2023-05-26,2024-05-30,-0.0030502995370247,0.009839290443152262,0.010671319941066166,False
2024-05-31,Gaussian,0.99,2023-05-26,2024-05-30,-0.0030502995370247,0.00973458276747448,0.011226677057245591,False
2024-06-03,Historical,0.99,2023-05-30,2024-05-31,-0.0037651339274106755,0.009839290443152262,0.010671319941066166,False
2024-06-03,Gaussian,0.99,2023-05-30,2024-05-31,-0.0037651339274106755,0.009716296929788008,0.011203667848855403,False
2024-06-04,Historical,0.99,2023-05-31,2024-06-03,0.00143140591216655,0.009839290443152262,0.010671319941066166,False
2024-06-04,Gaussian,0.99,2023-05-31,2024-06-03,0.00143140591216655,0.009712629433063412,0.011201620840935485,False
2024-06-05,Historical,0.99,2023-06-01,2024-06-04,-0.0072865957164617995,0.009839290443152262,0.010671319941066166,False
2024-06-05,Gaussian,0.99,2023-06-01,2024-06-04,-0.0072865957164617995,0.00970036475383652,0.01118832140053422,False
2024-06-06,Historical,0.99,2023-06-02,2024-06-05,-0.0028524724296904,0.009839290443152262,0.010671319941066166,False
2024-06-06,Gaussian,0.99,2023-06-02,2024-06-05,-0.0028524724296904,0.00970684974602631,0.011196141057567027,False
2024-06-07,Historical,0.99,2023-06-05,2024-06-06,0.013038181574251025,0.009839290443152262,0.010671319941066166,True
2024-06-07,Gaussian,0.99,2023-06-05,2024-06-06,0.013038181574251025,0.009706759501997493,0.011196613559022128,True
2024-06-10,Historical,0.99,2023-06-06,2024-06-07,-0.0018869432847612748,0.010186438659313332,0.01162532805494195,False
2024-06-10,Gaussian,0.99,2023-06-06,2024-06-07,-0.0018869432847612748,0.009954364942530436,0.011472289095491682,False
2024-06-11,Historical,0.99,2023-06-07,2024-06-10,-0.0002606437937730001,0.010186438659313332,0.01162532805494195,False
2024-06-11,Gaussian,0.99,2023-06-07,2024-06-10,-0.0002606437937730001,0.009954418449877048,0.011472318577454173,False
2024-06-12,Historical,0.99,2023-06-08,2024-06-11,-0.006262845162643,0.010186438659313332,0.01162532805494195,False
2024-06-12,Gaussian,0.99,2023-06-08,2024-06-11,-0.006262845162643,0.009887248171924712,0.011398955605674162,False
2024-06-13,Historical,0.99,2023-06-09,2024-06-12,0.001374520533924425,0.010186438659313332,0.01162532805494195,False
2024-06-13,Gaussian,0.99,2023-06-09,2024-06-12,0.001374520533924425,0.009891293370338856,0.011403903498542789,False
2024-06-14,Historical,0.99,2023-06-12,2024-06-13,-0.0032096786398117,0.010186438659313332,0.01162532805494195,False
2024-06-14,Gaussian,0.99,2023-06-12,2024-06-13,-0.0032096786398117,0.00988095203414433,0.011392717674469751,False
2024-06-17,Historical,0.99,2023-06-13,2024-06-14,0.0006888444284077247,0.010186438659313332,0.01162532805494195,False
2024-06-17,Gaussian,0.99,2023-06-13,2024-06-14,0.0006888444284077247,0.009881465604218657,0.011393546183516989,False
2024-06-18,Historical,0.99,2023-06-14,2024-06-17,-0.004228329251361724,0.010186438659313332,0.01162532805494195,False
2024-06-18,Gaussian,0.99,2023-06-14,2024-06-17,-0.004228329251361724,0.009878697897458821,0.011390608745406022,False
2024-06-20,Historical,0.99,2023-06-15,2024-06-18,-0.004333395582020475,0.010186438659313332,0.01162532805494195,False
2024-06-20,Gaussian,0.99,2023-06-15,2024-06-18,-0.004333395582020475,0.009879837173611824,0.01139382966659379,False
2024-06-21,Historical,0.99,2023-06-16,2024-06-20,0.005262493457123225,0.010186438659313332,0.01162532805494195,False
2024-06-21,Gaussian,0.99,2023-06-16,2024-06-20,0.005262493457123225,0.009855694364950103,0.011364274836423126,False
2024-06-24,Historical,0.99,2023-06-20,2024-06-21,-0.00176736213484215,0.010186438659313332,0.01162532805494195,False
2024-06-24,Gaussian,0.99,2023-06-20,2024-06-21,-0.00176736213484215,0.009897772978016148,0.011410529439738476,False
2024-06-25,Historical,0.99,2023-06-21,2024-06-24,0.0010657209173580502,0.010186438659313332,0.01162532805494195,False
2024-06-25,Gaussian,0.99,2023-06-21,2024-06-24,0.0010657209173580502,0.009833877581735415,0.011341516899160003,False
2024-06-26,Historical,0.99,2023-06-22,2024-06-25,0.00410373954611315,0.010186438659313332,0.01162532805494195,False
2024-06-26,Gaussian,0.99,2023-06-22,2024-06-25,0.00410373954611315,0.009828154680597015,0.0113353735671279,False
2024-06-27,Historical,0.99,2023-06-23,2024-06-26,-0.00223399741904315,0.010186438659313332,0.01162532805494195,False
2024-06-27,Gaussian,0.99,2023-06-23,2024-06-26,-0.00223399741904315,0.0098172226686646,0.011323288167485845,False
2024-06-28,Historical,0.99,2023-06-26,2024-06-27,0.002802086441386577,0.010186438659313332,0.01162532805494195,False
2024-06-28,Gaussian,0.99,2023-06-26,2024-06-27,0.002802086441386577,0.009800781651224912,0.01130664399235258,False
2024-07-01,Historical,0.99,2023-06-27,2024-06-28,0.0004583158461436,0.010186438659313332,0.01162532805494195,False
2024-07-01,Gaussian,0.99,2023-06-27,2024-06-28,0.0004583158461436,0.009821470216558428,0.011328915691205671,False
2024-07-02,Historical,0.99,2023-06-28,2024-07-01,-0.0010855321137532058,0.010186438659313332,0.01162532805494195,False
2024-07-02,Gaussian,0.99,2023-06-28,2024-07-01,-0.0010855321137532058,0.009828389408485834,0.011335930490360937,False
2024-07-03,Historical,0.99,2023-06-29,2024-07-02,-0.007291789505361175,0.010186438659313332,0.01162532805494195,False
2024-07-03,Gaussian,0.99,2023-06-29,2024-07-02,-0.007291789505361175,0.00982963635412027,0.011337032248835146,False
2024-07-05,Historical,0.99,2023-06-30,2024-07-03,-0.007125756429883926,0.010186438659313332,0.01162532805494195,False
2024-07-05,Gaussian,0.99,2023-06-30,2024-07-03,-0.007125756429883926,0.009826732674247655,0.011339513668484484,False
2024-07-08,Historical,0.99,2023-07-03,2024-07-05,0.0030836107149189,0.010186438659313332,0.01162532805494195,False
2024-07-08,Gaussian,0.99,2023-07-03,2024-07-05,0.0030836107149189,0.009825218977658303,0.011337690442878034,False
2024-07-09,Historical,0.99,2023-07-05,2024-07-08,0.001374375130562,0.010186438659313332,0.01162532805494195,False
2024-07-09,Gaussian,0.99,2023-07-05,2024-07-08,0.001374375130562,0.009847269543861592,0.011361535402923272,False
2024-07-10,Historical,0.99,2023-07-06,2024-07-09,-0.005355623407006425,0.010186438659313332,0.01162532805494195,False
2024-07-10,Gaussian,0.99,2023-07-06,2024-07-09,-0.005355623407006425,0.009797876669461312,0.011307294930522389,False
2024-07-11,Historical,0.99,2023-07-07,2024-07-10,-0.004745084998830026,0.009839290443152262,0.011618608168216684,False
2024-07-11,Gaussian,0.99,2023-07-07,2024-07-10,-0.004745084998830026,0.009636821086991071,0.011131840727618766,False
2024-07-12,Historical,0.99,2023-07-10,2024-07-11,-0.00265001385575915,0.009839290443152262,0.011618608168216684,False
2024-07-12,Gaussian,0.99,2023-07-10,2024-07-11,-0.00265001385575915,0.009635444023379888,0.011133009301863353,False
2024-07-15,Historical,0.99,2023-07-11,2024-07-12,0.0013939538842123,0.009839290443152262,0.011618608168216684,False
2024-07-15,Gaussian,0.99,2023-07-11,2024-07-12,0.0013939538842123,0.00963543758585217,0.011132987700094963,False
2024-07-16,Historical,0.99,2023-07-12,2024-07-15,-0.007135193257170075,0.009839290443152262,0.011618608168216684,False
2024-07-16,Gaussian,0.99,2023-07-12,2024-07-15,-0.007135193257170075,0.009650800156801772,0.01114776723213825,False
2024-07-17,Historical,0.99,2023-07-13,2024-07-16,0.00374041966227365,0.009839290443152262,0.011618608168216684,False
2024-07-17,Gaussian,0.99,2023-07-13,2024-07-16,0.00374041966227365,0.009572291470014588,0.011054833857322645,False
2024-07-18,Historical,0.99,2023-07-14,2024-07-17,0.0037274652939404,0.009839290443152262,0.011618608168216684,False
2024-07-18,Gaussian,0.99,2023-07-14,2024-07-17,0.0037274652939404,0.009605412264042677,0.011087577296828464,False
2024-07-19,Historical,0.99,2023-07-17,2024-07-18,0.0085591139849137,0.009839290443152262,0.011618608168216684,False
2024-07-19,Gaussian,0.99,2023-07-17,2024-07-18,0.0085591139849137,0.009620200795513997,0.011103791954302495,False
2024-07-22,Historical,0.99,2023-07-18,2024-07-19,-0.003860214848864625,0.009839290443152262,0.011618608168216684,False
2024-07-22,Gaussian,0.99,2023-07-18,2024-07-19,-0.003860214848864625,0.00974495399383673,0.011241375325305123,False
2024-07-23,Historical,0.99,2023-07-19,2024-07-22,0.00028260489472792504,0.009839290443152262,0.011618608168216684,False
2024-07-23,Gaussian,0.99,2023-07-19,2024-07-22,0.00028260489472792504,0.009729256636388954,0.011221839094820506,False
2024-07-24,Historical,0.99,2023-07-20,2024-07-23,0.007637887834903524,0.009839290443152262,0.011618608168216684,False
2024-07-24,Gaussian,0.99,2023-07-20,2024-07-23,0.007637887834903524,0.009723020346976127,0.011211037465872858,False
2024-07-25,Historical,0.99,2023-07-21,2024-07-24,0.003637813513352225,0.009839290443152262,0.011618608168216684,False
2024-07-25,Gaussian,0.99,2023-07-21,2024-07-24,0.003637813513352225,0.009798330621720504,0.011294632588831212,False
2024-07-26,Historical,0.99,2023-07-24,2024-07-25,-0.009628469700301675,0.009839290443152262,0.011618608168216684,False
2024-07-26,Gaussian,0.99,2023-07-24,2024-07-25,-0.009628469700301675,0.009830935766569156,0.01132981044163269,False
2024-07-29,Historical,0.99,2023-07-25,2024-07-26,-0.00047521756094829996,0.009839290443152262,0.011618608168216684,False
2024-07-29,Gaussian,0.99,2023-07-25,2024-07-26,-0.00047521756094829996,0.0098793317987783,0.01139096640663452,False
2024-07-30,Historical,0.99,2023-07-26,2024-07-29,-0.0012390449050199504,0.009839290443152262,0.011618608168216684,False
2024-07-30,Gaussian,0.99,2023-07-26,2024-07-29,-0.0012390449050199504,0.009883104492033227,0.011394366671425791,False
2024-07-31,Historical,0.99,2023-07-27,2024-07-30,-0.01313894634785675,0.009839290443152262,0.011618608168216684,False
2024-07-31,Gaussian,0.99,2023-07-27,2024-07-30,-0.01313894634785675,0.009883770112029327,0.011394944704566581,False
2024-08-01,Historical,0.99,2023-07-28,2024-07-31,0.005744028513819175,0.009839290443152262,0.011618608168216684,False
2024-08-01,Gaussian,0.99,2023-07-28,2024-07-31,0.005744028513819175,0.009894609114052199,0.011419528144668144,False
2024-08-02,Historical,0.99,2023-07-31,2024-08-01,0.004479765294807701,0.009839290443152262,0.011618608168216684,False
2024-08-02,Gaussian,0.99,2023-07-31,2024-08-01,0.004479765294807701,0.009956360083830617,0.011483823614171626,False
2024-08-05,Historical,0.99,2023-08-01,2024-08-02,0.01550108218817495,0.009839290443152262,0.011618608168216684,True
2024-08-05,Gaussian,0.99,2023-08-01,2024-08-02,0.01550108218817495,0.010005172855368493,0.011536250715834006,True
2024-08-06,Historical,0.99,2023-08-02,2024-08-05,0.0010585063539173501,0.010923474749851015,0.01339358315340044,False
2024-08-06,Gaussian,0.99,2023-08-02,2024-08-05,0.0010585063539173501,0.010265174519152228,0.011828468887986533,False
2024-08-07,Historical,0.99,2023-08-03,2024-08-06,-0.00136018193627885,0.010923474749851015,0.01339358315340044,False
2024-08-07,Gaussian,0.99,2023-08-03,2024-08-06,-0.00136018193627885,0.010154350101177698,0.011705875495653146,False
2024-08-08,Historical,0.99,2023-08-04,2024-08-07,-0.008261385613283025,0.010923474749851015,0.01339358315340044,False
2024-08-08,Gaussian,0.99,2023-08-04,2024-08-07,-0.008261385613283025,0.010117548593283225,0.011666625957926976,False
2024-08-09,Historical,0.99,2023-08-07,2024-08-08,-0.0035036053128203247,0.010923474749851015,0.01339358315340044,False
2024-08-09,Gaussian,0.99,2023-08-07,2024-08-08,-0.0035036053128203247,0.010150658027858691,0.011707386730675371,False
2024-08-12,Historical,0.99,2023-08-08,2024-08-09,-0.0062867870543437876,0.010923474749851015,0.01339358315340044,False
2024-08-12,Gaussian,0.99,2023-08-08,2024-08-09,-0.0062867870543437876,0.010148533417243538,0.01170655410322797,False
2024-08-13,Historical,0.99,2023-08-09,2024-08-12,-0.0056960925087031,0.010923474749851015,0.01339358315340044,False
2024-08-13,Gaussian,0.99,2023-08-09,2024-08-12,-0.0056960925087031,0.010139371486013939,0.011701043926237812,False
2024-08-14,Historical,0.99,2023-08-10,2024-08-13,-0.0006441371499349252,0.010923474749851015,0.01339358315340044,False
2024-08-14,Gaussian,0.99,2023-08-10,2024-08-13,-0.0006441371499349252,0.01013775116023595,0.011702973977027426,False
2024-08-15,Historical,0.99,2023-08-11,2024-08-14,-0.0052553926114994,0.010923474749851015,0.01339358315340044,False
2024-08-15,Gaussian,0.99,2023-08-11,2024-08-14,-0.0052553926114994,0.010127911043799323,0.011692709166485194,False
2024-08-16,Historical,0.99,2023-08-14,2024-08-15,-0.005506479602252199,0.010923474749851015,0.01339358315340044,False
2024-08-16,Gaussian,0.99,2023-08-14,2024-08-15,-0.005506479602252199,0.010081108159102533,0.011644881199970312,False
2024-08-19,Historical,0.99,2023-08-15,2024-08-16,-0.003724458196256875,0.010923474749851015,0.01339358315340044,False
2024-08-19,Gaussian,0.99,2023-08-15,2024-08-16,-0.003724458196256875,0.010080716978267512,0.011647807930800507,False
2024-08-20,Historical,0.99,2023-08-16,2024-08-19,0.001076454148600175,0.010923474749851015,0.01339358315340044,False
2024-08-20,Gaussian,0.99,2023-08-16,2024-08-19,0.001076454148600175,0.00996752923468557,0.0115249328943359,False
2024-08-21,Historical,0.99,2023-08-17,2024-08-20,-0.00154405855306675,0.010923474749851015,0.01339358315340044,False
2024-08-21,Gaussian,0.99,2023-08-17,2024-08-20,-0.00154405855306675,0.009915297935985147,0.011467611723678668,False
2024-08-22,Historical,0.99,2023-08-18,2024-08-21,0.006238585587349224,0.010923474749851015,0.01339358315340044,False
2024-08-22,Gaussian,0.99,2023-08-18,2024-08-21,0.006238585587349224,0.00986762343689972,0.01141635157610184,False
2024-08-23,Historical,0.99,2023-08-21,2024-08-22,-0.00811549420159725,0.010923474749851015,0.01339358315340044,False
2024-08-23,Gaussian,0.99,2023-08-21,2024-08-22,-0.00811549420159725,0.009936207236797579,0.011491802779750319,False
2024-08-27,Historical,0.99,2023-08-22,2024-08-23,-0.0012075350111550001,0.010923474749851015,0.01339358315340044,False
2024-08-27,Gaussian,0.99,2023-08-22,2024-08-23,-0.0012075350111550001,0.009961473147041674,0.011525071688101556,False
2024-08-28,Historical,0.99,2023-08-23,2024-08-27,0.00342658429570955,0.010923474749851015,0.01339358315340044,False
2024-08-28,Gaussian,0.99,2023-08-23,2024-08-27,0.00342658429570955,0.009957672044319034,0.011521261172648557,False
2024-08-29,Historical,0.99,2023-08-24,2024-08-28,-0.0019187207255769176,0.010923474749851015,0.01339358315340044,False
2024-08-29,Gaussian,0.99,2023-08-24,2024-08-28,-0.0019187207255769176,0.009946209684913441,0.01150046653096942,False
2024-08-30,Historical,0.99,2023-08-25,2024-08-29,0.0002203622086205748,0.010923474749851015,0.01339358315340044,False
2024-08-30,Gaussian,0.99,2023-08-25,2024-08-29,0.0002203622086205748,0.009902407586934373,0.011453676423156667,False
2024-09-03,Historical,0.99,2023-08-29,2024-08-30,0.007051555652585625,0.010923474749851015,0.01339358315340044,False
2024-09-03,Gaussian,0.99,2023-08-29,2024-08-30,0.007051555652585625,0.009909520340182061,0.011460853953567635,False
2024-09-04,Historical,0.99,2023-08-30,2024-09-03,-0.0003435027559254251,0.010923474749851015,0.01339358315340044,False
2024-09-04,Gaussian,0.99,2023-08-30,2024-09-03,-0.0003435027559254251,0.009844771520813209,0.011373725734026756,False
2024-09-05,Historical,0.99,2023-08-31,2024-09-04,-0.0010719086071546498,0.010923474749851015,0.01339358315340044,False
2024-09-05,Gaussian,0.99,2023-08-31,2024-09-04,-0.0010719086071546498,0.009849397532859202,0.011378148581553124,False
2024-09-06,Historical,0.99,2023-09-01,2024-09-05,0.007635477027776025,0.010923474749851015,0.01339358315340044,False
2024-09-06,Gaussian,0.99,2023-09-01,2024-09-05,0.007635477027776025,0.00983475215030135,0.011362851201098915,False
2024-09-09,Historical,0.99,2023-09-05,2024-09-06,-0.0070310805366291,0.010923474749851015,0.01339358315340044,False
2024-09-09,Gaussian,0.99,2023-09-05,2024-09-06,-0.0070310805366291,0.00993504695045384,0.011473364706946708,False
2024-09-10,Historical,0.99,2023-09-06,2024-09-09,-0.0013264265053325498,0.010923474749851015,0.01339358315340044,False
2024-09-10,Gaussian,0.99,2023-09-06,2024-09-09,-0.0013264265053325498,0.009887948922903601,0.011426705230979292,False
2024-09-11,Historical,0.99,2023-09-07,2024-09-10,-0.0017230626737233749,0.010923474749851015,0.01339358315340044,False
2024-09-11,Gaussian,0.99,2023-09-07,2024-09-10,-0.0017230626737233749,0.009845597602140134,0.01138123903809954,False
2024-09-12,Historical,0.99,2023-09-08,2024-09-11,-0.007298114804143425,0.010923474749851015,0.01339358315340044,False
2024-09-12,Gaussian,0.99,2023-09-08,2024-09-11,-0.007298114804143425,0.00984315670236078,0.011378952400406168,False
2024-09-13,Historical,0.99,2023-09-11,2024-09-12,-0.005292933977595175,0.010923474749851015,0.01339358315340044,False
2024-09-13,Gaussian,0.99,2023-09-11,2024-09-12,-0.005292933977595175,0.00986442471764985,0.011406568180526575,False
2024-09-16,Historical,0.99,2023-09-12,2024-09-13,-0.0011107286893539913,0.010923474749851015,0.01339358315340044,False
2024-09-16,Gaussian,0.99,2023-09-12,2024-09-13,-0.0011107286893539913,0.00987131793341689,0.011416185141289004,False
2024-09-17,Historical,0.99,2023-09-13,2024-09-16,0.0008193033461168249,0.010923474749851015,0.01339358315340044,False
2024-09-17,Gaussian,0.99,2023-09-13,2024-09-16,0.0008193033461168249,0.009857187884412021,0.01140142744440767,False
2024-09-18,Historical,0.99,2023-09-14,2024-09-17,0.00542868779046305,0.010923474749851015,0.01339358315340044,False
2024-09-18,Gaussian,0.99,2023-09-14,2024-09-17,0.00542868779046305,0.009862274376548673,0.011406790715576902,False
2024-09-19,Historical,0.99,2023-09-15,2024-09-18,-0.01019807995595855,0.010923474749851015,0.01339358315340044,False
2024-09-19,Gaussian,0.99,2023-09-15,2024-09-18,-0.01019807995595855,0.009913947702567887,0.011459005724204649,False
2024-09-20,Historical,0.99,2023-09-18,2024-09-19,0.0003463948569293499,0.010923474749851015,0.01339358315340044,False
2024-09-20,Gaussian,0.99,2023-09-18,2024-09-19,0.0003463948569293499,0.009958511800423977,0.011516537780641961,False
2024-09-23,Historical,0.99,2023-09-19,2024-09-20,-0.0019371848790557498,0.010923474749851015,0.01339358315340044,False
2024-09-23,Gaussian,0.99,2023-09-19,2024-09-20,-0.0019371848790557498,0.009960523366914805,0.011518642069271676,False
2024-09-24,Historical,0.99,2023-09-20,2024-09-23,-0.005098810385554876,0.010923474749851015,0.01339358315340044,False
2024-09-24,Gaussian,0.99,2023-09-20,2024-09-23,-0.005098810385554876,0.009943551231548003,0.01150117034190739,False
2024-09-25,Historical,0.99,2023-09-21,2024-09-24,0.002251913220670175,0.010923474749851015,0.01339358315340044,False
2024-09-25,Gaussian,0.99,2023-09-21,2024-09-24,0.002251913220670175,0.009941561281714199,0.01150187443087216,False
2024-09-26,Historical,0.99,2023-09-22,2024-09-25,-0.0025927886843002002,0.010923474749851015,0.01339358315340044,False
2024-09-26,Gaussian,0.99,2023-09-22,2024-09-25,-0.0025927886843002002,0.009814445753190942,0.011360459237041669,False
2024-09-27,Historical,0.99,2023-09-25,2024-09-26,0.00021903626861122466,0.010923474749851015,0.01339358315340044,False
2024-09-27,Gaussian,0.99,2023-09-25,2024-09-26,0.00021903626861122466,0.009812526700290253,0.011358969401931629,False
2024-09-30,Historical,0.99,2023-09-26,2024-09-27,0.004144560851384475,0.010923474749851015,0.01339358315340044,False
2024-09-30,Gaussian,0.99,2023-09-26,2024-09-27,0.004144560851384475,0.009773793068388678,0.011316837372606357,False
2024-10-01,Historical,0.99,2023-09-27,2024-09-30,-0.0024064390100682997,0.010923474749851015,0.01339358315340044,False
2024-10-01,Gaussian,0.99,2023-09-27,2024-09-30,-0.0024064390100682997,0.00974909423605455,0.011289451352354455,False
2024-10-02,Historical,0.99,2023-09-28,2024-10-01,0.000198505854384275,0.010923474749851015,0.01339358315340044,False
2024-10-02,Gaussian,0.99,2023-09-28,2024-10-01,0.000198505854384275,0.009683343167507602,0.011218564710076711,False
2024-10-03,Historical,0.99,2023-09-29,2024-10-02,0.00212330922124405,0.010923474749851015,0.01339358315340044,False
2024-10-03,Gaussian,0.99,2023-09-29,2024-10-02,0.00212330922124405,0.009689937012959837,0.011225307187875719,False
2024-10-04,Historical,0.99,2023-10-02,2024-10-03,0.0007263085009301248,0.010923474749851015,0.01339358315340044,False
2024-10-04,Gaussian,0.99,2023-10-02,2024-10-03,0.0007263085009301248,0.009680403858149307,0.011214889031391694,False
2024-10-07,Historical,0.99,2023-10-03,2024-10-04,0.00345606100680885,0.010923474749851015,0.01339358315340044,False
2024-10-07,Gaussian,0.99,2023-10-03,2024-10-04,0.00345606100680885,0.009576219197660623,0.011099669270701018,False
2024-10-08,Historical,0.99,2023-10-04,2024-10-07,0.0026147321580719,0.010923474749851015,0.01339358315340044,False
2024-10-08,Gaussian,0.99,2023-10-04,2024-10-07,0.0026147321580719,0.00950475371667665,0.011020194006816619,False
2024-10-09,Historical,0.99,2023-10-05,2024-10-08,-0.00110203736327265,0.010923474749851015,0.01339358315340044,False
2024-10-09,Gaussian,0.99,2023-10-05,2024-10-08,-0.00110203736327265,0.009534042117470474,0.011051262264737927,False
2024-10-10,Historical,0.99,2023-10-06,2024-10-09,-0.0011101599771976252,0.010923474749851015,0.01339358315340044,False
2024-10-10,Gaussian,0.99,2023-10-06,2024-10-09,-0.0011101599771976252,0.009533674059393737,0.011050899408914936,False
2024-10-11,Historical,0.99,2023-10-09,2024-10-10,-0.0048051205369991756,0.010923474749851015,0.01339358315340044,False
2024-10-11,Gaussian,0.99,2023-10-09,2024-10-10,-0.0048051205369991756,0.009534480406851412,0.01105000798378927,False
2024-10-14,Historical,0.99,2023-10-10,2024-10-11,-0.0022574950170108,0.010923474749851015,0.01339358315340044,False
2024-10-14,Gaussian,0.99,2023-10-10,2024-10-11,-0.0022574950170108,0.009494373622534314,0.011001449294980422,False
2024-10-15,Historical,0.99,2023-10-11,2024-10-14,0.001063513274001125,0.010923474749851015,0.01339358315340044,False
2024-10-15,Gaussian,0.99,2023-10-11,2024-10-14,0.001063513274001125,0.0094896412737953,0.010994472071801103,False
2024-10-16,Historical,0.99,2023-10-12,2024-10-15,-0.00522844230485865,0.010923474749851015,0.01339358315340044,False
2024-10-16,Gaussian,0.99,2023-10-12,2024-10-15,-0.00522844230485865,0.009503095911092076,0.011006934327851908,False
2024-10-17,Historical,0.99,2023-10-13,2024-10-16,-0.0018375697026489998,0.010923474749851015,0.01339358315340044,False
2024-10-17,Gaussian,0.99,2023-10-13,2024-10-16,-0.0018375697026489998,0.009463026876318002,0.010966355433154499,False
2024-10-18,Historical,0.99,2023-10-16,2024-10-17,-0.003135325114800475,0.010923474749851015,0.01339358315340044,False
2024-10-18,Gaussian,0.99,2023-10-16,2024-10-17,-0.003135325114800475,0.00944563306457021,0.010943476189230052,False
2024-10-21,Historical,0.99,2023-10-17,2024-10-18,0.0036330905576224,0.010923474749851015,0.01339358315340044,False
2024-10-21,Gaussian,0.99,2023-10-17,2024-10-18,0.0036330905576224,0.00944252280714913,0.010941173052344395,False
2024-10-22,Historical,0.99,2023-10-18,2024-10-21,-0.001990133138056725,0.010923474749851015,0.01339358315340044,False
2024-10-22,Gaussian,0.99,2023-10-18,2024-10-21,-0.001990133138056725,0.009473908932291535,0.010975336318934239,False
2024-10-23,Historical,0.99,2023-10-19,2024-10-22,0.007330415763632025,0.010923474749851015,0.01339358315340044,False
2024-10-23,Gaussian,0.99,2023-10-19,2024-10-22,0.007330415763632025,0.009430162514385863,0.010928557312338898,False
2024-10-24,Historical,0.99,2023-10-20,2024-10-23,-0.003340031074131125,0.010923474749851015,0.01339358315340044,False
2024-10-24,Gaussian,0.99,2023-10-20,2024-10-23,-0.003340031074131125,0.009499917003891405,0.011006065093305664,False
2024-10-25,Historical,0.99,2023-10-23,2024-10-24,0.000735508411330725,0.010923474749851015,0.01339358315340044,False
2024-10-25,Gaussian,0.99,2023-10-23,2024-10-24,0.000735508411330725,0.009448649285913048,0.01095175128075027,False
2024-10-28,Historical,0.99,2023-10-24,2024-10-25,-0.0012084204922544915,0.010923474749851015,0.01339358315340044,False
2024-10-28,Gaussian,0.99,2023-10-24,2024-10-25,-0.0012084204922544915,0.009446510260572931,0.010949463019515809,False
2024-10-29,Historical,0.99,2023-10-25,2024-10-28,-0.0012414934360452498,0.010923474749851015,0.01339358315340044,False
2024-10-29,Gaussian,0.99,2023-10-25,2024-10-28,-0.0012414934360452498,0.009449068083585522,0.010951501491550674,False
2024-10-30,Historical,0.99,2023-10-26,2024-10-29,0.0016430778535318,0.010923474749851015,0.01339358315340044,False
2024-10-30,Gaussian,0.99,2023-10-26,2024-10-29,0.0016430778535318,0.009404676379857282,0.010903635531116944,False
2024-10-31,Historical,0.99,2023-10-27,2024-10-30,0.010176212895971249,0.010923474749851015,0.01339358315340044,False
2024-10-31,Gaussian,0.99,2023-10-27,2024-10-30,0.010176212895971249,0.009393939665095703,0.010891934401210923,True
2024-11-01,Historical,0.99,2023-10-30,2024-10-31,-0.0005854830205898249,0.010923502024891327,0.01339358315340044,False
2024-11-01,Gaussian,0.99,2023-10-30,2024-10-31,-0.0005854830205898249,0.009561666780748768,0.0110781962445427,False
2024-11-04,Historical,0.99,2023-10-31,2024-11-01,-0.00120192689624345,0.010923502024891327,0.01339358315340044,False
2024-11-04,Gaussian,0.99,2023-10-31,2024-11-01,-0.00120192689624345,0.009566003457089396,0.011082341872951507,False
2024-11-05,Historical,0.99,2023-11-01,2024-11-04,-0.0034022669907276754,0.010923502024891327,0.01339358315340044,False
2024-11-05,Gaussian,0.99,2023-11-01,2024-11-04,-0.0034022669907276754,0.009557642767787254,0.011073736899397382,False
2024-11-06,Historical,0.99,2023-11-02,2024-11-05,0.004020797609623775,0.010923502024891327,0.01339358315340044,False
2024-11-06,Gaussian,0.99,2023-11-02,2024-11-05,0.004020797609623775,0.00955065500214208,0.011064552682233355,False
2024-11-07,Historical,0.99,2023-11-03,2024-11-06,-0.0070917448009910995,0.010923502024891327,0.01339358315340044,False
2024-11-07,Gaussian,0.99,2023-11-03,2024-11-06,-0.0070917448009910995,0.009532483483848822,0.01103519239285074,False
2024-11-08,Historical,0.99,2023-11-06,2024-11-07,0.002318698667864425,0.010923502024891327,0.01339358315340044,False
2024-11-08,Gaussian,0.99,2023-11-06,2024-11-07,0.002318698667864425,0.009550410682176021,0.011057406595947823,False
2024-11-11,Historical,0.99,2023-11-07,2024-11-08,0.004680441891429575,0.010923502024891327,0.01339358315340044,False
2024-11-11,Gaussian,0.99,2023-11-07,2024-11-08,0.004680441891429575,0.009543303987950997,0.01104963402618347,False
2024-11-12,Historical,0.99,2023-11-08,2024-11-11,0.007509519510403625,0.010923502024891327,0.01339358315340044,False
2024-11-12,Gaussian,0.99,2023-11-08,2024-11-11,0.007509519510403625,0.009596737901025434,0.011107636086688872,False
2024-11-13,Historical,0.99,2023-11-09,2024-11-12,0.0024827836385369253,0.010923502024891327,0.01339358315340044,False
2024-11-13,Gaussian,0.99,2023-11-09,2024-11-12,0.0024827836385369253,0.009686811160863468,0.011207334789405471,False
2024-11-14,Historical,0.99,2023-11-10,2024-11-13,0.00091821706289365,0.010923502024891327,0.01339358315340044,False
2024-11-14,Gaussian,0.99,2023-11-10,2024-11-13,0.00091821706289365,0.009694804547901698,0.011216021533408395,False
2024-11-15,Historical,0.99,2023-11-13,2024-11-14,0.003872100635804375,0.010923502024891327,0.01339358315340044,False
2024-11-15,Gaussian,0.99,2023-11-13,2024-11-14,0.003872100635804375,0.00968798247580939,0.011208683165208256,False
2024-11-18,Historical,0.99,2023-11-14,2024-11-15,-0.0077139909538894245,0.010923502024891327,0.01339358315340044,False
2024-11-18,Gaussian,0.99,2023-11-14,2024-11-15,-0.0077139909538894245,0.009731992957350511,0.011254948190163205,False
2024-11-19,Historical,0.99,2023-11-15,2024-11-18,-0.0034477496291681004,0.010923502024891327,0.01339358315340044,False
2024-11-19,Gaussian,0.99,2023-11-15,2024-11-18,-0.0034477496291681004,0.009681469826929816,0.011195004310029304,False
2024-11-20,Historical,0.99,2023-11-16,2024-11-19,-0.0006109949445541739,0.010923502024891327,0.01339358315340044,False
2024-11-20,Gaussian,0.99,2023-11-16,2024-11-19,-0.0006109949445541739,0.009670942912933283,0.01118532960113518,False
2024-11-21,Historical,0.99,2023-11-17,2024-11-20,-0.0052715673321906496,0.010923502024891327,0.01339358315340044,False
2024-11-21,Gaussian,0.99,2023-11-17,2024-11-20,-0.0052715673321906496,0.009675194460717003,0.011189120628397465,False
2024-11-22,Historical,0.99,2023-11-20,2024-11-21,-0.007710815800096025,0.010923502024891327,0.01339358315340044,False
2024-11-22,Gaussian,0.99,2023-11-20,2024-11-21,-0.007710815800096025,0.009681478622534939,0.011197292512410799,False
2024-11-25,Historical,0.99,2023-11-21,2024-11-22,0.0030162814296780245,0.010923502024891327,0.01339358315340044,False
2024-11-25,Gaussian,0.99,2023-11-21,2024-11-22,0.0030162814296780245,0.009706760069470534,0.011229859402887973,False
2024-11-26,Historical,0.99,2023-11-22,2024-11-25,-0.00038862430802995003,0.010923502024891327,0.01339358315340044,False
2024-11-26,Gaussian,0.99,2023-11-22,2024-11-25,-0.00038862430802995003,0.009739875289609817,0.011264853575607107,False
2024-11-27,Historical,0.99,2023-11-24,2024-11-26,-0.0011020094226364995,0.010923502024891327,0.01339358315340044,False
2024-11-27,Gaussian,0.99,2023-11-24,2024-11-26,-0.0011020094226364995,0.009734546893825828,0.011259295207413035,False
2024-11-29,Historical,0.99,2023-11-27,2024-11-27,-0.00499071457918775,0.010923502024891327,0.01339358315340044,False
2024-11-29,Gaussian,0.99,2023-11-27,2024-11-27,-0.00499071457918775,0.00973340406509226,0.011258172551630636,False
2024-12-02,Historical,0.99,2023-11-28,2024-11-29,0.0008253341035151221,0.010923502024891327,0.01339358315340044,False
2024-12-02,Gaussian,0.99,2023-11-28,2024-11-29,0.0008253341035151221,0.009738748463850566,0.011265936393748045,False
2024-12-03,Historical,0.99,2023-11-29,2024-12-02,-0.00130313161795405,0.010923502024891327,0.01339358315340044,False
2024-12-03,Gaussian,0.99,2023-11-29,2024-12-02,-0.00130313161795405,0.009747886431609357,0.011273304786160471,False
2024-12-04,Historical,0.99,2023-11-30,2024-12-03,-0.0025167128237855753,0.010923502024891327,0.01339358315340044,False
2024-12-04,Gaussian,0.99,2023-11-30,2024-12-03,-0.0025167128237855753,0.009744425163843507,0.011269875967001238,False
2024-12-05,Historical,0.99,2023-12-01,2024-12-04,0.00193531297698785,0.010923502024891327,0.01339358315340044,False
2024-12-05,Gaussian,0.99,2023-12-01,2024-12-04,0.00193531297698785,0.009735345291893177,0.011261115016995244,False
2024-12-06,Historical,0.99,2023-12-04,2024-12-05,-0.0002845319016954749,0.010923502024891327,0.01339358315340044,False
2024-12-06,Gaussian,0.99,2023-12-04,2024-12-05,-0.0002845319016954749,0.009689590526969142,0.011201344629621928,False
2024-12-09,Historical,0.99,2023-12-05,2024-12-06,-0.0013868283416776247,0.010923502024891327,0.01339358315340044,False
2024-12-09,Gaussian,0.99,2023-12-05,2024-12-06,-0.0013868283416776247,0.00956931375181311,0.011068571050032998,False
2024-12-10,Historical,0.99,2023-12-06,2024-12-09,4.37074661668751e-05,0.010923502024891327,0.01339358315340044,False
2024-12-10,Gaussian,0.99,2023-12-06,2024-12-09,4.37074661668751e-05,0.0095631226215693,0.011062342772720222,False
2024-12-11,Historical,0.99,2023-12-07,2024-12-10,-0.004326332571890775,0.010923502024891327,0.01339358315340044,False
2024-12-11,Gaussian,0.99,2023-12-07,2024-12-10,-0.004326332571890775,0.009569959603225604,0.011069081865942547,False
2024-12-12,Historical,0.99,2023-12-08,2024-12-11,0.005664733022916125,0.010923502024891327,0.01339358315340044,False
2024-12-12,Gaussian,0.99,2023-12-08,2024-12-11,0.005664733022916125,0.009572590409291603,0.011073463896150928,False
2024-12-13,Historical,0.99,2023-12-11,2024-12-12,0.004544025376414475,0.010923502024891327,0.01339358315340044,False
2024-12-13,Gaussian,0.99,2023-12-11,2024-12-12,0.004544025376414475,0.009616570480350535,0.0111220450343686,False
2024-12-16,Historical,0.99,2023-12-12,2024-12-13,-0.00048309284187212503,0.010923502024891327,0.01339358315340044,False
2024-12-16,Gaussian,0.99,2023-12-12,2024-12-13,-0.00048309284187212503,0.009647357336323001,0.011155875343971665,False
2024-12-17,Historical,0.99,2023-12-13,2024-12-16,0.003949941037175275,0.010923502024891327,0.01339358315340044,False
2024-12-17,Gaussian,0.99,2023-12-13,2024-12-16,0.003949941037175275,0.009650760926811865,0.011159196093552776,False
2024-12-18,Historical,0.99,2023-12-14,2024-12-17,0.0139828207946751,0.010923502024891327,0.01339358315340044,True
2024-12-18,Gaussian,0.99,2023-12-14,2024-12-17,0.0139828207946751,0.009581508954308739,0.01107000619862116,True
2024-12-19,Historical,0.99,2023-12-15,2024-12-18,0.0038538507586947496,0.012353800594777932,0.014174028185700358,False
2024-12-19,Gaussian,0.99,2023-12-15,2024-12-18,0.0038538507586947496,0.00984082569896113,0.011354557229555256,False
2024-12-20,Historical,0.99,2023-12-18,2024-12-19,-0.005608549217580425,0.012353800594777932,0.014174028185700358,False
2024-12-20,Gaussian,0.99,2023-12-18,2024-12-19,-0.005608549217580425,0.00982597570772509,0.011338148856832708,False
2024-12-23,Historical,0.99,2023-12-19,2024-12-20,-9.753430678657491e-05,0.012353800594777932,0.014174028185700358,False
2024-12-23,Gaussian,0.99,2023-12-19,2024-12-20,-9.753430678657491e-05,0.00983599045112591,0.011351154667176941,False
2024-12-24,Historical,0.99,2023-12-20,2024-12-23,-0.00445256056502865,0.012353800594777932,0.014174028185700358,False
2024-12-24,Gaussian,0.99,2023-12-20,2024-12-23,-0.00445256056502865,0.009837934767964327,0.01135086865991928,False
2024-12-27,Historical,0.99,2023-12-21,2024-12-24,0.002973135451051675,0.012353800594777932,0.014174028185700358,False
2024-12-27,Gaussian,0.99,2023-12-21,2024-12-24,0.002973135451051675,0.009827427386059262,0.011342162057403966,False
2024-12-30,Historical,0.99,2023-12-22,2024-12-27,0.0028902101994514747,0.012353800594777932,0.014174028185700358,False
2024-12-30,Gaussian,0.99,2023-12-22,2024-12-27,0.0028902101994514747,0.00985774802322212,0.011373259550235321,False
2024-12-31,Historical,0.99,2023-12-27,2024-12-30,-0.0016290974451369004,0.012353800594777932,0.014174028185700358,False
2024-12-31,Gaussian,0.99,2023-12-27,2024-12-30,-0.0016290974451369004,0.009886358209578916,0.011403548643452112,False
2025-01-02,Historical,0.99,2023-12-28,2024-12-31,-0.005640422727931925,0.012353800594777932,0.014174028185700358,False
2025-01-02,Gaussian,0.99,2023-12-28,2024-12-31,-0.005640422727931925,0.009860529865819827,0.011370558466476884,False
2025-01-03,Historical,0.99,2023-12-29,2025-01-02,0.0003149833947995997,0.012353800594777932,0.014174028185700358,False
2025-01-03,Gaussian,0.99,2023-12-29,2025-01-02,0.0003149833947995997,0.009846972480465744,0.011359704856734308,False
2025-01-06,Historical,0.99,2024-01-02,2025-01-03,-0.00161412272409335,0.012353800594777932,0.014174028185700358,False
2025-01-06,Gaussian,0.99,2024-01-02,2025-01-03,-0.00161412272409335,0.009839623767480958,0.011351905882028916,False
2025-01-07,Historical,0.99,2024-01-03,2025-01-06,0.0026390960770739003,0.012353800594777932,0.014174028185700358,False
2025-01-07,Gaussian,0.99,2024-01-03,2025-01-06,0.0026390960770739003,0.009805416927092348,0.011315588621936372,False
2025-01-08,Historical,0.99,2024-01-04,2025-01-07,-0.002327381543485825,0.012353800594777932,0.014174028185700358,False
2025-01-08,Gaussian,0.99,2024-01-04,2025-01-07,-0.002327381543485825,0.00977796870126292,0.011285377160299818,False
2025-01-10,Historical,0.99,2024-01-05,2025-01-08,0.0033596896601071503,0.012353800594777932,0.014174028185700358,False
2025-01-10,Gaussian,0.99,2024-01-05,2025-01-08,0.0033596896601071503,0.009766793383972534,0.011274387172978075,False
2025-01-13,Historical,0.99,2024-01-08,2025-01-10,0.0032684160099071247,0.012353800594777932,0.014174028185700358,False
2025-01-13,Gaussian,0.99,2024-01-08,2025-01-10,0.0032684160099071247,0.009785952884456415,0.011295255655304698,False
2025-01-14,Historical,0.99,2024-01-09,2025-01-13,-0.0009911046631058248,0.012353800594777932,0.014174028185700358,False
2025-01-14,Gaussian,0.99,2024-01-09,2025-01-13,-0.0009911046631058248,0.009820484242950251,0.011331419035841662,False
2025-01-15,Historical,0.99,2024-01-10,2025-01-14,-0.012118083429413125,0.012353800594777932,0.014174028185700358,False
2025-01-15,Gaussian,0.99,2024-01-10,2025-01-14,-0.012118083429413125,0.009812095366621356,0.011322808513224257,False
2025-01-16,Historical,0.99,2024-01-11,2025-01-15,-0.00453093850993075,0.012353800594777932,0.014174028185700358,False
2025-01-16,Gaussian,0.99,2024-01-11,2025-01-15,-0.00453093850993075,0.009898263804214925,0.011428936224799685,False
2025-01-17,Historical,0.99,2024-01-12,2025-01-16,-0.004735628996731574,0.012353800594777932,0.014174028185700358,False
2025-01-17,Gaussian,0.99,2024-01-12,2025-01-16,-0.004735628996731574,0.009890687122836986,0.011423359499212948,False
2025-01-21,Historical,0.99,2024-01-16,2025-01-17,-0.0081685185860235,0.012353800594777932,0.014174028185700358,False
2025-01-21,Gaussian,0.99,2024-01-16,2025-01-17,-0.0081685185860235,0.009889887940588683,0.011422343909702657,False
2025-01-22,Historical,0.99,2024-01-17,2025-01-21,-0.0020779666429995253,0.012353800594777932,0.014174028185700358,False
2025-01-22,Gaussian,0.99,2024-01-17,2025-01-21,-0.0020779666429995253,0.009816289150685397,0.0113471624973451,False
2025-01-23,Historical,0.99,2024-01-18,2025-01-22,-0.0009142736814493,0.012353800594777932,0.014174028185700358,False
2025-01-23,Gaussian,0.99,2024-01-18,2025-01-22,-0.0009142736814493,0.009683655380991411,0.011201473803327483,False
2025-01-24,Historical,0.99,2024-01-19,2025-01-23,0.0004773828266543249,0.012353800594777932,0.014174028185700358,False
2025-01-24,Gaussian,0.99,2024-01-19,2025-01-23,0.0004773828266543249,0.009684466330032733,0.011200524853885722,False
2025-01-27,Historical,0.99,2024-01-22,2025-01-24,0.004586010801619875,0.012353800594777932,0.014174028185700358,False
2025-01-27,Gaussian,0.99,2024-01-22,2025-01-24,0.004586010801619875,0.009692736634945926,0.011207422667933833,False
2025-01-28,Historical,0.99,2024-01-23,2025-01-27,-0.005383238445116401,0.012353800594777932,0.014174028185700358,False
2025-01-28,Gaussian,0.99,2024-01-23,2025-01-27,-0.005383238445116401,0.00974480309630296,0.011263683375749962,False
2025-01-29,Historical,0.99,2024-01-24,2025-01-28,0.0017251084628128,0.012353800594777932,0.014174028185700358,False
2025-01-29,Gaussian,0.99,2024-01-24,2025-01-28,0.0017251084628128,0.009750117762817262,0.01127232130810721,False
2025-01-30,Historical,0.99,2024-01-25,2025-01-29,-0.0082459622379339,0.012353800594777932,0.014174028185700358,False
2025-01-30,Gaussian,0.99,2024-01-25,2025-01-29,-0.0082459622379339,0.009754842385715624,0.011277408751218113,False
2025-01-31,Historical,0.99,2024-01-26,2025-01-30,0.000386617659651975,0.012353800594777932,0.014174028185700358,False
2025-01-31,Gaussian,0.99,2024-01-26,2025-01-30,0.000386617659651975,0.00978678856077972,0.011316799187125668,False
2025-02-03,Historical,0.99,2024-01-29,2025-01-31,0.0029953699060209504,0.012353800594777932,0.014174028185700358,False
2025-02-03,Gaussian,0.99,2024-01-29,2025-01-31,0.0029953699060209504,0.009796283752238111,0.011325869658728883,False
2025-02-04,Historical,0.99,2024-01-30,2025-02-03,-0.004515192119636699,0.012353800594777932,0.014174028185700358,False
2025-02-04,Gaussian,0.99,2024-01-30,2025-02-03,-0.004515192119636699,0.009822687884954473,0.011351417181885965,False
2025-02-05,Historical,0.99,2024-01-31,2025-02-04,-0.005512198229274225,0.012353800594777932,0.014174028185700358,False
2025-02-05,Gaussian,0.99,2024-01-31,2025-02-04,-0.005512198229274225,0.00982545743709383,0.011356267893439922,False
2025-02-06,Historical,0.99,2024-02-01,2025-02-05,-0.0029696822510570002,0.012353800594777932,0.014174028185700358,False
2025-02-06,Gaussian,0.99,2024-02-01,2025-02-05,-0.0029696822510570002,0.00979776115616324,0.011329663308197454,False
2025-02-07,Historical,0.99,2024-02-02,2025-02-06,0.003517125436518875,0.012353800594777932,0.014174028185700358,False
2025-02-07,Gaussian,0.99,2024-02-02,2025-02-06,0.003517125436518875,0.009778250521345976,0.011304964197091951,False
2025-02-10,Historical,0.99,2024-02-05,2025-02-07,-0.007792754038962475,0.012353800594777932,0.014174028185700358,False
2025-02-10,Gaussian,0.99,2024-02-05,2025-02-07,-0.007792754038962475,0.009782604903465058,0.011309747981002377,False
2025-02-11,Historical,0.99,2024-02-06,2025-02-10,0.0011985690520749,0.012353800594777932,0.014174028185700358,False
2025-02-11,Gaussian,0.99,2024-02-06,2025-02-10,0.0011985690520749,0.009753951354068214,0.011284195768346205,False
2025-02-12,Historical,0.99,2024-02-07,2025-02-11,0.0012873595394692502,0.012353800594777932,0.014174028185700358,False
2025-02-12,Gaussian,0.99,2024-02-07,2025-02-11,0.0012873595394692502,0.00976133855484283,0.011288775010455531,False
2025-02-13,Historical,0.99,2024-02-08,2025-02-12,-0.0057303509355956005,0.012353800594777932,0.014174028185700358,False
2025-02-13,Gaussian,0.99,2024-02-08,2025-02-12,-0.0057303509355956005,0.009769274998161456,0.011297205786618646,False
2025-02-14,Historical,0.99,2024-02-09,2025-02-13,0.0036051919582010617,0.012353800594777932,0.014174028185700358,False
2025-02-14,Gaussian,0.99,2024-02-09,2025-02-13,0.0036051919582010617,0.00975652725498271,0.01128709954935022,False
2025-02-18,Historical,0.99,2024-02-12,2025-02-14,-0.004391093700100724,0.012353800594777932,0.014174028185700358,False
2025-02-18,Gaussian,0.99,2024-02-12,2025-02-14,-0.004391093700100724,0.009785293699103543,0.01131838458499982,False
2025-02-19,Historical,0.99,2024-02-13,2025-02-18,0.0004088521805895249,0.012353800594777932,0.014174028185700358,False
2025-02-19,Gaussian,0.99,2024-02-13,2025-02-18,0.0004088521805895249,0.009777027320583193,0.011311831391545978,False
2025-02-20,Historical,0.99,2024-02-14,2025-02-19,0.0018637999029896,0.011635816921893909,0.014174028185700358,False
2025-02-20,Gaussian,0.99,2024-02-14,2025-02-19,0.0018637999029896,0.009573173722383383,0.0110848283415008,False
2025-02-21,Historical,0.99,2024-02-15,2025-02-20,0.0031246169081680496,0.011635816921893909,0.014174028185700358,False
2025-02-21,Gaussian,0.99,2024-02-15,2025-02-20,0.0031246169081680496,0.009589211328103156,0.011099174672220673,False
2025-02-24,Historical,0.99,2024-02-16,2025-02-21,-0.0006371249464128591,0.011635816921893909,0.014174028185700358,False
2025-02-24,Gaussian,0.99,2024-02-16,2025-02-21,-0.0006371249464128591,0.00961968077127059,0.011129471027093815,False
2025-02-25,Historical,0.99,2024-02-20,2025-02-24,0.00221697354669855,0.011635816921893909,0.014174028185700358,False
2025-02-25,Gaussian,0.99,2024-02-20,2025-02-24,0.00221697354669855,0.009623851311476793,0.011133231289106545,False
2025-02-26,Historical,0.99,2024-02-21,2025-02-25,-0.0029134041846424754,0.011635816921893909,0.014174028185700358,False
2025-02-26,Gaussian,0.99,2024-02-21,2025-02-25,-0.0029134041846424754,0.009644573954919081,0.011155281865093628,False
2025-02-27,Historical,0.99,2024-02-22,2025-02-26,0.0073586269272696,0.011635816921893909,0.014174028185700358,False
2025-02-27,Gaussian,0.99,2024-02-22,2025-02-26,0.0073586269272696,0.00961895827376527,0.011128975869770685,False
2025-02-28,Historical,0.99,2024-02-23,2025-02-27,-0.0052958526576869,0.011635816921893909,0.014174028185700358,False
2025-02-28,Gaussian,0.99,2024-02-23,2025-02-27,-0.0052958526576869,0.009710578717192778,0.011226081782668918,False
2025-03-03,Historical,0.99,2024-02-26,2025-02-28,-0.001551451467330725,0.011635816921893909,0.014174028185700358,False
2025-03-03,Gaussian,0.99,2024-02-26,2025-02-28,-0.001551451467330725,0.00971751124939139,0.011235153586704617,False
2025-03-04,Historical,0.99,2024-02-27,2025-03-03,0.004835206637816525,0.011635816921893909,0.014174028185700358,False
2025-03-04,Gaussian,0.99,2024-02-27,2025-03-03,0.004835206637816525,0.009690333046835002,0.011206429044858754,False
2025-03-05,Historical,0.99,2024-02-28,2025-03-04,-0.0018253515742528252,0.011635816921893909,0.014174028185700358,False
2025-03-05,Gaussian,0.99,2024-02-28,2025-03-04,-0.0018253515742528252,0.009738581158820678,0.011259144597812795,False
2025-03-06,Historical,0.99,2024-02-29,2025-03-05,0.007941537498318375,0.011635816921893909,0.014174028185700358,False
2025-03-06,Gaussian,0.99,2024-02-29,2025-03-05,0.007941537498318375,0.009725986813221255,0.011246328374780828,False
2025-03-07,Historical,0.99,2024-03-01,2025-03-06,-0.001109731050583675,0.011635816921893909,0.014174028185700358,False
2025-03-07,Gaussian,0.99,2024-03-01,2025-03-06,-0.001109731050583675,0.009841219831409868,0.011371817818850468,False
2025-03-10,Historical,0.99,2024-03-04,2025-03-07,0.009479748779737524,0.011635816921893909,0.014174028185700358,False
2025-03-10,Gaussian,0.99,2024-03-04,2025-03-07,0.009479748779737524,0.009792348510653099,0.011310885873958763,False
2025-03-11,Historical,0.99,2024-03-05,2025-03-10,0.0028833637756115506,0.011635816921893909,0.014174028185700358,False
2025-03-11,Gaussian,0.99,2024-03-05,2025-03-10,0.0028833637756115506,0.00994161758400953,0.011475316582675074,False
2025-03-12,Historical,0.99,2024-03-06,2025-03-11,-0.002893522993847675,0.011635816921893909,0.014174028185700358,False
2025-03-12,Gaussian,0.99,2024-03-06,2025-03-11,-0.002893522993847675,0.009968270595927455,0.011503770340183135,False
2025-03-13,Historical,0.99,2024-03-07,2025-03-12,-0.002019097924807775,0.011635816921893909,0.014174028185700358,False
2025-03-13,Gaussian,0.99,2024-03-07,2025-03-12,-0.002019097924807775,0.009961869701806972,0.01149519334630552,False
2025-03-14,Historical,0.99,2024-03-08,2025-03-13,-0.0071713188749193,0.011635816921893909,0.014174028185700358,False
2025-03-14,Gaussian,0.99,2024-03-08,2025-03-13,-0.0071713188749193,0.009956382059447677,0.01148725820333439,False
2025-03-17,Historical,0.99,2024-03-11,2025-03-14,-0.0045592314942764,0.011635816921893909,0.014174028185700358,False
2025-03-17,Gaussian,0.99,2024-03-11,2025-03-14,-0.0045592314942764,0.00997011113635106,0.011507399245838183,False
2025-03-18,Historical,0.99,2024-03-12,2025-03-17,-0.0012626086268383752,0.011635816921893909,0.014174028185700358,False
2025-03-18,Gaussian,0.99,2024-03-12,2025-03-17,-0.0012626086268383752,0.009968578585624673,0.011508198988480831,False
2025-03-19,Historical,0.99,2024-03-13,2025-03-18,-0.0045354357414537,0.011635816921893909,0.014174028185700358,False
2025-03-19,Gaussian,0.99,2024-03-13,2025-03-18,-0.0045354357414537,0.00996935619381194,0.011508891919346988,False
2025-03-20,Historical,0.99,2024-03-14,2025-03-19,0.0006327269712413,0.011635816921893909,0.014174028185700358,False
2025-03-20,Gaussian,0.99,2024-03-14,2025-03-19,0.0006327269712413,0.009972267836577682,0.011513994080638825,False
2025-03-21,Historical,0.99,2024-03-15,2025-03-20,0.0036025090672722245,0.011635816921893909,0.014174028185700358,False
2025-03-21,Gaussian,0.99,2024-03-15,2025-03-20,0.0036025090672722245,0.009930794572899287,0.011468759784242834,False
2025-03-24,Historical,0.99,2024-03-18,2025-03-21,-0.0015968772474395246,0.011635816921893909,0.014174028185700358,False
2025-03-24,Gaussian,0.99,2024-03-18,2025-03-21,-0.0015968772474395246,0.009933865977738918,0.011472134863500044,False
2025-03-25,Historical,0.99,2024-03-19,2025-03-24,-0.002663810875152425,0.011635816921893909,0.014174028185700358,False
2025-03-25,Gaussian,0.99,2024-03-19,2025-03-24,-0.002663810875152425,0.009933729820203884,0.011472017183760418,False
2025-03-26,Historical,0.99,2024-03-20,2025-03-25,0.0028324553151038,0.011635816921893909,0.014174028185700358,False
2025-03-26,Gaussian,0.99,2024-03-20,2025-03-25,0.0028324553151038,0.00993369053190856,0.011472152274402835,False
2025-03-27,Historical,0.99,2024-03-21,2025-03-26,-0.0016367268003940252,0.011635816921893909,0.014174028185700358,False
2025-03-27,Gaussian,0.99,2024-03-21,2025-03-26,-0.0016367268003940252,0.009952959146392996,0.011489220468363173,False
2025-03-28,Historical,0.99,2024-03-22,2025-03-27,0.0012747261895015003,0.011635816921893909,0.014174028185700358,False
2025-03-28,Gaussian,0.99,2024-03-22,2025-03-27,0.0012747261895015003,0.00994601761392607,0.01147915228529039,False
2025-03-31,Historical,0.99,2024-03-25,2025-03-28,-0.003514391438114,0.011635816921893909,0.014174028185700358,False
2025-03-31,Gaussian,0.99,2024-03-25,2025-03-28,-0.003514391438114,0.009956215339600586,0.011489860233088796,False
2025-04-01,Historical,0.99,2024-03-26,2025-03-31,-0.0028437442764812,0.011635816921893909,0.014174028185700358,False
2025-04-01,Gaussian,0.99,2024-03-26,2025-03-31,-0.0028437442764812,0.009944118172639207,0.011478657948035457,False
2025-04-02,Historical,0.99,2024-03-27,2025-04-01,-0.001197652307628375,0.011635816921893909,0.014174028185700358,False
2025-04-02,Gaussian,0.99,2024-03-27,2025-04-01,-0.001197652307628375,0.009941474628698214,0.01147676009948331,False
2025-04-03,Historical,0.99,2024-03-28,2025-04-02,0.014923589277575325,0.011635816921893909,0.014174028185700358,True
2025-04-03,Gaussian,0.99,2024-03-28,2025-04-02,0.014923589277575325,0.009937240051216245,0.011469720737351898,True
2025-04-04,Historical,0.99,2024-04-02,2025-04-03,0.03246543157345722,0.013519947576667295,0.014802497420141792,True
2025-04-04,Gaussian,0.99,2024-04-02,2025-04-03,0.03246543157345722,0.010245471589515885,0.011811873686563012,True
2025-04-07,Historical,0.99,2024-04-03,2025-04-04,0.019884591271907722,0.014462612720954206,0.020963367679735834,True
2025-04-07,Gaussian,0.99,2024-04-03,2025-04-04,0.019884591271907722,0.01142152086668602,0.013139947530956264,True
2025-04-08,Historical,0.99,2024-04-04,2025-04-07,-0.0029425047404237495,0.01521811066198113,0.022617035011179967,False
2025-04-08,Gaussian,0.99,2024-04-04,2025-04-07,-0.0029425047404237495,0.011877401476751485,0.013648997165943531,False
2025-04-09,Historical,0.99,2024-04-05,2025-04-08,-0.024945760211119473,0.01521811066198113,0.022617035011179967,False
2025-04-09,Gaussian,0.99,2024-04-05,2025-04-08,-0.024945760211119473,0.011855370060788026,0.013626897649613409,False
2025-04-10,Historical,0.99,2024-04-08,2025-04-09,-0.0035064821307247244,0.01521811066198113,0.022617035011179967,False
2025-04-10,Gaussian,0.99,2024-04-08,2025-04-09,-0.0035064821307247244,0.012290327185696259,0.014137782605386425,False
2025-04-11,Historical,0.99,2024-04-09,2025-04-10,-0.009493815135667525,0.01521811066198113,0.022617035011179967,False
2025-04-11,Gaussian,0.99,2024-04-09,2025-04-10,-0.009493815135667525,0.012290280928520822,0.014138653679211579,False
2025-04-14,Historical,0.99,2024-04-10,2025-04-11,-0.0079042732903153,0.01521811066198113,0.022617035011179967,False
2025-04-14,Gaussian,0.99,2024-04-10,2025-04-11,-0.0079042732903153,0.012329000107707908,0.014187112803086497,False
2025-04-15,Historical,0.99,2024-04-11,2025-04-14,-0.0051470628118711,0.01521811066198113,0.022617035011179967,False
2025-04-15,Gaussian,0.99,2024-04-11,2025-04-14,-0.0051470628118711,0.012265514031644182,0.014123191998482762,False
2025-04-16,Historical,0.99,2024-04-12,2025-04-15,-0.00442041835112625,0.01521811066198113,0.022617035011179967,False
2025-04-16,Gaussian,0.99,2024-04-12,2025-04-15,-0.00442041835112625,0.012265334614126638,0.014122960177155815,False
2025-04-17,Historical,0.99,2024-04-15,2025-04-16,0.0014738282126560563,0.01521811066198113,0.022617035011179967,False
2025-04-17,Gaussian,0.99,2024-04-15,2025-04-16,0.0014738282126560563,0.012231437816316582,0.014088827431308864,False
2025-04-22,Historical,0.99,2024-04-16,2025-04-17,-0.004750887269285801,0.01521811066198113,0.022617035011179967,False
2025-04-22,Gaussian,0.99,2024-04-16,2025-04-17,-0.004750887269285801,0.012235627520365439,0.01409327242415525,False
2025-04-23,Historical,0.99,2024-04-17,2025-04-22,-0.0006751690894112746,0.01521811066198113,0.022617035011179967,False
2025-04-23,Gaussian,0.99,2024-04-17,2025-04-22,-0.0006751690894112746,0.01217512716157975,0.014030074176270594,False
2025-04-24,Historical,0.99,2024-04-18,2025-04-23,-0.010180329126699798,0.01521811066198113,0.022617035011179967,False
2025-04-24,Gaussian,0.99,2024-04-18,2025-04-23,-0.010180329126699798,0.012167540994672859,0.014022252847103872,False
2025-04-25,Historical,0.99,2024-04-19,2025-04-24,-0.00031660080086352523,0.01521811066198113,0.022617035011179967,False
2025-04-25,Gaussian,0.99,2024-04-19,2025-04-24,-0.00031660080086352523,0.012206553157059164,0.014072670353327267,False
2025-04-28,Historical,0.99,2024-04-22,2025-04-25,-0.0047779080647673,0.01521811066198113,0.022617035011179967,False
2025-04-28,Gaussian,0.99,2024-04-22,2025-04-25,-0.0047779080647673,0.01220242136043458,0.01406840242251437,False
2025-04-29,Historical,0.99,2024-04-23,2025-04-28,-0.0012511316066615502,0.01521811066198113,0.022617035011179967,False
2025-04-29,Gaussian,0.99,2024-04-23,2025-04-28,-0.0012511316066615502,0.01219809896741094,0.014066183481487644,False
2025-04-30,Historical,0.99,2024-04-24,2025-04-29,0.00018207215434419988,0.01521811066198113,0.022617035011179967,False
2025-04-30,Gaussian,0.99,2024-04-24,2025-04-29,0.00018207215434419988,0.012200520312177122,0.014067731926602108,False
2025-05-01,Historical,0.99,2024-04-25,2025-04-30,0.004651122752866675,0.01521811066198113,0.022617035011179967,False
2025-05-01,Gaussian,0.99,2024-04-25,2025-04-30,0.004651122752866675,0.01219339216386162,0.01406022290378135,False
2025-05-02,Historical,0.99,2024-04-26,2025-05-01,-0.005371015901891975,0.01521811066198113,0.022617035011179967,False
2025-05-02,Gaussian,0.99,2024-04-26,2025-05-01,-0.005371015901891975,0.01223781795883927,0.014108067061405992,False
2025-05-06,Historical,0.99,2024-04-29,2025-05-02,-0.01138962754835715,0.01521811066198113,0.022617035011179967,False
2025-05-06,Gaussian,0.99,2024-04-29,2025-05-02,-0.01138962754835715,0.012235262830491889,0.014104812698488872,False
2025-05-07,Historical,0.99,2024-04-30,2025-05-06,0.0031100654049470255,0.01521811066198113,0.022617035011179967,False
2025-05-07,Gaussian,0.99,2024-04-30,2025-05-06,0.0031100654049470255,0.01229294914832055,0.01417665306382881,False
2025-05-08,Historical,0.99,2024-05-01,2025-05-07,0.006229638352548825,0.01521811066198113,0.022617035011179967,False
2025-05-08,Gaussian,0.99,2024-05-01,2025-05-07,0.006229638352548825,0.012177744115788546,0.014048783861033358,False
2025-05-09,Historical,0.99,2024-05-02,2025-05-08,-0.0025012202754382995,0.01521811066198113,0.022617035011179967,False
2025-05-09,Gaussian,0.99,2024-05-02,2025-05-08,-0.0025012202754382995,0.012248516122254034,0.014125248196848567,False
2025-05-12,Historical,0.99,2024-05-03,2025-05-09,-0.0009692675832384994,0.01521811066198113,0.022617035011179967,False
2025-05-12,Gaussian,0.99,2024-05-03,2025-05-09,-0.0009692675832384994,0.012247404095365627,0.014122952372170268,False
2025-05-13,Historical,0.99,2024-05-07,2025-05-12,-0.0026291588998704502,0.01521811066198113,0.022617035011179967,False
2025-05-13,Gaussian,0.99,2024-05-07,2025-05-12,-0.0026291588998704502,0.012245120046944636,0.014117643451314527,False
2025-05-14,Historical,0.99,2024-05-08,2025-05-13,0.006457622586729449,0.01521811066198113,0.022617035011179967,False
2025-05-14,Gaussian,0.99,2024-05-08,2025-05-13,0.006457622586729449,0.012221033017830568,0.014086741670808626,False
2025-05-15,Historical,0.99,2024-05-09,2025-05-14,-0.0080791742620923,0.01521811066198113,0.022617035011179967,False
2025-05-15,Gaussian,0.99,2024-05-09,2025-05-14,-0.0080791742620923,0.012287327645633712,0.014159060094845927,False
2025-05-16,Historical,0.99,2024-05-10,2025-05-15,-0.00028034030502090005,0.01521811066198113,0.022617035011179967,False
2025-05-16,Gaussian,0.99,2024-05-10,2025-05-15,-0.00028034030502090005,0.012297135444264026,0.014171047085433378,False
2025-05-19,Historical,0.99,2024-05-13,2025-05-16,-0.003729320750017875,0.01521811066198113,0.022617035011179967,False
2025-05-19,Gaussian,0.99,2024-05-13,2025-05-16,-0.003729320750017875,0.012303001450139557,0.01417606922583918,False
2025-05-20,Historical,0.99,2024-05-14,2025-05-19,-0.005716845669692876,0.01521811066198113,0.022617035011179967,False
2025-05-20,Gaussian,0.99,2024-05-14,2025-05-19,-0.005716845669692876,0.012272529735130707,0.014145150145829396,False
2025-05-21,Historical,0.99,2024-05-15,2025-05-20,0.003767793425994075,0.01521811066198113,0.022617035011179967,False
2025-05-21,Gaussian,0.99,2024-05-15,2025-05-20,0.003767793425994075,0.012277109536662445,0.014151139276601618,False
2025-05-22,Historical,0.99,2024-05-16,2025-05-21,0.0027301662973445748,0.01521811066198113,0.022617035011179967,False
2025-05-22,Gaussian,0.99,2024-05-16,2025-05-21,0.0027301662973445748,0.012288316510112914,0.014156802906537537,False
2025-05-23,Historical,0.99,2024-05-17,2025-05-22,-0.00391209174086865,0.01521811066198113,0.022617035011179967,False
2025-05-23,Gaussian,0.99,2024-05-17,2025-05-22,-0.00391209174086865,0.012293265813066707,0.014162155372244245,False
2025-05-27,Historical,0.99,2024-05-20,2025-05-23,-0.0036407063446673247,0.01521811066198113,0.022617035011179967,False
2025-05-27,Gaussian,0.99,2024-05-20,2025-05-23,-0.0036407063446673247,0.012294101209125972,0.014163588945055462,False
2025-05-28,Historical,0.99,2024-05-21,2025-05-27,0.004133446069198075,0.01521811066198113,0.022617035011179967,False
2025-05-28,Gaussian,0.99,2024-05-21,2025-05-27,0.004133446069198075,0.012291392026454085,0.014162038334679985,False
2025-05-29,Historical,0.99,2024-05-22,2025-05-28,-0.0032501378917996256,0.01521811066198113,0.022617035011179967,False
2025-05-29,Gaussian,0.99,2024-05-22,2025-05-28,-0.0032501378917996256,0.012329088612498726,0.014202424319350631,False
2025-05-30,Historical,0.99,2024-05-23,2025-05-29,-0.0006811274196583195,0.01521811066198113,0.022617035011179967,False
2025-05-30,Gaussian,0.99,2024-05-23,2025-05-29,-0.0006811274196583195,0.012246579357240613,0.014113847852392608,False
2025-06-02,Historical,0.99,2024-05-24,2025-05-30,-0.006876227972667475,0.01521811066198113,0.022617035011179967,False
2025-06-02,Gaussian,0.99,2024-05-24,2025-05-30,-0.006876227972667475,0.012136730863570812,0.0139934331307376,False
2025-06-03,Historical,0.99,2024-05-28,2025-06-02,0.0006414851984486753,0.01521811066198113,0.022617035011179967,False
2025-06-03,Gaussian,0.99,2024-05-28,2025-06-02,0.0006414851984486753,0.012148266755950939,0.014009689898277139,False
2025-06-04,Historical,0.99,2024-05-29,2025-06-03,-0.003873783790483311,0.01521811066198113,0.022617035011179967,False
2025-06-04,Gaussian,0.99,2024-05-29,2025-06-03,-0.003873783790483311,0.012148430829374385,0.014009862303383016,False
2025-06-05,Historical,0.99,2024-05-30,2025-06-04,0.003046700287051325,0.01521811066198113,0.022617035011179967,False
2025-06-05,Gaussian,0.99,2024-05-30,2025-06-04,0.003046700287051325,0.012054431130223458,0.013908820041389465,False
2025-06-06,Historical,0.99,2024-05-31,2025-06-05,0.0020097228251963247,0.01521811066198113,0.022617035011179967,False
2025-06-06,Gaussian,0.99,2024-05-31,2025-06-05,0.0020097228251963247,0.012084268098582299,0.013940238600451755,False
2025-06-09,Historical,0.99,2024-06-03,2025-06-06,-0.0017056848702550753,0.01521811066198113,0.022617035011179967,False
2025-06-09,Gaussian,0.99,2024-06-03,2025-06-06,-0.0017056848702550753,0.012105601986871878,0.013961731816424386,False
2025-06-10,Historical,0.99,2024-06-04,2025-06-09,-0.0024597909142073,0.01521811066198113,0.022617035011179967,False
2025-06-10,Gaussian,0.99,2024-06-04,2025-06-09,-0.0024597909142073,0.012106451632514408,0.013961505270658486,False
2025-06-11,Historical,0.99,2024-06-05,2025-06-10,-0.0020252729779843505,0.01521811066198113,0.022617035011179967,False
2025-06-11,Gaussian,0.99,2024-06-05,2025-06-10,-0.0020252729779843505,0.012090074976365854,0.013945010354024647,False
2025-06-12,Historical,0.99,2024-06-06,2025-06-11,-0.0057265675019568,0.01521811066198113,0.022617035011179967,False
2025-06-12,Gaussian,0.99,2024-06-06,2025-06-11,-0.0057265675019568,0.012074949769755929,0.013924616389250792,False
2025-06-13,Historical,0.99,2024-06-07,2025-06-12,0.001438650900624425,0.01521811066198113,0.022617035011179967,False
2025-06-13,Gaussian,0.99,2024-06-07,2025-06-12,0.001438650900624425,0.012081448536187532,0.013933736410090863,False
2025-06-16,Historical,0.99,2024-06-10,2025-06-13,0.001237599038686375,0.01521811066198113,0.022617035011179967,False
2025-06-16,Gaussian,0.99,2024-06-10,2025-06-13,0.001237599038686375,0.011877522643294895,0.013706864310173785,False
2025-06-17,Historical,0.99,2024-06-11,2025-06-16,0.0018971504650608254,0.01521811066198113,0.022617035011179967,False
2025-06-17,Gaussian,0.99,2024-06-11,2025-06-16,0.0018971504650608254,0.011891914105347116,0.013721531557806784,False
2025-06-18,Historical,0.99,2024-06-12,2025-06-17,0.00099613127884895,0.01521811066198113,0.022617035011179967,False
2025-06-18,Gaussian,0.99,2024-06-12,2025-06-17,0.00099613127884895,0.011906079496171734,0.01373650308722631,False
2025-06-20,Historical,0.99,2024-06-13,2025-06-18,0.0024356458307453997,0.01521811066198113,0.022617035011179967,False
2025-06-20,Gaussian,0.99,2024-06-13,2025-06-18,0.0024356458307453997,0.01191013145490241,0.013736915771305674,False
2025-06-23,Historical,0.99,2024-06-14,2025-06-20,-0.00356372055206255,0.01521811066198113,0.022617035011179967,False
2025-06-23,Gaussian,0.99,2024-06-14,2025-06-20,-0.00356372055206255,0.011919034888643685,0.013746497846220899,False
2025-06-24,Historical,0.99,2024-06-17,2025-06-23,0.0002518355177958745,0.01521811066198113,0.022617035011179967,False
2025-06-24,Gaussian,0.99,2024-06-17,2025-06-23,0.0002518355177958745,0.011919311047183533,0.013747020516642644,False
2025-06-25,Historical,0.99,2024-06-18,2025-06-24,0.00028390568348867927,0.01521811066198113,0.022617035011179967,False
2025-06-25,Gaussian,0.99,2024-06-18,2025-06-24,0.00028390568348867927,0.011916730836799408,0.013744319087924258,False
2025-06-26,Historical,0.99,2024-06-20,2025-06-25,-0.003101927280507475,0.01521811066198113,0.022617035011179967,False
2025-06-26,Gaussian,0.99,2024-06-20,2025-06-25,-0.003101927280507475,0.011924211915668887,0.01375026080441324,False
2025-06-27,Historical,0.99,2024-06-21,2025-06-26,0.0020681199113158494,0.01521811066198113,0.022617035011179967,False
2025-06-27,Gaussian,0.99,2024-06-21,2025-06-26,0.0020681199113158494,0.01192249945547561,0.01374758137457209,False
2025-06-30,Historical,0.99,2024-06-24,2025-06-27,-0.004206280200790725,0.01521811066198113,0.022617035011179967,False
2025-06-30,Gaussian,0.99,2024-06-24,2025-06-27,-0.004206280200790725,0.011885991024328914,0.013707616187884688,False
2025-07-01,Historical,0.99,2024-06-25,2025-06-30,-0.0021810180238423745,0.01521811066198113,0.022617035011179967,False
2025-07-01,Gaussian,0.99,2024-06-25,2025-06-30,-0.0021810180238423745,0.01188624470100139,0.013709327871564963,False
2025-07-02,Historical,0.99,2024-06-26,2025-07-01,-0.001741842907252975,0.01521811066198113,0.022617035011179967,False
2025-07-02,Gaussian,0.99,2024-06-26,2025-07-01,-0.001741842907252975,0.011872816658115352,0.013695835577935153,False
2025-07-03,Historical,0.99,2024-06-27,2025-07-02,-0.0008932096839693998,0.01521811066198113,0.022617035011179967,False
2025-07-03,Gaussian,0.99,2024-06-27,2025-07-02,-0.0008932096839693998,0.011830791891194082,0.013651095269361906,False
2025-07-07,Historical,0.99,2024-06-28,2025-07-03,0.003043043553761525,0.01521811066198113,0.022617035011179967,False
2025-07-07,Gaussian,0.99,2024-06-28,2025-07-03,0.003043043553761525,0.011834054868689145,0.013654052326100261,False
2025-07-08,Historical,0.99,2024-07-01,2025-07-07,0.0018062115177496746,0.01521811066198113,0.022617035011179967,False
2025-07-08,Gaussian,0.99,2024-07-01,2025-07-07,0.0018062115177496746,0.011836520212157522,0.013656736387033061,False
2025-07-09,Historical,0.99,2024-07-02,2025-07-08,-0.004293518781372025,0.01521811066198113,0.022617035011179967,False
2025-07-09,Gaussian,0.99,2024-07-02,2025-07-08,-0.004293518781372025,0.011846105262845118,0.013666932277223967,False
2025-07-10,Historical,0.99,2024-07-03,2025-07-09,-0.004175878571491575,0.01521811066198113,0.022617035011179967,False
2025-07-10,Gaussian,0.99,2024-07-03,2025-07-09,-0.004175878571491575,0.011844586087433348,0.01366706097120688,False
2025-07-11,Historical,0.99,2024-07-05,2025-07-10,0.0005485237236170753,0.01521811066198113,0.022617035011179967,False
2025-07-11,Gaussian,0.99,2024-07-05,2025-07-10,0.0005485237236170753,0.011829558989027577,0.013648029447044081,False
2025-07-14,Historical,0.99,2024-07-08,2025-07-11,-0.0009257393956455501,0.01521811066198113,0.022617035011179967,False
2025-07-14,Gaussian,0.99,2024-07-08,2025-07-11,-0.0009257393956455501,0.011824805300533883,0.013638111833459934,False
2025-07-15,Historical,0.99,2024-07-09,2025-07-14,0.0046705577098051995,0.01521811066198113,0.022617035011179967,False
2025-07-15,Gaussian,0.99,2024-07-09,2025-07-14,0.0046705577098051995,0.01179678727365333,0.013608348654380568,False
2025-07-16,Historical,0.99,2024-07-10,2025-07-15,-0.00241033712191995,0.01521811066198113,0.022617035011179967,False
2025-07-16,Gaussian,0.99,2024-07-10,2025-07-15,-0.00241033712191995,0.01183101248037021,0.013645638711991724,False
2025-07-17,Historical,0.99,2024-07-11,2025-07-16,-0.0020086851921470254,0.01521811066198113,0.022617035011179967,False
2025-07-17,Gaussian,0.99,2024-07-11,2025-07-16,-0.0020086851921470254,0.011826018645980953,0.013638201358262145,False
2025-07-18,Historical,0.99,2024-07-12,2025-07-17,-0.0018613869951256603,0.01521811066198113,0.022617035011179967,False
2025-07-18,Gaussian,0.99,2024-07-12,2025-07-17,-0.0018613869951256603,0.01182372654442898,0.01363398099338102,False
2025-07-21,Historical,0.99,2024-07-15,2025-07-18,-0.005647345781673749,0.01521811066198113,0.022617035011179967,False
2025-07-21,Gaussian,0.99,2024-07-15,2025-07-18,-0.005647345781673749,0.011824600366918658,0.013634522600991888,False
2025-07-22,Historical,0.99,2024-07-16,2025-07-21,-0.003542744726944325,0.01521811066198113,0.022617035011179967,False
2025-07-22,Gaussian,0.99,2024-07-16,2025-07-21,-0.003542744726944325,0.011815043384919285,0.013627676175939995,False
2025-07-23,Historical,0.99,2024-07-17,2025-07-22,0.0009976015883124247,0.01521811066198113,0.022617035011179967,False
2025-07-23,Gaussian,0.99,2024-07-17,2025-07-22,0.0009976015883124247,0.01179977876325052,0.01360809487132128,False
2025-07-24,Historical,0.99,2024-07-18,2025-07-23,-0.000396826122623525,0.01521811066198113,0.022617035011179967,False
2025-07-24,Gaussian,0.99,2024-07-18,2025-07-23,-0.000396826122623525,0.011774446010343595,0.013580670160235394,False
2025-07-25,Historical,0.99,2024-07-19,2025-07-24,0.0012321974349132246,0.01521811066198113,0.022617035011179967,False
2025-07-25,Gaussian,0.99,2024-07-19,2025-07-24,0.0012321974349132246,0.01174131800338256,0.01354511962976082,False
2025-07-28,Historical,0.99,2024-07-22,2025-07-25,0.0031946031510102,0.01521811066198113,0.022617035011179967,False
2025-07-28,Gaussian,0.99,2024-07-22,2025-07-25,0.0031946031510102,0.01164040211937828,0.013433772969085723,False
2025-07-29,Historical,0.99,2024-07-23,2025-07-28,-0.00309872717000535,0.01521811066198113,0.022617035011179967,False
2025-07-29,Gaussian,0.99,2024-07-23,2025-07-28,-0.00309872717000535,0.011672660085637923,0.013466619229805988,False
2025-07-30,Historical,0.99,2024-07-24,2025-07-29,0.005481345760390266,0.01521811066198113,0.022617035011179967,False
2025-07-30,Gaussian,0.99,2024-07-24,2025-07-29,0.005481345760390266,0.01166365875149061,0.013458276881089196,False
2025-07-31,Historical,0.99,2024-07-25,2025-07-30,-0.0008363843356658249,0.01521811066198113,0.022617035011179967,False
2025-07-31,Gaussian,0.99,2024-07-25,2025-07-30,-0.0008363843356658249,0.011627532056041147,0.013418144334553895,False
2025-08-01,Historical,0.99,2024-07-26,2025-07-31,-0.0021976630507108998,0.01521811066198113,0.022617035011179967,False
2025-08-01,Gaussian,0.99,2024-07-26,2025-07-31,-0.0021976630507108998,0.011593210723497064,0.013381430529108115,False
2025-08-04,Historical,0.99,2024-07-29,2025-08-01,-0.0071255288433485255,0.01521811066198113,0.022617035011179967,False
2025-08-04,Gaussian,0.99,2024-07-29,2025-08-01,-0.0071255288433485255,0.011553738505260758,0.013331878989617357,False
2025-08-05,Historical,0.99,2024-07-30,2025-08-04,0.0008017215492251249,0.01521811066198113,0.022617035011179967,False
2025-08-05,Gaussian,0.99,2024-07-30,2025-08-04,0.0008017215492251249,0.011564186635121565,0.013347723898900526,False
2025-08-06,Historical,0.99,2024-07-31,2025-08-05,-0.0016980650740462,0.01521811066198113,0.022617035011179967,False
2025-08-06,Gaussian,0.99,2024-07-31,2025-08-05,-0.0016980650740462,0.01157400586955996,0.013357784378346114,False
2025-08-07,Historical,0.99,2024-08-01,2025-08-06,5.0520574345500275e-06,0.01521811066198113,0.022617035011179967,False
2025-08-07,Gaussian,0.99,2024-08-01,2025-08-06,5.0520574345500275e-06,0.011481526366726745,0.013245167771213498,False
2025-08-08,Historical,0.99,2024-08-02,2025-08-07,-0.00117862617300675,0.01521811066198113,0.022617035011179967,False
2025-08-08,Gaussian,0.99,2024-08-02,2025-08-07,-0.00117862617300675,0.011422334584625412,0.013180697707589542,False
2025-08-11,Historical,0.99,2024-08-05,2025-08-08,0.00320656407858715,0.01521811066198113,0.022617035011179967,False
2025-08-11,Gaussian,0.99,2024-08-05,2025-08-08,0.00320656407858715,0.011376134888895374,0.013131065262866585,False
2025-08-12,Historical,0.99,2024-08-06,2025-08-11,-0.00305271625627825,0.014462612720954206,0.022424537374313422,False
2025-08-12,Gaussian,0.99,2024-08-06,2025-08-11,-0.00305271625627825,0.011101949121234255,0.012824103857296161,False
2025-08-13,Historical,0.99,2024-08-07,2025-08-12,-0.00293645200681315,0.014462612720954206,0.022424537374313422,False
2025-08-13,Gaussian,0.99,2024-08-07,2025-08-12,-0.00293645200681315,0.01108753022225489,0.012809980073390445,False
2025-08-14,Historical,0.99,2024-08-08,2025-08-13,0.0019911629239014505,0.014462612720954206,0.022424537374313422,False
2025-08-14,Gaussian,0.99,2024-08-08,2025-08-13,0.0019911629239014505,0.011085303557396583,0.012808347488957,False
2025-08-15,Historical,0.99,2024-08-09,2025-08-14,0.002118953527448725,0.014462612720954206,0.022424537374313422,False
2025-08-15,Gaussian,0.99,2024-08-09,2025-08-14,0.002118953527448725,0.011080787123802269,0.012797199440987627,False
2025-08-18,Historical,0.99,2024-08-12,2025-08-15,0.0001374860942859,0.014462612720954206,0.022424537374313422,False
2025-08-18,Gaussian,0.99,2024-08-12,2025-08-15,0.0001374860942859,0.011103266640196889,0.012819677396009145,False
2025-08-19,Historical,0.99,2024-08-13,2025-08-18,0.0013422823100711,0.014462612720954206,0.022424537374313422,False
2025-08-19,Gaussian,0.99,2024-08-13,2025-08-18,0.0013422823100711,0.011100401589212092,0.01281265185409117,False
2025-08-20,Historical,0.99,2024-08-14,2025-08-19,-0.0049802083156164495,0.014462612720954206,0.022424537374313422,False
2025-08-20,Gaussian,0.99,2024-08-14,2025-08-19,-0.0049802083156164495,0.01110854041139579,0.01281787524794443,False
2025-08-21,Historical,0.99,2024-08-15,2025-08-20,0.0020333955711412752,0.014462612720954206,0.022424537374313422,False
2025-08-21,Gaussian,0.99,2024-08-15,2025-08-20,0.0020333955711412752,0.0111086691824046,0.012820549223219664,False
2025-08-22,Historical,0.99,2024-08-16,2025-08-21,-0.00819208052351545,0.014462612720954206,0.022424537374313422,False
2025-08-22,Gaussian,0.99,2024-08-16,2025-08-21,-0.00819208052351545,0.011124579163056718,0.012834529852239342,False
2025-08-26,Historical,0.99,2024-08-19,2025-08-22,0.0001646655633295999,0.014462612720954206,0.022424537374313422,False
2025-08-26,Gaussian,0.99,2024-08-19,2025-08-22,0.0001646655633295999,0.01114477136555692,0.012859228129299311,False
2025-08-27,Historical,0.99,2024-08-20,2025-08-26,-0.0012941282446415,0.014462612720954206,0.022424537374313422,False
2025-08-27,Gaussian,0.99,2024-08-20,2025-08-26,-0.0012941282446415,0.011151975804679309,0.012865215970206121,False
2025-08-28,Historical,0.99,2024-08-21,2025-08-27,-0.002171473673261275,0.014462612720954206,0.022424537374313422,False
2025-08-28,Gaussian,0.99,2024-08-21,2025-08-27,-0.002171473673261275,0.011140278943946636,0.01285319653085516,False
2025-08-29,Historical,0.99,2024-08-22,2025-08-28,0.00019511637519885002,0.014462612720954206,0.022424537374313422,False
2025-08-29,Gaussian,0.99,2024-08-22,2025-08-28,0.00019511637519885002,0.011139204197840294,0.012852330800862337,False
2025-09-02,Historical,0.99,2024-08-23,2025-08-29,-0.0015129023687928751,0.014462612720954206,0.022424537374313422,False
2025-09-02,Gaussian,0.99,2024-08-23,2025-08-29,-0.0015129023687928751,0.011071946508546033,0.012778797328710633,False
2025-09-03,Historical,0.99,2024-08-27,2025-09-02,-0.0057774024231847,0.014462612720954206,0.022424537374313422,False
2025-09-03,Gaussian,0.99,2024-08-27,2025-09-02,-0.0057774024231847,0.011047032445531525,0.012746407117188194,False
2025-09-04,Historical,0.99,2024-08-28,2025-09-03,-0.0031627047986945,0.014462612720954206,0.022424537374313422,False
2025-09-04,Gaussian,0.99,2024-08-28,2025-09-03,-0.0031627047986945,0.011053110792781312,0.012756033534143407,False
2025-09-05,Historical,0.99,2024-08-29,2025-09-04,-0.0035292248167060245,0.014462612720954206,0.022424537374313422,False
2025-09-05,Gaussian,0.99,2024-08-29,2025-09-04,-0.0035292248167060245,0.011017161071163508,0.012718686516114816,False
2025-09-08,Historical,0.99,2024-08-30,2025-09-05,-0.004506844961794449,0.014462612720954206,0.022424537374313422,False
2025-09-08,Gaussian,0.99,2024-08-30,2025-09-05,-0.004506844961794449,0.011016880777241726,0.01271930376653471,False
2025-09-09,Historical,0.99,2024-09-03,2025-09-08,-8.43198738508e-05,0.014462612720954206,0.022424537374313422,False
2025-09-09,Gaussian,0.99,2024-09-03,2025-09-08,-8.43198738508e-05,0.011010829537735673,0.012715125421583614,False
2025-09-10,Historical,0.99,2024-09-04,2025-09-09,-0.0018525184190688751,0.014462612720954206,0.022424537374313422,False
2025-09-10,Gaussian,0.99,2024-09-04,2025-09-09,-0.0018525184190688751,0.010926648999309034,0.012622840540969944,False
2025-09-11,Historical,0.99,2024-09-05,2025-09-10,-0.004091330307211601,0.014462612720954206,0.022424537374313422,False
2025-09-11,Gaussian,0.99,2024-09-05,2025-09-10,-0.004091330307211601,0.010921675118739772,0.012618021382643946,False
2025-09-12,Historical,0.99,2024-09-06,2025-09-11,0.0007320119254244,0.014462612720954206,0.022424537374313422,False
2025-09-12,Gaussian,0.99,2024-09-06,2025-09-11,0.0007320119254244,0.010920027473012014,0.012617893023842048,False
2025-09-15,Historical,0.99,2024-09-09,2025-09-12,-0.004020658188670425,0.014462612720954206,0.022424537374313422,False
2025-09-15,Gaussian,0.99,2024-09-09,2025-09-12,-0.004020658188670425,0.010828732189919386,0.012517321616884645,False
2025-09-16,Historical,0.99,2024-09-10,2025-09-15,0.0018568608903178753,0.014462612720954206,0.022424537374313422,False
2025-09-16,Gaussian,0.99,2024-09-10,2025-09-15,0.0018568608903178753,0.010813829007768162,0.012498493522955033,False
2025-09-17,Historical,0.99,2024-09-11,2025-09-16,0.0023661918388254498,0.014462612720954206,0.022424537374313422,False
2025-09-17,Gaussian,0.99,2024-09-11,2025-09-16,0.0023661918388254498,0.010832605034652533,0.012518149782660672,False
2025-09-18,Historical,0.99,2024-09-12,2025-09-17,9.431325677677492e-05,0.014462612720954206,0.022424537374313422,False
2025-09-18,Gaussian,0.99,2024-09-12,2025-09-17,9.431325677677492e-05,0.010857040968381883,0.01254376252776413,False
2025-09-19,Historical,0.99,2024-09-13,2025-09-18,-0.003460900271646325,0.014462612720954206,0.022424537374313422,False
2025-09-19,Gaussian,0.99,2024-09-13,2025-09-18,-0.003460900271646325,0.010846381997314627,0.012527243664854231,False
2025-09-22,Historical,0.99,2024-09-16,2025-09-19,-0.00528640350336865,0.014462612720954206,0.022424537374313422,False
2025-09-22,Gaussian,0.99,2024-09-16,2025-09-19,-0.00528640350336865,0.010840978029531333,0.012519985081456745,False
2025-09-23,Historical,0.99,2024-09-17,2025-09-22,-0.0002536474880178753,0.014462612720954206,0.022424537374313422,False
2025-09-23,Gaussian,0.99,2024-09-17,2025-09-22,-0.0002536474880178753,0.01084397937627629,0.012525856608603477,False
2025-09-24,Historical,0.99,2024-09-18,2025-09-23,0.0029147775813861752,0.014462612720954206,0.022424537374313422,False
2025-09-24,Gaussian,0.99,2024-09-18,2025-09-23,0.0029147775813861752,0.010837693476030818,0.012519280239189037,False
2025-09-25,Historical,0.99,2024-09-19,2025-09-24,0.0017388629314568998,0.014462612720954206,0.022424537374313422,False
2025-09-25,Gaussian,0.99,2024-09-19,2025-09-24,0.0017388629314568998,0.010804502061745087,0.012482718763570162,False
2025-09-26,Historical,0.99,2024-09-20,2025-09-25,-0.00470967177607825,0.014462612720954206,0.022424537374313422,False
2025-09-26,Gaussian,0.99,2024-09-20,2025-09-25,-0.00470967177607825,0.010772325743638025,0.012438900341310946,False
2025-09-29,Historical,0.99,2024-09-23,2025-09-26,-0.005914411905510026,0.014462612720954206,0.022424537374313422,False
2025-09-29,Gaussian,0.99,2024-09-23,2025-09-26,-0.005914411905510026,0.010766525324703236,0.012435200965212213,False
2025-09-30,Historical,0.99,2024-09-24,2025-09-29,-0.004414313037314675,0.014462612720954206,0.022424537374313422,False
2025-09-30,Gaussian,0.99,2024-09-24,2025-09-29,-0.004414313037314675,0.010774954537447657,0.012447175378646733,False
2025-10-01,Historical,0.99,2024-09-25,2025-09-30,-0.004652872914784025,0.014462612720954206,0.022424537374313422,False
2025-10-01,Gaussian,0.99,2024-09-25,2025-09-30,-0.004652872914784025,0.010772438995188465,0.012443894583221395,False
2025-10-02,Historical,0.99,2024-09-26,2025-10-01,0.0009519425774785752,0.014462612720954206,0.022424537374313422,False
2025-10-02,Gaussian,0.99,2024-09-26,2025-10-01,0.0009519425774785752,0.01075115356371678,0.012423531749023562,False
2025-10-03,Historical,0.99,2024-09-27,2025-10-02,-0.003219369753127553,0.014462612720954206,0.022424537374313422,False
2025-10-03,Gaussian,0.99,2024-09-27,2025-10-02,-0.003219369753127553,0.010764677261844675,0.01243696000383681,False
2025-10-06,Historical,0.99,2024-09-30,2025-10-03,-0.004575587680945301,0.014462612720954206,0.022424537374313422,False
2025-10-06,Gaussian,0.99,2024-09-30,2025-10-03,-0.004575587680945301,0.010755984325868443,0.012429004230564835,False
2025-10-07,Historical,0.99,2024-10-01,2025-10-06,-0.001079900351564825,0.014462612720954206,0.022424537374313422,False
2025-10-07,Gaussian,0.99,2024-10-01,2025-10-06,-0.001079900351564825,0.010712331845998813,0.012384073998169803,False
2025-10-08,Historical,0.99,2024-10-02,2025-10-07,-0.007352945949606775,0.014462612720954206,0.022424537374313422,False
2025-10-08,Gaussian,0.99,2024-10-02,2025-10-07,-0.007352945949606775,0.010715172023763672,0.012386554970597813,False
2025-10-09,Historical,0.99,2024-10-03,2025-10-08,0.006517818511141175,0.014462612720954206,0.022424537374313422,False
2025-10-09,Gaussian,0.99,2024-10-03,2025-10-08,0.006517818511141175,0.010724991947916438,0.012402205223695983,False
2025-10-10,Historical,0.99,2024-10-04,2025-10-09,0.004849144295492901,0.014462612720954206,0.022424537374313422,False
2025-10-10,Gaussian,0.99,2024-10-04,2025-10-09,0.004849144295492901,0.010784806257231145,0.012468171859318575,False
2025-10-13,Historical,0.99,2024-10-07,2025-10-10,-0.010512286509182624,0.014462612720954206,0.022424537374313422,False
2025-10-13,Gaussian,0.99,2024-10-07,2025-10-10,-0.010512286509182624,0.01082880005716879,0.012516171791417476,False
2025-10-14,Historical,0.99,2024-10-08,2025-10-13,-0.0023009062812102254,0.014462612720954206,0.022424537374313422,False
2025-10-14,Gaussian,0.99,2024-10-08,2025-10-13,-0.0023009062812102254,0.010844646755515039,0.01254246556201265,False
2025-10-15,Historical,0.99,2024-10-09,2025-10-14,-0.00431617932220225,0.014462612720954206,0.022424537374313422,False
2025-10-15,Gaussian,0.99,2024-10-09,2025-10-14,-0.00431617932220225,0.010816018201492954,0.012512530979866113,False
2025-10-16,Historical,0.99,2024-10-10,2025-10-15,-0.005731553651038225,0.014462612720954206,0.022424537374313422,False
2025-10-16,Gaussian,0.99,2024-10-10,2025-10-15,-0.005731553651038225,0.010814384531948931,0.01251253208841418,False
2025-10-17,Historical,0.99,2024-10-11,2025-10-16,0.0059558817246117,0.014462612720954206,0.022424537374313422,False
2025-10-17,Gaussian,0.99,2024-10-11,2025-10-16,0.0059558817246117,0.010818004208285404,0.012519371715530539,False
2025-10-20,Historical,0.99,2024-10-14,2025-10-17,-0.013411783965966775,0.014462612720954206,0.022424537374313422,False
2025-10-20,Gaussian,0.99,2024-10-14,2025-10-17,-0.013411783965966775,0.010889366259989937,0.012594858701324742,False
2025-10-21,Historical,0.99,2024-10-15,2025-10-20,0.014975494296656401,0.014462612720954206,0.022424537374313422,True
2025-10-21,Gaussian,0.99,2024-10-15,2025-10-20,0.014975494296656401,0.010988668519044677,0.012715124912854934,True
2025-10-22,Historical,0.99,2024-10-16,2025-10-21,-0.00107703714256015,0.014950060837306673,0.022441839047340446,False
2025-10-22,Gaussian,0.99,2024-10-16,2025-10-21,-0.00107703714256015,0.011268115806417815,0.01302717182704536,False
2025-10-23,Historical,0.99,2024-10-17,2025-10-22,-0.0033098085872839246,0.014950060837306673,0.022441839047340446,False
2025-10-23,Gaussian,0.99,2024-10-17,2025-10-22,-0.0033098085872839246,0.011267127104377491,0.013023620256436651,False
2025-10-24,Historical,0.99,2024-10-18,2025-10-23,-0.0031170926559155746,0.014950060837306673,0.022441839047340446,False
2025-10-24,Gaussian,0.99,2024-10-18,2025-10-23,-0.0031170926559155746,0.011265959011773805,0.013023139826066113,False
2025-10-27,Historical,0.99,2024-10-21,2025-10-24,0.003674832698447175,0.014950060837306673,0.022441839047340446,False
2025-10-27,Gaussian,0.99,2024-10-21,2025-10-24,0.003674832698447175,0.011265955434202637,0.013023125104080272,False
2025-10-28,Historical,0.99,2024-10-22,2025-10-27,-0.00012226186930902518,0.014950060837306673,0.022441839047340446,False
2025-10-28,Gaussian,0.99,2024-10-22,2025-10-27,-0.00012226186930902518,0.011266457153266305,0.013023675584414881,False
2025-10-29,Historical,0.99,2024-10-23,2025-10-28,0.0010403718602589316,0.014950060837306673,0.022441839047340446,False
2025-10-29,Gaussian,0.99,2024-10-23,2025-10-28,0.0010403718602589316,0.01127304377128009,0.013030133308692977,False
2025-10-30,Historical,0.99,2024-10-24,2025-10-29,-0.0021757767016734003,0.014950060837306673,0.022441839047340446,False
2025-10-30,Gaussian,0.99,2024-10-24,2025-10-29,-0.0021757767016734003,0.011191224680879283,0.012940061024668882,False
2025-10-31,Historical,0.99,2024-10-25,2025-10-30,0.001696160013621475,0.014950060837306673,0.022441839047340446,False
2025-10-31,Gaussian,0.99,2024-10-25,2025-10-30,0.001696160013621475,0.011191780445882269,0.012940019382697187,False
2025-11-03,Historical,0.99,2024-10-28,2025-10-31,-0.00035025571277927495,0.014950060837306673,0.022441839047340446,False
2025-11-03,Gaussian,0.99,2024-10-28,2025-10-31,-0.00035025571277927495,0.011199143556628858,0.01294789530601806,False
2025-11-04,Historical,0.99,2024-10-29,2025-11-03,0.006652177106042975,0.014950060837306673,0.022441839047340446,False
2025-11-04,Gaussian,0.99,2024-10-29,2025-11-03,0.006652177106042975,0.01120261527333657,0.012951372712030843,False
2025-11-05,Historical,0.99,2024-10-30,2025-11-04,-0.004212276472651125,0.014950060837306673,0.022441839047340446,False
2025-11-05,Gaussian,0.99,2024-10-30,2025-11-04,-0.004212276472651125,0.011283994250678003,0.013040006408120027,False
2025-11-06,Historical,0.99,2024-10-31,2025-11-05,0.0028767750436668503,0.014950060837306673,0.022441839047340446,False
2025-11-06,Gaussian,0.99,2024-10-31,2025-11-05,0.0028767750436668503,0.011265868001114369,0.013022651476623447,False
2025-11-07,Historical,0.99,2024-11-01,2025-11-06,-0.000582576012986675,0.014950060837306673,0.022441839047340446,False
2025-11-07,Gaussian,0.99,2024-11-01,2025-11-06,-0.000582576012986675,0.011139783475047195,0.01288245398503638,False
2025-11-10,Historical,0.99,2024-11-04,2025-11-07,-0.013050128194302475,0.014950060837306673,0.022441839047340446,False
2025-11-10,Gaussian,0.99,2024-11-04,2025-11-07,-0.013050128194302475,0.011139796369360017,0.012882467063801622,False
2025-11-11,Historical,0.99,2024-11-05,2025-11-10,-0.0051510966562121,0.014950060837306673,0.022441839047340446,False
2025-11-11,Gaussian,0.99,2024-11-05,2025-11-10,-0.0051510966562121,0.01122679353174767,0.01298904007630267,False
2025-11-12,Historical,0.99,2024-11-06,2025-11-11,-0.0045347078839646495,0.014950060837306673,0.022441839047340446,False
2025-11-12,Gaussian,0.99,2024-11-06,2025-11-11,-0.0045347078839646495,0.011230482039035804,0.012994284837969033,False
2025-11-13,Historical,0.99,2024-11-07,2025-11-12,0.009498210161508473,0.014950060837306673,0.022441839047340446,False
2025-11-13,Gaussian,0.99,2024-11-07,2025-11-12,0.009498210161508473,0.011186453241985568,0.012948827541735127,False
2025-11-14,Historical,0.99,2024-11-08,2025-11-13,0.007837544112956726,0.014950060837306673,0.022441839047340446,False
2025-11-14,Gaussian,0.99,2024-11-08,2025-11-13,0.007837544112956726,0.011314716858200735,0.013086108344730804,False
2025-11-17,Historical,0.99,2024-11-11,2025-11-14,0.0054643003257272005,0.014950060837306673,0.022441839047340446,False
2025-11-17,Gaussian,0.99,2024-11-11,2025-11-14,0.0054643003257272005,0.01139497803707723,0.01317484512980912,False
2025-11-18,Historical,0.99,2024-11-12,2025-11-17,0.0030143599128501,0.014950060837306673,0.022441839047340446,False
2025-11-18,Gaussian,0.99,2024-11-12,2025-11-17,0.0030143599128501,0.011406329744242053,0.01318739365649854,False
2025-11-19,Historical,0.99,2024-11-13,2025-11-18,1.0225464159174954e-05,0.014950060837306673,0.022441839047340446,False
2025-11-19,Gaussian,0.99,2024-11-13,2025-11-18,1.0225464159174954e-05,0.01133957610608844,0.013113535522747952,False
2025-11-20,Historical,0.99,2024-11-14,2025-11-19,0.00283636632175945,0.014950060837306673,0.022441839047340446,False
2025-11-20,Gaussian,0.99,2024-11-14,2025-11-19,0.00283636632175945,0.011320458622773309,0.013093073956401162,False
2025-11-21,Historical,0.99,2024-11-15,2025-11-20,-0.00320965643118895,0.014950060837306673,0.022441839047340446,False
2025-11-21,Gaussian,0.99,2024-11-15,2025-11-20,-0.00320965643118895,0.011337453432268016,0.013111426681498603,False
2025-11-24,Historical,0.99,2024-11-18,2025-11-21,-0.00808790353108505,0.014950060837306673,0.022441839047340446,False
2025-11-24,Gaussian,0.99,2024-11-18,2025-11-21,-0.00808790353108505,0.011294122546152804,0.0130659102656327,False
2025-11-25,Historical,0.99,2024-11-19,2025-11-24,-0.004784552973233925,0.014950060837306673,0.022441839047340446,False
2025-11-25,Gaussian,0.99,2024-11-19,2025-11-24,-0.004784552973233925,0.011297323517023717,0.013069795367573132,False
2025-11-26,Historical,0.99,2024-11-20,2025-11-25,-0.006067101107786475,0.014950060837306673,0.022441839047340446,False
2025-11-26,Gaussian,0.99,2024-11-20,2025-11-25,-0.006067101107786475,0.011299716469554568,0.013073315787655164,False
2025-11-28,Historical,0.99,2024-11-21,2025-11-26,-0.00475513076122085,0.014950060837306673,0.022441839047340446,False
2025-11-28,Gaussian,0.99,2024-11-21,2025-11-26,-0.00475513076122085,0.011301748973672357,0.013078823399849778,False
2025-12-01,Historical,0.99,2024-11-22,2025-11-28,0.0019309254146822,0.014950060837306673,0.022441839047340446,False
2025-12-01,Gaussian,0.99,2024-11-22,2025-11-28,0.0019309254146822,0.011300026846828176,0.013076549514284774,False
2025-12-02,Historical,0.99,2024-11-25,2025-12-01,0.0008069119468079087,0.014950060837306673,0.022441839047340446,False
2025-12-02,Gaussian,0.99,2024-11-25,2025-12-01,0.0008069119468079087,0.011303951465408099,0.013075427972124057,False
2025-12-03,Historical,0.99,2024-11-26,2025-12-02,-0.0007792905881021249,0.014950060837306673,0.022441839047340446,False
2025-12-03,Gaussian,0.99,2024-11-26,2025-12-02,-0.0007792905881021249,0.011284158131524648,0.013054038758742737,False
2025-12-04,Historical,0.99,2024-11-27,2025-12-03,-0.00014314978752442493,0.014950060837306673,0.022441839047340446,False
2025-12-04,Gaussian,0.99,2024-11-27,2025-12-03,-0.00014314978752442493,0.011282397660077754,0.013052249473932237,False
2025-12-05,Historical,0.99,2024-11-29,2025-12-04,0.00160885164130525,0.014950060837306673,0.022441839047340446,False
2025-12-05,Gaussian,0.99,2024-11-29,2025-12-04,0.00160885164130525,0.011286650400492013,0.013056563000423618,False
2025-12-08,Historical,0.99,2024-12-02,2025-12-05,0.00261383916754085,0.014950060837306673,0.022441839047340446,False
2025-12-08,Gaussian,0.99,2024-12-02,2025-12-05,0.00261383916754085,0.011303126350993422,0.013071593621764008,False
2025-12-09,Historical,0.99,2024-12-03,2025-12-08,-0.0006213064659765999,0.014950060837306673,0.022441839047340446,False
2025-12-09,Gaussian,0.99,2024-12-03,2025-12-08,-0.0006213064659765999,0.011318453690539952,0.013088111523941362,False
2025-12-10,Historical,0.99,2024-12-04,2025-12-09,-0.003908428666059775,0.014950060837306673,0.022441839047340446,False
2025-12-10,Gaussian,0.99,2024-12-04,2025-12-09,-0.003908428666059775,0.011321018541723727,0.01309065271200775,False
2025-12-11,Historical,0.99,2024-12-05,2025-12-10,-0.0044732565607163,0.014950060837306673,0.022441839047340446,False
2025-12-11,Gaussian,0.99,2024-12-05,2025-12-10,-0.0044732565607163,0.011321381291890023,0.013091879196483162,False
2025-12-12,Historical,0.99,2024-12-06,2025-12-11,0.003337655495478225,0.014950060837306673,0.022441839047340446,False
2025-12-12,Gaussian,0.99,2024-12-06,2025-12-11,0.003337655495478225,0.011300592415214038,0.013071796122886965,False
2025-12-15,Historical,0.99,2024-12-09,2025-12-12,-0.0026869018614921244,0.014950060837306673,0.022441839047340446,False
2025-12-15,Gaussian,0.99,2024-12-09,2025-12-12,-0.0026869018614921244,0.011330469064171724,0.013103914242819247,False
2025-12-16,Historical,0.99,2024-12-10,2025-12-15,0.0015428455903595249,0.014950060837306673,0.022441839047340446,False
2025-12-16,Gaussian,0.99,2024-12-10,2025-12-15,0.0015428455903595249,0.011328030018814435,0.013101877413431502,False
2025-12-17,Historical,0.99,2024-12-11,2025-12-16,-0.0015075190036262748,0.014950060837306673,0.022441839047340446,False
2025-12-17,Gaussian,0.99,2024-12-11,2025-12-16,-0.0015075190036262748,0.011338413497073124,0.013112899911125351,False
2025-12-18,Historical,0.99,2024-12-12,2025-12-17,-0.0038044623989783753,0.014950060837306673,0.022441839047340446,False
2025-12-18,Gaussian,0.99,2024-12-12,2025-12-17,-0.0038044623989783753,0.011339228748147485,0.013112191510855114,False
2025-12-19,Historical,0.99,2024-12-13,2025-12-18,-0.0034389065532137,0.014950060837306673,0.022441839047340446,False
2025-12-19,Gaussian,0.99,2024-12-13,2025-12-18,-0.0034389065532137,0.01127119307024517,0.01303976275181351,False
2025-12-22,Historical,0.99,2024-12-16,2025-12-19,-0.006326617653997576,0.014950060837306673,0.022441839047340446,False
2025-12-22,Gaussian,0.99,2024-12-16,2025-12-19,-0.006326617653997576,0.011218684013882787,0.012984256308752396,False
2025-12-23,Historical,0.99,2024-12-17,2025-12-22,-0.004934544979074425,0.014950060837306673,0.022441839047340446,False
2025-12-23,Gaussian,0.99,2024-12-17,2025-12-22,-0.004934544979074425,0.011221383872913855,0.012990754218399413,False
2025-12-24,Historical,0.99,2024-12-18,2025-12-23,4.5455127431949884e-05,0.014950060837306673,0.022441839047340446,False
2025-12-24,Gaussian,0.99,2024-12-18,2025-12-23,4.5455127431949884e-05,0.01117867471743631,0.012947000471854011,False
2025-12-29,Historical,0.99,2024-12-19,2025-12-24,0.008548384592064525,0.014950060837306673,0.022441839047340446,False
2025-12-29,Gaussian,0.99,2024-12-19,2025-12-24,0.008548384592064525,0.010921555213510372,0.012660548497536402,False
2025-12-30,Historical,0.99,2024-12-20,2025-12-29,-0.0014592335479139253,0.014950060837306673,0.022441839047340446,False
2025-12-30,Gaussian,0.99,2024-12-20,2025-12-29,-0.0014592335479139253,0.011001784217919645,0.012749728713290009,False
2025-12-31,Historical,0.99,2024-12-23,2025-12-30,0.00451948557096305,0.014950060837306673,0.022441839047340446,False
2025-12-31,Gaussian,0.99,2024-12-23,2025-12-30,0.00451948557096305,0.01099924568280991,0.012744402771381598,False
2026-01-02,Historical,0.99,2024-12-24,2025-12-31,-0.00200427661368425,0.014950060837306673,0.022441839047340446,False
2026-01-02,Gaussian,0.99,2024-12-24,2025-12-31,-0.00200427661368425,0.011044345925704595,0.012793382375570752,False
2026-01-05,Historical,0.99,2024-12-27,2026-01-02,-0.01026547526898945,0.014950060837306673,0.022441839047340446,False
2026-01-05,Gaussian,0.99,2024-12-27,2026-01-02,-0.01026547526898945,0.011044073333728937,0.012791643564189938,False
2026-01-06,Historical,0.99,2024-12-30,2026-01-05,-0.0070220416471305,0.014950060837306673,0.022441839047340446,False
2026-01-06,Gaussian,0.99,2024-12-30,2026-01-05,-0.0070220416471305,0.011054902138410698,0.012811763325008553,False
2026-01-07,Historical,0.99,2024-12-31,2026-01-06,0.0046226002227503496,0.014950060837306673,0.022441839047340446,False
2026-01-07,Gaussian,0.99,2024-12-31,2026-01-06,0.0046226002227503496,0.011033815400884725,0.01279338045161094,False
2026-01-08,Historical,0.99,2025-01-02,2026-01-07,-0.0005612169756721312,0.014950060837306673,0.022441839047340446,False
2026-01-08,Gaussian,0.99,2025-01-02,2026-01-07,-0.0005612169756721312,0.011087247619216934,0.012850953246217666,False
2026-01-09,Historical,0.99,2025-01-03,2026-01-08,-0.005703875143938325,0.014950060837306673,0.022441839047340446,False
2026-01-09,Gaussian,0.99,2025-01-03,2026-01-08,-0.005703875143938325,0.011088491863919298,0.012849419292956812,False
2026-01-12,Historical,0.99,2025-01-06,2026-01-09,-0.0051611097114001,0.014950060837306673,0.022441839047340446,False
2026-01-12,Gaussian,0.99,2025-01-06,2026-01-09,-0.0051611097114001,0.011082603780950537,0.012846180461767717,False
2026-01-13,Historical,0.99,2025-01-07,2026-01-12,0.000609460728819325,0.014950060837306673,0.022441839047340446,False
2026-01-13,Gaussian,0.99,2025-01-07,2026-01-12,0.000609460728819325,0.01108340846989821,0.012849169045971737,False
2026-01-14,Historical,0.99,2025-01-08,2026-01-13,-0.0029004878972853244,0.014950060837306673,0.022441839047340446,False
2026-01-14,Gaussian,0.99,2025-01-08,2026-01-13,-0.0029004878972853244,0.011065580526834776,0.012829926787574995,False
2026-01-15,Historical,0.99,2025-01-10,2026-01-14,6.722429071214983e-05,0.014950060837306673,0.022441839047340446,False
2026-01-15,Gaussian,0.99,2025-01-10,2026-01-14,6.722429071214983e-05,0.011064898416024422,0.012829479242468522,False
2026-01-16,Historical,0.99,2025-01-13,2026-01-15,0.0024137591611504503,0.014950060837306673,0.022441839047340446,False
2026-01-16,Gaussian,0.99,2025-01-13,2026-01-15,0.0024137591611504503,0.01103535951167922,0.012797555949351995,False
2026-01-20,Historical,0.99,2025-01-14,2026-01-16,-0.0006619168664048752,0.014950060837306673,0.022441839047340446,False
2026-01-20,Gaussian,0.99,2025-01-14,2026-01-16,-0.0006619168664048752,0.011025943275260304,0.012787266074093778,False
2026-01-21,Historical,0.99,2025-01-15,2026-01-20,-0.007472238613436675,0.014950060837306673,0.022441839047340446,False
2026-01-21,Gaussian,0.99,2025-01-15,2026-01-20,-0.007472238613436675,0.011027401164097311,0.012788744521678847,False
2026-01-22,Historical,0.99,2025-01-16,2026-01-21,-0.0062573376942316504,0.014950060837306673,0.022441839047340446,False
2026-01-22,Gaussian,0.99,2025-01-16,2026-01-21,-0.0062573376942316504,0.010972776939453694,0.012723456546555474,False
2026-01-23,Historical,0.99,2025-01-17,2026-01-22,-0.0037706010009737,0.014950060837306673,0.022441839047340446,False
2026-01-23,Gaussian,0.99,2025-01-17,2026-01-22,-0.0037706010009737,0.01097942861044526,0.012732083030442563,False
2026-01-26,Historical,0.99,2025-01-21,2026-01-23,-0.005409060432157925,0.014950060837306673,0.022441839047340446,False
2026-01-26,Gaussian,0.99,2025-01-21,2026-01-23,-0.005409060432157925,0.010977705099160793,0.012729546183355265,False
2026-01-27,Historical,0.99,2025-01-22,2026-01-26,-0.008318176741475575,0.014950060837306673,0.022441839047340446,False
2026-01-27,Gaussian,0.99,2025-01-22,2026-01-26,-0.008318176741475575,0.010960056503741798,0.012707718993167595,False
2026-01-28,Historical,0.99,2025-01-23,2026-01-27,-0.008156710096048351,0.014950060837306673,0.022441839047340446,False
2026-01-28,Gaussian,0.99,2025-01-23,2026-01-27,-0.008156710096048351,0.01098189242530137,0.012736371542592259,False
2026-01-29,Historical,0.99,2025-01-24,2026-01-28,-0.0010432627106411248,0.014950060837306673,0.022441839047340446,False
2026-01-29,Gaussian,0.99,2025-01-24,2026-01-28,-0.0010432627106411248,0.01099803375749363,0.012759083958283984,False
2026-01-30,Historical,0.99,2025-01-27,2026-01-29,0.02564665127071425,0.014950060837306673,0.022441839047340446,True
2026-01-30,Gaussian,0.99,2025-01-27,2026-01-29,0.02564665127071425,0.010989731610825358,0.012750458499815544,True
2026-02-02,Historical,0.99,2025-01-28,2026-01-30,0.007079506557838324,0.01747913375403453,0.025998891372026395,False
2026-02-02,Gaussian,0.99,2025-01-28,2026-01-30,0.007079506557838324,0.011671617319202299,0.013519399610227894,False
2026-02-03,Historical,0.99,2025-01-29,2026-02-02,-0.013378844068206799,0.01747913375403453,0.025998891372026395,False
2026-02-03,Gaussian,0.99,2025-01-29,2026-02-02,-0.013378844068206799,0.011760629368211995,0.013614116037553832,False
2026-02-04,Historical,0.99,2025-01-30,2026-02-03,-0.0006291094184032002,0.01747913375403453,0.025998891372026395,False
2026-02-04,Gaussian,0.99,2025-01-30,2026-02-03,-0.0006291094184032002,0.011824294099001705,0.013695854900770677,False
2026-02-05,Historical,0.99,2025-01-31,2026-02-04,0.0104923491281774,0.01747913375403453,0.025998891372026395,False
2026-02-05,Gaussian,0.99,2025-01-31,2026-02-04,0.0104923491281774,0.01181050831346303,0.013675622994561506,False
2026-02-06,Historical,0.99,2025-02-03,2026-02-05,-0.0140765745401558,0.01747913375403453,0.025998891372026395,False
2026-02-06,Gaussian,0.99,2025-02-03,2026-02-05,-0.0140765745401558,0.01196047045784192,0.013841541116619411,False
2026-02-09,Historical,0.99,2025-02-04,2026-02-06,-0.00797091455424055,0.01747913375403453,0.025998891372026395,False
2026-02-09,Gaussian,0.99,2025-02-04,2026-02-06,-0.00797091455424055,0.012022354191250003,0.013922386220716338,False
2026-02-10,Historical,0.99,2025-02-05,2026-02-09,0.002991508271762875,0.01747913375403453,0.025998891372026395,False
2026-02-10,Gaussian,0.99,2025-02-05,2026-02-09,0.002991508271762875,0.01203852321370467,0.013942924000662944,False
2026-02-11,Historical,0.99,2025-02-06,2026-02-10,-0.0049724153308351275,0.01747913375403453,0.025998891372026395,False
2026-02-11,Gaussian,0.99,2025-02-06,2026-02-10,-0.0049724153308351275,0.01206911656076851,0.01397301895963943,False
2026-02-12,Historical,0.99,2025-02-07,2026-02-11,0.012728608088332025,0.01747913375403453,0.025998891372026395,False
2026-02-12,Gaussian,0.99,2025-02-07,2026-02-11,0.012728608088332025,0.012070978539633117,0.013976319071372107,True
2026-02-13,Historical,0.99,2025-02-10,2026-02-12,-0.0083829772148923,0.01747913375403453,0.025998891372026395,False
2026-02-13,Gaussian,0.99,2025-02-10,2026-02-12,-0.0083829772148923,0.012246583950169946,0.014172136814941156,False
2026-02-17,Historical,0.99,2025-02-11,2026-02-13,0.004932757149349125,0.01747913375403453,0.025998891372026395,False
2026-02-17,Gaussian,0.99,2025-02-11,2026-02-13,0.004932757149349125,0.012251125070917575,0.01417768331416485,False
2026-02-18,Historical,0.99,2025-02-12,2026-02-17,-0.0095783695124242,0.01747913375403453,0.025998891372026395,False
2026-02-18,Gaussian,0.99,2025-02-12,2026-02-17,-0.0095783695124242,0.012290787446373437,0.014220947335635158,False
2026-02-19,Historical,0.99,2025-02-13,2026-02-18,0.001160286701175775,0.01747913375403453,0.025998891372026395,False
2026-02-19,Gaussian,0.99,2025-02-13,2026-02-18,0.001160286701175775,0.01230359269439856,0.01424194885879161,False
2026-02-20,Historical,0.99,2025-02-14,2026-02-19,-0.0080727129746963,0.01747913375403453,0.025998891372026395,False
2026-02-20,Gaussian,0.99,2025-02-14,2026-02-19,-0.0080727129746963,0.012316567864443101,0.014252799165057943,False
2026-02-23,Historical,0.99,2025-02-18,2026-02-20,-0.005007223954734224,0.01747913375403453,0.025998891372026395,False
2026-02-23,Gaussian,0.99,2025-02-18,2026-02-20,-0.005007223954734224,0.01229340906448234,0.01423307117528253,False
2026-02-24,Historical,0.99,2025-02-19,2026-02-23,0.0016990840139754747,0.01747913375403453,0.025998891372026395,False
2026-02-24,Gaussian,0.99,2025-02-19,2026-02-23,0.0016990840139754747,0.012294640206196096,0.014234840643934075,False
2026-02-25,Historical,0.99,2025-02-20,2026-02-24,-0.0041465758311726,0.01747913375403453,0.025998891372026395,False
2026-02-25,Gaussian,0.99,2025-02-20,2026-02-24,-0.0041465758311726,0.012304171965972648,0.014245009078920214,False
2026-02-26,Historical,0.99,2025-02-21,2026-02-25,-0.00240266674651125,0.01747913375403453,0.025998891372026395,False
2026-02-26,Gaussian,0.99,2025-02-21,2026-02-25,-0.00240266674651125,0.012281204168754648,0.014222197682530286,False
2026-02-27,Historical,0.99,2025-02-24,2026-02-26,-0.004669767209485775,0.01747913375403453,0.025998891372026395,False
2026-02-27,Gaussian,0.99,2025-02-24,2026-02-26,-0.004669767209485775,0.012246323638873697,0.014185456813489393,False
2026-03-02,Historical,0.99,2025-02-25,2026-02-27,0.0011625829243811499,0.01747913375403453,0.025998891372026395,False
2026-03-02,Gaussian,0.99,2025-02-25,2026-02-27,0.0011625829243811499,0.012240587561455341,0.014181234844705001,False
2026-03-03,Historical,0.99,2025-02-26,2026-03-02,0.020661718525840974,0.01747913375403453,0.025998891372026395,True
2026-03-03,Gaussian,0.99,2025-02-26,2026-03-02,0.020661718525840974,0.01223159750245952,0.014171549602296597,True
2026-03-04,Historical,0.99,2025-02-27,2026-03-03,-0.005371627815765525,0.020280926171413673,0.026257933790004146,False
2026-03-04,Gaussian,0.99,2025-02-27,2026-03-03,-0.005371627815765525,0.012701993423222053,0.01469672928331327,False
2026-03-05,Historical,0.99,2025-02-28,2026-03-04,0.00882926059498405,0.020280926171413673,0.026257933790004146,False
2026-03-05,Gaussian,0.99,2025-02-28,2026-03-04,0.00882926059498405,0.01261037986008064,0.014599188260259967,False
